File,Line,Message
_site/assets/from-html-to-list-of-words-1/obo-t17800628-33.html,81,internal image i/genericThumb.jpg does not exist
_site/assets/from-html-to-list-of-words-1/obo-t17800628-33.html,81,internal image i/genericThumb.jpg does not exist
_site/assets/from-html-to-list-of-words-1/obo-t17800628-33.html,81,internal image i/genericThumb.jpg does not exist
_site/assets/from-html-to-list-of-words-1/obo-t17800628-33.html,81,internal image i/genericThumb.jpg does not exist
_site/assets/from-html-to-list-of-words-1/obo-t17800628-33.html,81,internal image i/genericThumb.jpg does not exist
_site/assets/normaliser-donnees-textuelles-python/obo-t17800628-33.html,81,internal image i/genericThumb.jpg does not exist
_site/assets/normaliser-donnees-textuelles-python/obo-t17800628-33.html,81,internal image i/genericThumb.jpg does not exist
_site/assets/normaliser-donnees-textuelles-python/obo-t17800628-33.html,81,internal image i/genericThumb.jpg does not exist
_site/assets/normaliser-donnees-textuelles-python/obo-t17800628-33.html,81,internal image i/genericThumb.jpg does not exist
_site/assets/normaliser-donnees-textuelles-python/obo-t17800628-33.html,81,internal image i/genericThumb.jpg does not exist
_site/assets/sustainable-authorship-in-plain-text-using-pandoc-and-markdown/sample.html,14,internal image your_image.jpg does not exist
_site/blog/page10/index.html,286,image /images/blog/welcome-ph-fr/welcome-ph-fr.png does not have an alt attribute
_site/blog/page10/index.html,306,image /images/blog/welcome-ph-fr/welcome-ph-fr.png does not have an alt attribute
_site/blog/page10/index.html,326,image /images/blog/PH-contributors/EditorsMap2019.jpg does not have an alt attribute
_site/blog/page11/index.html,337,image /images/blog/bogota-workshop-report/Bogota1.png does not have an alt attribute
_site/en/lessons/retired/OCR-with-Tesseract-and-ScanTailor.html,276,internal image /gallery/OCR-with-Tesseract-and-ScanTailor.png does not exist
_site/es/donaciones.html,250,image /images/website/individual/red-bird-on-branch.png does not have an alt attribute
_site/es/index.html,252,image /images/website/index/woman-using-tabulator.png does not have an alt attribute
_site/es/pia.html,250,image /images/website/ipp/bird-with-eggs-nest.png does not have an alt attribute
_site/fr/consignes-auteurs.html,250,image /images/website/woman-at-writing-desk.png does not have an alt attribute
_site/fr/dons.html,250,image /images/website/individual/red-bird-on-branch.png does not have an alt attribute
_site/fr/index.html,249,image /images/website/index/woman-using-tabulator.png does not have an alt attribute
_site/fr/pi.html,250,image /images/website/ipp/bird-with-eggs-nest.png does not have an alt attribute
_site/posts/PH-contributors.html,279,image /images/blog/PH-contributors/EditorsMap2019.jpg does not have an alt attribute
_site/posts/PH-contributors.html,285,image /images/blog/PH-contributors/Authors-TranslatorsMap2019.jpg does not have an alt attribute
_site/posts/PH-contributors.html,289,image /images/blog/2019-04-06-newsletter/ReadersMap2019.jpg does not have an alt attribute
_site/posts/bienvenue-ph-fr.html,277,image /images/blog/welcome-ph-fr/welcome-ph-fr.png does not have an alt attribute
_site/posts/bogota-workshop-report.html,279,image /images/blog/bogota-workshop-report/Bogota1.png does not have an alt attribute
_site/posts/bogota-workshop-report.html,291,image /images/blog/bogota-workshop-report/Bogota2.png does not have an alt attribute
_site/posts/bogota-workshop-report.html,309,image /images/blog/bogota-workshop-report/Bogota2.png does not have an alt attribute
_site/posts/corpus-linguistics-in-action.html,347,image /images/blog/corpus-linguistics-in-action/Image_2_David_Copperfield_fireplace.jpg does not have an alt attribute
_site/posts/corpus-linguistics-in-action.html,350,image /images/blog/corpus-linguistics-in-action/Image_1_mr_dombey_and_the_world.jpg does not have an alt attribute
_site/posts/welcome-ph-fr.html,277,image /images/blog/welcome-ph-fr/welcome-ph-fr.png does not have an alt attribute
_site/pt/index.html,251,image /images/website/index/woman-using-tabulator.png does not have an alt attribute
_site/404.html,86,'a' tag is missing a reference
_site/404.html,105,'a' tag is missing a reference
_site/404.html,142,'a' tag is missing a reference
_site/404.html,168,'a' tag is missing a reference
_site/assets/from-html-to-list-of-words-1/obo-t17800628-33.html,81,'a' tag is missing a reference
_site/assets/from-html-to-list-of-words-1/obo-t17800628-33.html,81,'a' tag is missing a reference
_site/assets/from-html-to-list-of-words-1/obo-t17800628-33.html,81,'a' tag is missing a reference
_site/assets/from-html-to-list-of-words-1/obo-t17800628-33.html,81,'a' tag is missing a reference
_site/assets/from-html-to-list-of-words-1/obo-t17800628-33.html,81,'a' tag is missing a reference
_site/assets/from-html-to-list-of-words-1/obo-t17800628-33.html,81,'a' tag is missing a reference
_site/assets/from-html-to-list-of-words-1/obo-t17800628-33.html,81,'a' tag is missing a reference
_site/assets/from-html-to-list-of-words-1/obo-t17800628-33.html,81,'a' tag is missing a reference
_site/assets/from-html-to-list-of-words-1/obo-t17800628-33.html,81,'a' tag is missing a reference
_site/assets/from-html-to-list-of-words-1/obo-t17800628-33.html,81,'a' tag is missing a reference
_site/assets/from-html-to-list-of-words-1/obo-t17800628-33.html,81,'a' tag is missing a reference
_site/assets/from-html-to-list-of-words-1/obo-t17800628-33.html,81,'a' tag is missing a reference
_site/assets/normaliser-donnees-textuelles-python/obo-t17800628-33.html,81,'a' tag is missing a reference
_site/assets/normaliser-donnees-textuelles-python/obo-t17800628-33.html,81,'a' tag is missing a reference
_site/assets/normaliser-donnees-textuelles-python/obo-t17800628-33.html,81,'a' tag is missing a reference
_site/assets/normaliser-donnees-textuelles-python/obo-t17800628-33.html,81,'a' tag is missing a reference
_site/assets/normaliser-donnees-textuelles-python/obo-t17800628-33.html,81,'a' tag is missing a reference
_site/assets/normaliser-donnees-textuelles-python/obo-t17800628-33.html,81,'a' tag is missing a reference
_site/assets/normaliser-donnees-textuelles-python/obo-t17800628-33.html,81,'a' tag is missing a reference
_site/assets/normaliser-donnees-textuelles-python/obo-t17800628-33.html,81,'a' tag is missing a reference
_site/assets/normaliser-donnees-textuelles-python/obo-t17800628-33.html,81,'a' tag is missing a reference
_site/assets/normaliser-donnees-textuelles-python/obo-t17800628-33.html,81,'a' tag is missing a reference
_site/assets/normaliser-donnees-textuelles-python/obo-t17800628-33.html,81,'a' tag is missing a reference
_site/assets/normaliser-donnees-textuelles-python/obo-t17800628-33.html,81,'a' tag is missing a reference
_site/blog/index.html,86,'a' tag is missing a reference
_site/blog/index.html,105,'a' tag is missing a reference
_site/blog/index.html,142,'a' tag is missing a reference
_site/blog/index.html,168,'a' tag is missing a reference
_site/blog/page10/index.html,86,'a' tag is missing a reference
_site/blog/page10/index.html,105,'a' tag is missing a reference
_site/blog/page10/index.html,142,'a' tag is missing a reference
_site/blog/page10/index.html,168,'a' tag is missing a reference
_site/blog/page11/index.html,86,'a' tag is missing a reference
_site/blog/page11/index.html,105,'a' tag is missing a reference
_site/blog/page11/index.html,142,'a' tag is missing a reference
_site/blog/page11/index.html,168,'a' tag is missing a reference
_site/blog/page12/index.html,86,'a' tag is missing a reference
_site/blog/page12/index.html,105,'a' tag is missing a reference
_site/blog/page12/index.html,142,'a' tag is missing a reference
_site/blog/page12/index.html,168,'a' tag is missing a reference
_site/blog/page13/index.html,86,'a' tag is missing a reference
_site/blog/page13/index.html,105,'a' tag is missing a reference
_site/blog/page13/index.html,142,'a' tag is missing a reference
_site/blog/page13/index.html,168,'a' tag is missing a reference
_site/blog/page14/index.html,86,'a' tag is missing a reference
_site/blog/page14/index.html,105,'a' tag is missing a reference
_site/blog/page14/index.html,142,'a' tag is missing a reference
_site/blog/page14/index.html,168,'a' tag is missing a reference
_site/blog/page15/index.html,86,'a' tag is missing a reference
_site/blog/page15/index.html,105,'a' tag is missing a reference
_site/blog/page15/index.html,142,'a' tag is missing a reference
_site/blog/page15/index.html,168,'a' tag is missing a reference
_site/blog/page16/index.html,86,'a' tag is missing a reference
_site/blog/page16/index.html,105,'a' tag is missing a reference
_site/blog/page16/index.html,142,'a' tag is missing a reference
_site/blog/page16/index.html,168,'a' tag is missing a reference
_site/blog/page16/index.html,366,'a' tag is missing a reference
_site/blog/page17/index.html,86,'a' tag is missing a reference
_site/blog/page17/index.html,105,'a' tag is missing a reference
_site/blog/page17/index.html,142,'a' tag is missing a reference
_site/blog/page17/index.html,168,'a' tag is missing a reference
_site/blog/page2/index.html,86,'a' tag is missing a reference
_site/blog/page2/index.html,105,'a' tag is missing a reference
_site/blog/page2/index.html,142,'a' tag is missing a reference
_site/blog/page2/index.html,168,'a' tag is missing a reference
_site/blog/page3/index.html,86,'a' tag is missing a reference
_site/blog/page3/index.html,105,'a' tag is missing a reference
_site/blog/page3/index.html,142,'a' tag is missing a reference
_site/blog/page3/index.html,168,'a' tag is missing a reference
_site/blog/page4/index.html,86,'a' tag is missing a reference
_site/blog/page4/index.html,105,'a' tag is missing a reference
_site/blog/page4/index.html,142,'a' tag is missing a reference
_site/blog/page4/index.html,168,'a' tag is missing a reference
_site/blog/page5/index.html,86,'a' tag is missing a reference
_site/blog/page5/index.html,105,'a' tag is missing a reference
_site/blog/page5/index.html,142,'a' tag is missing a reference
_site/blog/page5/index.html,168,'a' tag is missing a reference
_site/blog/page6/index.html,86,'a' tag is missing a reference
_site/blog/page6/index.html,105,'a' tag is missing a reference
_site/blog/page6/index.html,142,'a' tag is missing a reference
_site/blog/page6/index.html,168,'a' tag is missing a reference
_site/blog/page7/index.html,86,'a' tag is missing a reference
_site/blog/page7/index.html,105,'a' tag is missing a reference
_site/blog/page7/index.html,142,'a' tag is missing a reference
_site/blog/page7/index.html,168,'a' tag is missing a reference
_site/blog/page8/index.html,86,'a' tag is missing a reference
_site/blog/page8/index.html,105,'a' tag is missing a reference
_site/blog/page8/index.html,142,'a' tag is missing a reference
_site/blog/page8/index.html,168,'a' tag is missing a reference
_site/blog/page9/index.html,86,'a' tag is missing a reference
_site/blog/page9/index.html,105,'a' tag is missing a reference
_site/blog/page9/index.html,142,'a' tag is missing a reference
_site/blog/page9/index.html,168,'a' tag is missing a reference
_site/en/about.html,86,'a' tag is missing a reference
_site/en/about.html,105,'a' tag is missing a reference
_site/en/about.html,142,'a' tag is missing a reference
_site/en/about.html,168,'a' tag is missing a reference
_site/en/author-guidelines.html,86,'a' tag is missing a reference
_site/en/author-guidelines.html,105,'a' tag is missing a reference
_site/en/author-guidelines.html,142,'a' tag is missing a reference
_site/en/author-guidelines.html,168,'a' tag is missing a reference
_site/en/contribute.html,86,'a' tag is missing a reference
_site/en/contribute.html,105,'a' tag is missing a reference
_site/en/contribute.html,142,'a' tag is missing a reference
_site/en/contribute.html,168,'a' tag is missing a reference
_site/en/editor-guidelines.html,86,'a' tag is missing a reference
_site/en/editor-guidelines.html,105,'a' tag is missing a reference
_site/en/editor-guidelines.html,142,'a' tag is missing a reference
_site/en/editor-guidelines.html,168,'a' tag is missing a reference
_site/en/events.html,86,'a' tag is missing a reference
_site/en/events.html,105,'a' tag is missing a reference
_site/en/events.html,142,'a' tag is missing a reference
_site/en/events.html,168,'a' tag is missing a reference
_site/en/feedback.html,86,'a' tag is missing a reference
_site/en/feedback.html,105,'a' tag is missing a reference
_site/en/feedback.html,142,'a' tag is missing a reference
_site/en/feedback.html,168,'a' tag is missing a reference
_site/en/index.html,87,'a' tag is missing a reference
_site/en/index.html,106,'a' tag is missing a reference
_site/en/index.html,143,'a' tag is missing a reference
_site/en/index.html,169,'a' tag is missing a reference
_site/en/individual.html,86,'a' tag is missing a reference
_site/en/individual.html,105,'a' tag is missing a reference
_site/en/individual.html,142,'a' tag is missing a reference
_site/en/individual.html,168,'a' tag is missing a reference
_site/en/ipp.html,86,'a' tag is missing a reference
_site/en/ipp.html,105,'a' tag is missing a reference
_site/en/ipp.html,142,'a' tag is missing a reference
_site/en/ipp.html,168,'a' tag is missing a reference
_site/en/jisc-tna-partnership.html,86,'a' tag is missing a reference
_site/en/jisc-tna-partnership.html,105,'a' tag is missing a reference
_site/en/jisc-tna-partnership.html,142,'a' tag is missing a reference
_site/en/jisc-tna-partnership.html,168,'a' tag is missing a reference
_site/en/lesson-retirement-policy.html,86,'a' tag is missing a reference
_site/en/lesson-retirement-policy.html,105,'a' tag is missing a reference
_site/en/lesson-retirement-policy.html,142,'a' tag is missing a reference
_site/en/lesson-retirement-policy.html,168,'a' tag is missing a reference
_site/en/lessons/analyzing-documents-with-tfidf.html,133,'a' tag is missing a reference
_site/en/lessons/analyzing-documents-with-tfidf.html,152,'a' tag is missing a reference
_site/en/lessons/analyzing-documents-with-tfidf.html,189,'a' tag is missing a reference
_site/en/lessons/analyzing-documents-with-tfidf.html,215,'a' tag is missing a reference
_site/en/lessons/analyzing-multilingual-text-nltk-spacy-stanza.html,117,'a' tag is missing a reference
_site/en/lessons/analyzing-multilingual-text-nltk-spacy-stanza.html,136,'a' tag is missing a reference
_site/en/lessons/analyzing-multilingual-text-nltk-spacy-stanza.html,173,'a' tag is missing a reference
_site/en/lessons/analyzing-multilingual-text-nltk-spacy-stanza.html,199,'a' tag is missing a reference
_site/en/lessons/applied-archival-downloading-with-wget.html,117,'a' tag is missing a reference
_site/en/lessons/applied-archival-downloading-with-wget.html,136,'a' tag is missing a reference
_site/en/lessons/applied-archival-downloading-with-wget.html,173,'a' tag is missing a reference
_site/en/lessons/applied-archival-downloading-with-wget.html,199,'a' tag is missing a reference
_site/en/lessons/automated-downloading-with-wget.html,117,'a' tag is missing a reference
_site/en/lessons/automated-downloading-with-wget.html,136,'a' tag is missing a reference
_site/en/lessons/automated-downloading-with-wget.html,173,'a' tag is missing a reference
_site/en/lessons/automated-downloading-with-wget.html,199,'a' tag is missing a reference
_site/en/lessons/basic-text-processing-in-r.html,123,'a' tag is missing a reference
_site/en/lessons/basic-text-processing-in-r.html,142,'a' tag is missing a reference
_site/en/lessons/basic-text-processing-in-r.html,179,'a' tag is missing a reference
_site/en/lessons/basic-text-processing-in-r.html,205,'a' tag is missing a reference
_site/en/lessons/beginners-guide-to-twitter-data.html,124,'a' tag is missing a reference
_site/en/lessons/beginners-guide-to-twitter-data.html,143,'a' tag is missing a reference
_site/en/lessons/beginners-guide-to-twitter-data.html,180,'a' tag is missing a reference
_site/en/lessons/beginners-guide-to-twitter-data.html,206,'a' tag is missing a reference
_site/en/lessons/building-static-sites-with-jekyll-github-pages.html,117,'a' tag is missing a reference
_site/en/lessons/building-static-sites-with-jekyll-github-pages.html,136,'a' tag is missing a reference
_site/en/lessons/building-static-sites-with-jekyll-github-pages.html,173,'a' tag is missing a reference
_site/en/lessons/building-static-sites-with-jekyll-github-pages.html,199,'a' tag is missing a reference
_site/en/lessons/calibrating-radiocarbon-dates-r.html,137,'a' tag is missing a reference
_site/en/lessons/calibrating-radiocarbon-dates-r.html,156,'a' tag is missing a reference
_site/en/lessons/calibrating-radiocarbon-dates-r.html,193,'a' tag is missing a reference
_site/en/lessons/calibrating-radiocarbon-dates-r.html,219,'a' tag is missing a reference
_site/en/lessons/cleaning-data-with-openrefine.html,121,'a' tag is missing a reference
_site/en/lessons/cleaning-data-with-openrefine.html,140,'a' tag is missing a reference
_site/en/lessons/cleaning-data-with-openrefine.html,177,'a' tag is missing a reference
_site/en/lessons/cleaning-data-with-openrefine.html,203,'a' tag is missing a reference
_site/en/lessons/cleaning-ocrd-text-with-regular-expressions.html,117,'a' tag is missing a reference
_site/en/lessons/cleaning-ocrd-text-with-regular-expressions.html,136,'a' tag is missing a reference
_site/en/lessons/cleaning-ocrd-text-with-regular-expressions.html,173,'a' tag is missing a reference
_site/en/lessons/cleaning-ocrd-text-with-regular-expressions.html,199,'a' tag is missing a reference
_site/en/lessons/clustering-visualizing-word-embeddings.html,135,'a' tag is missing a reference
_site/en/lessons/clustering-visualizing-word-embeddings.html,154,'a' tag is missing a reference
_site/en/lessons/clustering-visualizing-word-embeddings.html,191,'a' tag is missing a reference
_site/en/lessons/clustering-visualizing-word-embeddings.html,217,'a' tag is missing a reference
_site/en/lessons/clustering-with-scikit-learn-in-python.html,133,'a' tag is missing a reference
_site/en/lessons/clustering-with-scikit-learn-in-python.html,152,'a' tag is missing a reference
_site/en/lessons/clustering-with-scikit-learn-in-python.html,189,'a' tag is missing a reference
_site/en/lessons/clustering-with-scikit-learn-in-python.html,215,'a' tag is missing a reference
_site/en/lessons/code-reuse-and-modularity.html,119,'a' tag is missing a reference
_site/en/lessons/code-reuse-and-modularity.html,138,'a' tag is missing a reference
_site/en/lessons/code-reuse-and-modularity.html,175,'a' tag is missing a reference
_site/en/lessons/code-reuse-and-modularity.html,201,'a' tag is missing a reference
_site/en/lessons/collaborative-blog-with-jekyll-github.html,121,'a' tag is missing a reference
_site/en/lessons/collaborative-blog-with-jekyll-github.html,140,'a' tag is missing a reference
_site/en/lessons/collaborative-blog-with-jekyll-github.html,177,'a' tag is missing a reference
_site/en/lessons/collaborative-blog-with-jekyll-github.html,203,'a' tag is missing a reference
_site/en/lessons/collaborative-blog-with-jekyll-github.html,588,'a' tag is missing a reference
_site/en/lessons/collaborative-blog-with-jekyll-github.html,901,'a' tag is missing a reference
_site/en/lessons/collaborative-blog-with-jekyll-github.html,1394,'a' tag is missing a reference
_site/en/lessons/common-similarity-measures.html,133,'a' tag is missing a reference
_site/en/lessons/common-similarity-measures.html,152,'a' tag is missing a reference
_site/en/lessons/common-similarity-measures.html,189,'a' tag is missing a reference
_site/en/lessons/common-similarity-measures.html,215,'a' tag is missing a reference
_site/en/lessons/computer-vision-deep-learning-pt1.html,141,'a' tag is missing a reference
_site/en/lessons/computer-vision-deep-learning-pt1.html,160,'a' tag is missing a reference
_site/en/lessons/computer-vision-deep-learning-pt1.html,197,'a' tag is missing a reference
_site/en/lessons/computer-vision-deep-learning-pt1.html,223,'a' tag is missing a reference
_site/en/lessons/computer-vision-deep-learning-pt2.html,141,'a' tag is missing a reference
_site/en/lessons/computer-vision-deep-learning-pt2.html,160,'a' tag is missing a reference
_site/en/lessons/computer-vision-deep-learning-pt2.html,197,'a' tag is missing a reference
_site/en/lessons/computer-vision-deep-learning-pt2.html,223,'a' tag is missing a reference
_site/en/lessons/corpus-analysis-with-antconc.html,117,'a' tag is missing a reference
_site/en/lessons/corpus-analysis-with-antconc.html,136,'a' tag is missing a reference
_site/en/lessons/corpus-analysis-with-antconc.html,173,'a' tag is missing a reference
_site/en/lessons/corpus-analysis-with-antconc.html,199,'a' tag is missing a reference
_site/en/lessons/corpus-analysis-with-spacy.html,117,'a' tag is missing a reference
_site/en/lessons/corpus-analysis-with-spacy.html,136,'a' tag is missing a reference
_site/en/lessons/corpus-analysis-with-spacy.html,173,'a' tag is missing a reference
_site/en/lessons/corpus-analysis-with-spacy.html,199,'a' tag is missing a reference
_site/en/lessons/correspondence-analysis-in-R.html,137,'a' tag is missing a reference
_site/en/lessons/correspondence-analysis-in-R.html,156,'a' tag is missing a reference
_site/en/lessons/correspondence-analysis-in-R.html,193,'a' tag is missing a reference
_site/en/lessons/correspondence-analysis-in-R.html,219,'a' tag is missing a reference
_site/en/lessons/counting-frequencies.html,119,'a' tag is missing a reference
_site/en/lessons/counting-frequencies.html,138,'a' tag is missing a reference
_site/en/lessons/counting-frequencies.html,175,'a' tag is missing a reference
_site/en/lessons/counting-frequencies.html,201,'a' tag is missing a reference
_site/en/lessons/creating-an-omeka-exhibit.html,119,'a' tag is missing a reference
_site/en/lessons/creating-an-omeka-exhibit.html,138,'a' tag is missing a reference
_site/en/lessons/creating-an-omeka-exhibit.html,175,'a' tag is missing a reference
_site/en/lessons/creating-an-omeka-exhibit.html,201,'a' tag is missing a reference
_site/en/lessons/creating-and-viewing-html-files-with-python.html,119,'a' tag is missing a reference
_site/en/lessons/creating-and-viewing-html-files-with-python.html,138,'a' tag is missing a reference
_site/en/lessons/creating-and-viewing-html-files-with-python.html,175,'a' tag is missing a reference
_site/en/lessons/creating-and-viewing-html-files-with-python.html,201,'a' tag is missing a reference
_site/en/lessons/creating-apis-with-python-and-flask.html,120,'a' tag is missing a reference
_site/en/lessons/creating-apis-with-python-and-flask.html,139,'a' tag is missing a reference
_site/en/lessons/creating-apis-with-python-and-flask.html,176,'a' tag is missing a reference
_site/en/lessons/creating-apis-with-python-and-flask.html,202,'a' tag is missing a reference
_site/en/lessons/creating-guis-in-python-for-digital-humanities-projects.html,117,'a' tag is missing a reference
_site/en/lessons/creating-guis-in-python-for-digital-humanities-projects.html,136,'a' tag is missing a reference
_site/en/lessons/creating-guis-in-python-for-digital-humanities-projects.html,173,'a' tag is missing a reference
_site/en/lessons/creating-guis-in-python-for-digital-humanities-projects.html,199,'a' tag is missing a reference
_site/en/lessons/creating-mobile-augmented-reality-experiences-in-unity.html,117,'a' tag is missing a reference
_site/en/lessons/creating-mobile-augmented-reality-experiences-in-unity.html,136,'a' tag is missing a reference
_site/en/lessons/creating-mobile-augmented-reality-experiences-in-unity.html,173,'a' tag is missing a reference
_site/en/lessons/creating-mobile-augmented-reality-experiences-in-unity.html,199,'a' tag is missing a reference
_site/en/lessons/creating-network-diagrams-from-historical-sources.html,117,'a' tag is missing a reference
_site/en/lessons/creating-network-diagrams-from-historical-sources.html,136,'a' tag is missing a reference
_site/en/lessons/creating-network-diagrams-from-historical-sources.html,173,'a' tag is missing a reference
_site/en/lessons/creating-network-diagrams-from-historical-sources.html,199,'a' tag is missing a reference
_site/en/lessons/crowdsourced-data-normalization-with-pandas.html,117,'a' tag is missing a reference
_site/en/lessons/crowdsourced-data-normalization-with-pandas.html,136,'a' tag is missing a reference
_site/en/lessons/crowdsourced-data-normalization-with-pandas.html,173,'a' tag is missing a reference
_site/en/lessons/crowdsourced-data-normalization-with-pandas.html,199,'a' tag is missing a reference
_site/en/lessons/data-mining-the-internet-archive.html,117,'a' tag is missing a reference
_site/en/lessons/data-mining-the-internet-archive.html,136,'a' tag is missing a reference
_site/en/lessons/data-mining-the-internet-archive.html,173,'a' tag is missing a reference
_site/en/lessons/data-mining-the-internet-archive.html,199,'a' tag is missing a reference
_site/en/lessons/data-wrangling-and-management-in-r.html,117,'a' tag is missing a reference
_site/en/lessons/data-wrangling-and-management-in-r.html,136,'a' tag is missing a reference
_site/en/lessons/data-wrangling-and-management-in-r.html,173,'a' tag is missing a reference
_site/en/lessons/data-wrangling-and-management-in-r.html,199,'a' tag is missing a reference
_site/en/lessons/dealing-with-big-data-and-network-analysis-using-neo4j.html,117,'a' tag is missing a reference
_site/en/lessons/dealing-with-big-data-and-network-analysis-using-neo4j.html,136,'a' tag is missing a reference
_site/en/lessons/dealing-with-big-data-and-network-analysis-using-neo4j.html,173,'a' tag is missing a reference
_site/en/lessons/dealing-with-big-data-and-network-analysis-using-neo4j.html,199,'a' tag is missing a reference
_site/en/lessons/designing-a-timeline-tabletop-simulator.html,117,'a' tag is missing a reference
_site/en/lessons/designing-a-timeline-tabletop-simulator.html,136,'a' tag is missing a reference
_site/en/lessons/designing-a-timeline-tabletop-simulator.html,173,'a' tag is missing a reference
_site/en/lessons/designing-a-timeline-tabletop-simulator.html,199,'a' tag is missing a reference
_site/en/lessons/detecting-text-reuse-with-passim.html,119,'a' tag is missing a reference
_site/en/lessons/detecting-text-reuse-with-passim.html,138,'a' tag is missing a reference
_site/en/lessons/detecting-text-reuse-with-passim.html,175,'a' tag is missing a reference
_site/en/lessons/detecting-text-reuse-with-passim.html,201,'a' tag is missing a reference
_site/en/lessons/displaying-georeferenced-map-knightlab-storymap-js.html,119,'a' tag is missing a reference
_site/en/lessons/displaying-georeferenced-map-knightlab-storymap-js.html,138,'a' tag is missing a reference
_site/en/lessons/displaying-georeferenced-map-knightlab-storymap-js.html,175,'a' tag is missing a reference
_site/en/lessons/displaying-georeferenced-map-knightlab-storymap-js.html,201,'a' tag is missing a reference
_site/en/lessons/downloading-multiple-records-using-query-strings.html,117,'a' tag is missing a reference
_site/en/lessons/downloading-multiple-records-using-query-strings.html,136,'a' tag is missing a reference
_site/en/lessons/downloading-multiple-records-using-query-strings.html,173,'a' tag is missing a reference
_site/en/lessons/downloading-multiple-records-using-query-strings.html,199,'a' tag is missing a reference
_site/en/lessons/editing-audio-with-audacity.html,117,'a' tag is missing a reference
_site/en/lessons/editing-audio-with-audacity.html,136,'a' tag is missing a reference
_site/en/lessons/editing-audio-with-audacity.html,173,'a' tag is missing a reference
_site/en/lessons/editing-audio-with-audacity.html,199,'a' tag is missing a reference
_site/en/lessons/exploring-and-analyzing-network-data-with-python.html,126,'a' tag is missing a reference
_site/en/lessons/exploring-and-analyzing-network-data-with-python.html,145,'a' tag is missing a reference
_site/en/lessons/exploring-and-analyzing-network-data-with-python.html,182,'a' tag is missing a reference
_site/en/lessons/exploring-and-analyzing-network-data-with-python.html,208,'a' tag is missing a reference
_site/en/lessons/extracting-illustrated-pages.html,117,'a' tag is missing a reference
_site/en/lessons/extracting-illustrated-pages.html,136,'a' tag is missing a reference
_site/en/lessons/extracting-illustrated-pages.html,173,'a' tag is missing a reference
_site/en/lessons/extracting-illustrated-pages.html,199,'a' tag is missing a reference
_site/en/lessons/extracting-keywords.html,117,'a' tag is missing a reference
_site/en/lessons/extracting-keywords.html,136,'a' tag is missing a reference
_site/en/lessons/extracting-keywords.html,173,'a' tag is missing a reference
_site/en/lessons/extracting-keywords.html,199,'a' tag is missing a reference
_site/en/lessons/facial-recognition-ai-python.html,119,'a' tag is missing a reference
_site/en/lessons/facial-recognition-ai-python.html,138,'a' tag is missing a reference
_site/en/lessons/facial-recognition-ai-python.html,175,'a' tag is missing a reference
_site/en/lessons/facial-recognition-ai-python.html,201,'a' tag is missing a reference
_site/en/lessons/fetch-and-parse-data-with-openrefine.html,117,'a' tag is missing a reference
_site/en/lessons/fetch-and-parse-data-with-openrefine.html,136,'a' tag is missing a reference
_site/en/lessons/fetch-and-parse-data-with-openrefine.html,173,'a' tag is missing a reference
_site/en/lessons/fetch-and-parse-data-with-openrefine.html,199,'a' tag is missing a reference
_site/en/lessons/finding-places-world-historical-gazetteer.html,119,'a' tag is missing a reference
_site/en/lessons/finding-places-world-historical-gazetteer.html,138,'a' tag is missing a reference
_site/en/lessons/finding-places-world-historical-gazetteer.html,175,'a' tag is missing a reference
_site/en/lessons/finding-places-world-historical-gazetteer.html,201,'a' tag is missing a reference
_site/en/lessons/from-html-to-list-of-words-1.html,119,'a' tag is missing a reference
_site/en/lessons/from-html-to-list-of-words-1.html,138,'a' tag is missing a reference
_site/en/lessons/from-html-to-list-of-words-1.html,175,'a' tag is missing a reference
_site/en/lessons/from-html-to-list-of-words-1.html,201,'a' tag is missing a reference
_site/en/lessons/from-html-to-list-of-words-2.html,119,'a' tag is missing a reference
_site/en/lessons/from-html-to-list-of-words-2.html,138,'a' tag is missing a reference
_site/en/lessons/from-html-to-list-of-words-2.html,175,'a' tag is missing a reference
_site/en/lessons/from-html-to-list-of-words-2.html,201,'a' tag is missing a reference
_site/en/lessons/generating-an-ordered-data-set-from-an-OCR-text-file.html,117,'a' tag is missing a reference
_site/en/lessons/generating-an-ordered-data-set-from-an-OCR-text-file.html,136,'a' tag is missing a reference
_site/en/lessons/generating-an-ordered-data-set-from-an-OCR-text-file.html,173,'a' tag is missing a reference
_site/en/lessons/generating-an-ordered-data-set-from-an-OCR-text-file.html,199,'a' tag is missing a reference
_site/en/lessons/geocoding-qgis.html,118,'a' tag is missing a reference
_site/en/lessons/geocoding-qgis.html,137,'a' tag is missing a reference
_site/en/lessons/geocoding-qgis.html,174,'a' tag is missing a reference
_site/en/lessons/geocoding-qgis.html,200,'a' tag is missing a reference
_site/en/lessons/geoparsing-text-with-edinburgh.html,117,'a' tag is missing a reference
_site/en/lessons/geoparsing-text-with-edinburgh.html,136,'a' tag is missing a reference
_site/en/lessons/geoparsing-text-with-edinburgh.html,173,'a' tag is missing a reference
_site/en/lessons/geoparsing-text-with-edinburgh.html,199,'a' tag is missing a reference
_site/en/lessons/georeferencing-qgis.html,121,'a' tag is missing a reference
_site/en/lessons/georeferencing-qgis.html,140,'a' tag is missing a reference
_site/en/lessons/georeferencing-qgis.html,177,'a' tag is missing a reference
_site/en/lessons/georeferencing-qgis.html,203,'a' tag is missing a reference
_site/en/lessons/geospatial-data-analysis.html,120,'a' tag is missing a reference
_site/en/lessons/geospatial-data-analysis.html,139,'a' tag is missing a reference
_site/en/lessons/geospatial-data-analysis.html,176,'a' tag is missing a reference
_site/en/lessons/geospatial-data-analysis.html,202,'a' tag is missing a reference
_site/en/lessons/getting-started-with-markdown.html,117,'a' tag is missing a reference
_site/en/lessons/getting-started-with-markdown.html,136,'a' tag is missing a reference
_site/en/lessons/getting-started-with-markdown.html,173,'a' tag is missing a reference
_site/en/lessons/getting-started-with-markdown.html,199,'a' tag is missing a reference
_site/en/lessons/getting-started-with-markdown.html,727,http://programminghistorian.org/ is not an HTTPS link
_site/en/lessons/getting-started-with-mysql-using-r.html,117,'a' tag is missing a reference
_site/en/lessons/getting-started-with-mysql-using-r.html,136,'a' tag is missing a reference
_site/en/lessons/getting-started-with-mysql-using-r.html,173,'a' tag is missing a reference
_site/en/lessons/getting-started-with-mysql-using-r.html,199,'a' tag is missing a reference
_site/en/lessons/googlemaps-googleearth.html,121,'a' tag is missing a reference
_site/en/lessons/googlemaps-googleearth.html,140,'a' tag is missing a reference
_site/en/lessons/googlemaps-googleearth.html,177,'a' tag is missing a reference
_site/en/lessons/googlemaps-googleearth.html,203,'a' tag is missing a reference
_site/en/lessons/gravity-model.html,133,'a' tag is missing a reference
_site/en/lessons/gravity-model.html,152,'a' tag is missing a reference
_site/en/lessons/gravity-model.html,189,'a' tag is missing a reference
_site/en/lessons/gravity-model.html,215,'a' tag is missing a reference
_site/en/lessons/image-classification-neural-networks.html,117,'a' tag is missing a reference
_site/en/lessons/image-classification-neural-networks.html,136,'a' tag is missing a reference
_site/en/lessons/image-classification-neural-networks.html,173,'a' tag is missing a reference
_site/en/lessons/image-classification-neural-networks.html,199,'a' tag is missing a reference
_site/en/lessons/index.html,86,'a' tag is missing a reference
_site/en/lessons/index.html,105,'a' tag is missing a reference
_site/en/lessons/index.html,142,'a' tag is missing a reference
_site/en/lessons/index.html,168,'a' tag is missing a reference
_site/en/lessons/installing-omeka.html,117,'a' tag is missing a reference
_site/en/lessons/installing-omeka.html,136,'a' tag is missing a reference
_site/en/lessons/installing-omeka.html,173,'a' tag is missing a reference
_site/en/lessons/installing-omeka.html,199,'a' tag is missing a reference
_site/en/lessons/installing-python-modules-pip.html,117,'a' tag is missing a reference
_site/en/lessons/installing-python-modules-pip.html,136,'a' tag is missing a reference
_site/en/lessons/installing-python-modules-pip.html,173,'a' tag is missing a reference
_site/en/lessons/installing-python-modules-pip.html,199,'a' tag is missing a reference
_site/en/lessons/interactive-data-visualization-dashboard.html,117,'a' tag is missing a reference
_site/en/lessons/interactive-data-visualization-dashboard.html,136,'a' tag is missing a reference
_site/en/lessons/interactive-data-visualization-dashboard.html,173,'a' tag is missing a reference
_site/en/lessons/interactive-data-visualization-dashboard.html,199,'a' tag is missing a reference
_site/en/lessons/interactive-text-games-using-twine.html,117,'a' tag is missing a reference
_site/en/lessons/interactive-text-games-using-twine.html,136,'a' tag is missing a reference
_site/en/lessons/interactive-text-games-using-twine.html,173,'a' tag is missing a reference
_site/en/lessons/interactive-text-games-using-twine.html,199,'a' tag is missing a reference
_site/en/lessons/interactive-visualization-with-plotly.html,117,'a' tag is missing a reference
_site/en/lessons/interactive-visualization-with-plotly.html,136,'a' tag is missing a reference
_site/en/lessons/interactive-visualization-with-plotly.html,173,'a' tag is missing a reference
_site/en/lessons/interactive-visualization-with-plotly.html,199,'a' tag is missing a reference
_site/en/lessons/interrogating-national-narrative-gpt.html,117,'a' tag is missing a reference
_site/en/lessons/interrogating-national-narrative-gpt.html,136,'a' tag is missing a reference
_site/en/lessons/interrogating-national-narrative-gpt.html,173,'a' tag is missing a reference
_site/en/lessons/interrogating-national-narrative-gpt.html,199,'a' tag is missing a reference
_site/en/lessons/intro-to-bash.html,119,'a' tag is missing a reference
_site/en/lessons/intro-to-bash.html,138,'a' tag is missing a reference
_site/en/lessons/intro-to-bash.html,175,'a' tag is missing a reference
_site/en/lessons/intro-to-bash.html,201,'a' tag is missing a reference
_site/en/lessons/intro-to-linked-data.html,118,'a' tag is missing a reference
_site/en/lessons/intro-to-linked-data.html,137,'a' tag is missing a reference
_site/en/lessons/intro-to-linked-data.html,174,'a' tag is missing a reference
_site/en/lessons/intro-to-linked-data.html,200,'a' tag is missing a reference
_site/en/lessons/intro-to-linked-data.html,1024,'a' tag is missing a reference
_site/en/lessons/intro-to-linked-data.html,1024,'a' tag is missing a reference
_site/en/lessons/intro-to-powershell.html,117,'a' tag is missing a reference
_site/en/lessons/intro-to-powershell.html,136,'a' tag is missing a reference
_site/en/lessons/intro-to-powershell.html,173,'a' tag is missing a reference
_site/en/lessons/intro-to-powershell.html,199,'a' tag is missing a reference
_site/en/lessons/intro-to-twitterbots.html,121,'a' tag is missing a reference
_site/en/lessons/intro-to-twitterbots.html,140,'a' tag is missing a reference
_site/en/lessons/intro-to-twitterbots.html,177,'a' tag is missing a reference
_site/en/lessons/intro-to-twitterbots.html,203,'a' tag is missing a reference
_site/en/lessons/introduction-and-installation.html,119,'a' tag is missing a reference
_site/en/lessons/introduction-and-installation.html,138,'a' tag is missing a reference
_site/en/lessons/introduction-and-installation.html,175,'a' tag is missing a reference
_site/en/lessons/introduction-and-installation.html,201,'a' tag is missing a reference
_site/en/lessons/introduction-map-warper.html,121,'a' tag is missing a reference
_site/en/lessons/introduction-map-warper.html,140,'a' tag is missing a reference
_site/en/lessons/introduction-map-warper.html,177,'a' tag is missing a reference
_site/en/lessons/introduction-map-warper.html,203,'a' tag is missing a reference
_site/en/lessons/introduction-to-ffmpeg.html,117,'a' tag is missing a reference
_site/en/lessons/introduction-to-ffmpeg.html,136,'a' tag is missing a reference
_site/en/lessons/introduction-to-ffmpeg.html,173,'a' tag is missing a reference
_site/en/lessons/introduction-to-ffmpeg.html,199,'a' tag is missing a reference
_site/en/lessons/introduction-to-populating-a-website-with-api-data.html,120,'a' tag is missing a reference
_site/en/lessons/introduction-to-populating-a-website-with-api-data.html,139,'a' tag is missing a reference
_site/en/lessons/introduction-to-populating-a-website-with-api-data.html,176,'a' tag is missing a reference
_site/en/lessons/introduction-to-populating-a-website-with-api-data.html,202,'a' tag is missing a reference
_site/en/lessons/introduction-to-stylometry-with-python.html,120,'a' tag is missing a reference
_site/en/lessons/introduction-to-stylometry-with-python.html,139,'a' tag is missing a reference
_site/en/lessons/introduction-to-stylometry-with-python.html,176,'a' tag is missing a reference
_site/en/lessons/introduction-to-stylometry-with-python.html,202,'a' tag is missing a reference
_site/en/lessons/json-and-jq.html,117,'a' tag is missing a reference
_site/en/lessons/json-and-jq.html,136,'a' tag is missing a reference
_site/en/lessons/json-and-jq.html,173,'a' tag is missing a reference
_site/en/lessons/json-and-jq.html,199,'a' tag is missing a reference
_site/en/lessons/jupyter-notebooks.html,121,'a' tag is missing a reference
_site/en/lessons/jupyter-notebooks.html,140,'a' tag is missing a reference
_site/en/lessons/jupyter-notebooks.html,177,'a' tag is missing a reference
_site/en/lessons/jupyter-notebooks.html,203,'a' tag is missing a reference
_site/en/lessons/jupyter-notebooks.html,651,'a' tag is missing a reference
_site/en/lessons/jupyter-notebooks.html,879,'a' tag is missing a reference
_site/en/lessons/keywords-in-context-using-n-grams.html,120,'a' tag is missing a reference
_site/en/lessons/keywords-in-context-using-n-grams.html,139,'a' tag is missing a reference
_site/en/lessons/keywords-in-context-using-n-grams.html,176,'a' tag is missing a reference
_site/en/lessons/keywords-in-context-using-n-grams.html,202,'a' tag is missing a reference
_site/en/lessons/linear-regression.html,133,'a' tag is missing a reference
_site/en/lessons/linear-regression.html,152,'a' tag is missing a reference
_site/en/lessons/linear-regression.html,189,'a' tag is missing a reference
_site/en/lessons/linear-regression.html,215,'a' tag is missing a reference
_site/en/lessons/linux-installation.html,119,'a' tag is missing a reference
_site/en/lessons/linux-installation.html,138,'a' tag is missing a reference
_site/en/lessons/linux-installation.html,175,'a' tag is missing a reference
_site/en/lessons/linux-installation.html,201,'a' tag is missing a reference
_site/en/lessons/logistic-regression.html,133,'a' tag is missing a reference
_site/en/lessons/logistic-regression.html,152,'a' tag is missing a reference
_site/en/lessons/logistic-regression.html,189,'a' tag is missing a reference
_site/en/lessons/logistic-regression.html,215,'a' tag is missing a reference
_site/en/lessons/mac-installation.html,119,'a' tag is missing a reference
_site/en/lessons/mac-installation.html,138,'a' tag is missing a reference
_site/en/lessons/mac-installation.html,175,'a' tag is missing a reference
_site/en/lessons/mac-installation.html,201,'a' tag is missing a reference
_site/en/lessons/manipulating-strings-in-python.html,119,'a' tag is missing a reference
_site/en/lessons/manipulating-strings-in-python.html,138,'a' tag is missing a reference
_site/en/lessons/manipulating-strings-in-python.html,175,'a' tag is missing a reference
_site/en/lessons/manipulating-strings-in-python.html,201,'a' tag is missing a reference
_site/en/lessons/mapping-with-python-leaflet.html,117,'a' tag is missing a reference
_site/en/lessons/mapping-with-python-leaflet.html,136,'a' tag is missing a reference
_site/en/lessons/mapping-with-python-leaflet.html,173,'a' tag is missing a reference
_site/en/lessons/mapping-with-python-leaflet.html,199,'a' tag is missing a reference
_site/en/lessons/naive-bayesian.html,117,'a' tag is missing a reference
_site/en/lessons/naive-bayesian.html,136,'a' tag is missing a reference
_site/en/lessons/naive-bayesian.html,173,'a' tag is missing a reference
_site/en/lessons/naive-bayesian.html,199,'a' tag is missing a reference
_site/en/lessons/normalizing-data.html,119,'a' tag is missing a reference
_site/en/lessons/normalizing-data.html,138,'a' tag is missing a reference
_site/en/lessons/normalizing-data.html,175,'a' tag is missing a reference
_site/en/lessons/normalizing-data.html,201,'a' tag is missing a reference
_site/en/lessons/ocr-with-google-vision-and-tesseract.html,117,'a' tag is missing a reference
_site/en/lessons/ocr-with-google-vision-and-tesseract.html,136,'a' tag is missing a reference
_site/en/lessons/ocr-with-google-vision-and-tesseract.html,173,'a' tag is missing a reference
_site/en/lessons/ocr-with-google-vision-and-tesseract.html,199,'a' tag is missing a reference
_site/en/lessons/output-data-as-html-file.html,119,'a' tag is missing a reference
_site/en/lessons/output-data-as-html-file.html,138,'a' tag is missing a reference
_site/en/lessons/output-data-as-html-file.html,175,'a' tag is missing a reference
_site/en/lessons/output-data-as-html-file.html,201,'a' tag is missing a reference
_site/en/lessons/output-keywords-in-context-in-html-file.html,119,'a' tag is missing a reference
_site/en/lessons/output-keywords-in-context-in-html-file.html,138,'a' tag is missing a reference
_site/en/lessons/output-keywords-in-context-in-html-file.html,175,'a' tag is missing a reference
_site/en/lessons/output-keywords-in-context-in-html-file.html,201,'a' tag is missing a reference
_site/en/lessons/preserving-your-research-data.html,117,'a' tag is missing a reference
_site/en/lessons/preserving-your-research-data.html,136,'a' tag is missing a reference
_site/en/lessons/preserving-your-research-data.html,173,'a' tag is missing a reference
_site/en/lessons/preserving-your-research-data.html,199,'a' tag is missing a reference
_site/en/lessons/qgis-layers.html,121,'a' tag is missing a reference
_site/en/lessons/qgis-layers.html,140,'a' tag is missing a reference
_site/en/lessons/qgis-layers.html,177,'a' tag is missing a reference
_site/en/lessons/qgis-layers.html,203,'a' tag is missing a reference
_site/en/lessons/r-basics-with-tabular-data.html,117,'a' tag is missing a reference
_site/en/lessons/r-basics-with-tabular-data.html,136,'a' tag is missing a reference
_site/en/lessons/r-basics-with-tabular-data.html,173,'a' tag is missing a reference
_site/en/lessons/r-basics-with-tabular-data.html,199,'a' tag is missing a reference
_site/en/lessons/research-data-with-unix.html,119,'a' tag is missing a reference
_site/en/lessons/research-data-with-unix.html,138,'a' tag is missing a reference
_site/en/lessons/research-data-with-unix.html,175,'a' tag is missing a reference
_site/en/lessons/research-data-with-unix.html,201,'a' tag is missing a reference
_site/en/lessons/retired/OCR-and-Machine-Translation.html,87,'a' tag is missing a reference
_site/en/lessons/retired/OCR-and-Machine-Translation.html,106,'a' tag is missing a reference
_site/en/lessons/retired/OCR-and-Machine-Translation.html,143,'a' tag is missing a reference
_site/en/lessons/retired/OCR-and-Machine-Translation.html,169,'a' tag is missing a reference
_site/en/lessons/retired/OCR-with-Tesseract-and-ScanTailor.html,87,'a' tag is missing a reference
_site/en/lessons/retired/OCR-with-Tesseract-and-ScanTailor.html,106,'a' tag is missing a reference
_site/en/lessons/retired/OCR-with-Tesseract-and-ScanTailor.html,143,'a' tag is missing a reference
_site/en/lessons/retired/OCR-with-Tesseract-and-ScanTailor.html,169,'a' tag is missing a reference
_site/en/lessons/retired/OCR-with-Tesseract-and-ScanTailor.html,444,'a' tag is missing a reference
_site/en/lessons/retired/OCR-with-Tesseract-and-ScanTailor.html,488,'a' tag is missing a reference
_site/en/lessons/retired/OCR-with-Tesseract-and-ScanTailor.html,662,'a' tag is missing a reference
_site/en/lessons/retired/OCR-with-Tesseract-and-ScanTailor.html,788,'a' tag is missing a reference
_site/en/lessons/retired/counting-frequencies-from-zotero-items.html,87,'a' tag is missing a reference
_site/en/lessons/retired/counting-frequencies-from-zotero-items.html,106,'a' tag is missing a reference
_site/en/lessons/retired/counting-frequencies-from-zotero-items.html,143,'a' tag is missing a reference
_site/en/lessons/retired/counting-frequencies-from-zotero-items.html,169,'a' tag is missing a reference
_site/en/lessons/retired/creating-new-items-in-zotero.html,87,'a' tag is missing a reference
_site/en/lessons/retired/creating-new-items-in-zotero.html,106,'a' tag is missing a reference
_site/en/lessons/retired/creating-new-items-in-zotero.html,143,'a' tag is missing a reference
_site/en/lessons/retired/creating-new-items-in-zotero.html,169,'a' tag is missing a reference
_site/en/lessons/retired/getting-started-with-github-desktop.html,87,'a' tag is missing a reference
_site/en/lessons/retired/getting-started-with-github-desktop.html,106,'a' tag is missing a reference
_site/en/lessons/retired/getting-started-with-github-desktop.html,143,'a' tag is missing a reference
_site/en/lessons/retired/getting-started-with-github-desktop.html,169,'a' tag is missing a reference
_site/en/lessons/retired/graph-databases-and-SPARQL.html,87,'a' tag is missing a reference
_site/en/lessons/retired/graph-databases-and-SPARQL.html,106,'a' tag is missing a reference
_site/en/lessons/retired/graph-databases-and-SPARQL.html,143,'a' tag is missing a reference
_site/en/lessons/retired/graph-databases-and-SPARQL.html,169,'a' tag is missing a reference
_site/en/lessons/retired/intro-to-augmented-reality-with-unity.html,87,'a' tag is missing a reference
_site/en/lessons/retired/intro-to-augmented-reality-with-unity.html,106,'a' tag is missing a reference
_site/en/lessons/retired/intro-to-augmented-reality-with-unity.html,143,'a' tag is missing a reference
_site/en/lessons/retired/intro-to-augmented-reality-with-unity.html,169,'a' tag is missing a reference
_site/en/lessons/retired/intro-to-beautiful-soup.html,87,'a' tag is missing a reference
_site/en/lessons/retired/intro-to-beautiful-soup.html,106,'a' tag is missing a reference
_site/en/lessons/retired/intro-to-beautiful-soup.html,143,'a' tag is missing a reference
_site/en/lessons/retired/intro-to-beautiful-soup.html,169,'a' tag is missing a reference
_site/en/lessons/retired/intro-to-the-zotero-api.html,87,'a' tag is missing a reference
_site/en/lessons/retired/intro-to-the-zotero-api.html,106,'a' tag is missing a reference
_site/en/lessons/retired/intro-to-the-zotero-api.html,143,'a' tag is missing a reference
_site/en/lessons/retired/intro-to-the-zotero-api.html,169,'a' tag is missing a reference
_site/en/lessons/scalable-reading-of-structured-data.html,125,'a' tag is missing a reference
_site/en/lessons/scalable-reading-of-structured-data.html,144,'a' tag is missing a reference
_site/en/lessons/scalable-reading-of-structured-data.html,181,'a' tag is missing a reference
_site/en/lessons/scalable-reading-of-structured-data.html,207,'a' tag is missing a reference
_site/en/lessons/sentiment-analysis-syuzhet.html,119,'a' tag is missing a reference
_site/en/lessons/sentiment-analysis-syuzhet.html,138,'a' tag is missing a reference
_site/en/lessons/sentiment-analysis-syuzhet.html,175,'a' tag is missing a reference
_site/en/lessons/sentiment-analysis-syuzhet.html,201,'a' tag is missing a reference
_site/en/lessons/sentiment-analysis.html,120,'a' tag is missing a reference
_site/en/lessons/sentiment-analysis.html,139,'a' tag is missing a reference
_site/en/lessons/sentiment-analysis.html,176,'a' tag is missing a reference
_site/en/lessons/sentiment-analysis.html,202,'a' tag is missing a reference
_site/en/lessons/shiny-leaflet-newspaper-map-tutorial.html,117,'a' tag is missing a reference
_site/en/lessons/shiny-leaflet-newspaper-map-tutorial.html,136,'a' tag is missing a reference
_site/en/lessons/shiny-leaflet-newspaper-map-tutorial.html,173,'a' tag is missing a reference
_site/en/lessons/shiny-leaflet-newspaper-map-tutorial.html,199,'a' tag is missing a reference
_site/en/lessons/simulating-historical-communication-networks-python.html,123,'a' tag is missing a reference
_site/en/lessons/simulating-historical-communication-networks-python.html,142,'a' tag is missing a reference
_site/en/lessons/simulating-historical-communication-networks-python.html,179,'a' tag is missing a reference
_site/en/lessons/simulating-historical-communication-networks-python.html,205,'a' tag is missing a reference
_site/en/lessons/sonification.html,117,'a' tag is missing a reference
_site/en/lessons/sonification.html,136,'a' tag is missing a reference
_site/en/lessons/sonification.html,173,'a' tag is missing a reference
_site/en/lessons/sonification.html,199,'a' tag is missing a reference
_site/en/lessons/space-place-gazetteers.html,119,'a' tag is missing a reference
_site/en/lessons/space-place-gazetteers.html,138,'a' tag is missing a reference
_site/en/lessons/space-place-gazetteers.html,175,'a' tag is missing a reference
_site/en/lessons/space-place-gazetteers.html,201,'a' tag is missing a reference
_site/en/lessons/sustainable-authorship-in-plain-text-using-pandoc-and-markdown.html,119,'a' tag is missing a reference
_site/en/lessons/sustainable-authorship-in-plain-text-using-pandoc-and-markdown.html,138,'a' tag is missing a reference
_site/en/lessons/sustainable-authorship-in-plain-text-using-pandoc-and-markdown.html,175,'a' tag is missing a reference
_site/en/lessons/sustainable-authorship-in-plain-text-using-pandoc-and-markdown.html,201,'a' tag is missing a reference
_site/en/lessons/temporal-network-analysis-with-r.html,121,'a' tag is missing a reference
_site/en/lessons/temporal-network-analysis-with-r.html,140,'a' tag is missing a reference
_site/en/lessons/temporal-network-analysis-with-r.html,177,'a' tag is missing a reference
_site/en/lessons/temporal-network-analysis-with-r.html,203,'a' tag is missing a reference
_site/en/lessons/text-mining-with-extracted-features.html,136,'a' tag is missing a reference
_site/en/lessons/text-mining-with-extracted-features.html,155,'a' tag is missing a reference
_site/en/lessons/text-mining-with-extracted-features.html,192,'a' tag is missing a reference
_site/en/lessons/text-mining-with-extracted-features.html,218,'a' tag is missing a reference
_site/en/lessons/text-mining-youtube-comments.html,121,'a' tag is missing a reference
_site/en/lessons/text-mining-youtube-comments.html,140,'a' tag is missing a reference
_site/en/lessons/text-mining-youtube-comments.html,177,'a' tag is missing a reference
_site/en/lessons/text-mining-youtube-comments.html,203,'a' tag is missing a reference
_site/en/lessons/topic-modeling-and-mallet.html,121,'a' tag is missing a reference
_site/en/lessons/topic-modeling-and-mallet.html,140,'a' tag is missing a reference
_site/en/lessons/topic-modeling-and-mallet.html,177,'a' tag is missing a reference
_site/en/lessons/topic-modeling-and-mallet.html,203,'a' tag is missing a reference
_site/en/lessons/transcribing-handwritten-text-with-python-and-azure.html,117,'a' tag is missing a reference
_site/en/lessons/transcribing-handwritten-text-with-python-and-azure.html,136,'a' tag is missing a reference
_site/en/lessons/transcribing-handwritten-text-with-python-and-azure.html,173,'a' tag is missing a reference
_site/en/lessons/transcribing-handwritten-text-with-python-and-azure.html,199,'a' tag is missing a reference
_site/en/lessons/transforming-xml-with-xsl.html,117,'a' tag is missing a reference
_site/en/lessons/transforming-xml-with-xsl.html,136,'a' tag is missing a reference
_site/en/lessons/transforming-xml-with-xsl.html,173,'a' tag is missing a reference
_site/en/lessons/transforming-xml-with-xsl.html,199,'a' tag is missing a reference
_site/en/lessons/transliterating.html,117,'a' tag is missing a reference
_site/en/lessons/transliterating.html,136,'a' tag is missing a reference
_site/en/lessons/transliterating.html,173,'a' tag is missing a reference
_site/en/lessons/transliterating.html,199,'a' tag is missing a reference
_site/en/lessons/understanding-creating-word-embeddings.html,121,'a' tag is missing a reference
_site/en/lessons/understanding-creating-word-embeddings.html,140,'a' tag is missing a reference
_site/en/lessons/understanding-creating-word-embeddings.html,177,'a' tag is missing a reference
_site/en/lessons/understanding-creating-word-embeddings.html,203,'a' tag is missing a reference
_site/en/lessons/understanding-regular-expressions.html,117,'a' tag is missing a reference
_site/en/lessons/understanding-regular-expressions.html,136,'a' tag is missing a reference
_site/en/lessons/understanding-regular-expressions.html,173,'a' tag is missing a reference
_site/en/lessons/understanding-regular-expressions.html,199,'a' tag is missing a reference
_site/en/lessons/up-and-running-with-omeka.html,117,'a' tag is missing a reference
_site/en/lessons/up-and-running-with-omeka.html,136,'a' tag is missing a reference
_site/en/lessons/up-and-running-with-omeka.html,173,'a' tag is missing a reference
_site/en/lessons/up-and-running-with-omeka.html,199,'a' tag is missing a reference
_site/en/lessons/urban-demographic-data-r-ggplot2.html,119,'a' tag is missing a reference
_site/en/lessons/urban-demographic-data-r-ggplot2.html,138,'a' tag is missing a reference
_site/en/lessons/urban-demographic-data-r-ggplot2.html,175,'a' tag is missing a reference
_site/en/lessons/urban-demographic-data-r-ggplot2.html,201,'a' tag is missing a reference
_site/en/lessons/using-javascript-to-create-maps.html,123,'a' tag is missing a reference
_site/en/lessons/using-javascript-to-create-maps.html,142,'a' tag is missing a reference
_site/en/lessons/using-javascript-to-create-maps.html,179,'a' tag is missing a reference
_site/en/lessons/using-javascript-to-create-maps.html,205,'a' tag is missing a reference
_site/en/lessons/vector-layers-qgis.html,121,'a' tag is missing a reference
_site/en/lessons/vector-layers-qgis.html,140,'a' tag is missing a reference
_site/en/lessons/vector-layers-qgis.html,177,'a' tag is missing a reference
_site/en/lessons/vector-layers-qgis.html,203,'a' tag is missing a reference
_site/en/lessons/viewing-html-files.html,119,'a' tag is missing a reference
_site/en/lessons/viewing-html-files.html,138,'a' tag is missing a reference
_site/en/lessons/viewing-html-files.html,175,'a' tag is missing a reference
_site/en/lessons/viewing-html-files.html,201,'a' tag is missing a reference
_site/en/lessons/visualizing-with-bokeh.html,117,'a' tag is missing a reference
_site/en/lessons/visualizing-with-bokeh.html,136,'a' tag is missing a reference
_site/en/lessons/visualizing-with-bokeh.html,173,'a' tag is missing a reference
_site/en/lessons/visualizing-with-bokeh.html,199,'a' tag is missing a reference
_site/en/lessons/windows-installation.html,119,'a' tag is missing a reference
_site/en/lessons/windows-installation.html,138,'a' tag is missing a reference
_site/en/lessons/windows-installation.html,175,'a' tag is missing a reference
_site/en/lessons/windows-installation.html,201,'a' tag is missing a reference
_site/en/lessons/working-with-batches-of-pdf-files.html,117,'a' tag is missing a reference
_site/en/lessons/working-with-batches-of-pdf-files.html,136,'a' tag is missing a reference
_site/en/lessons/working-with-batches-of-pdf-files.html,173,'a' tag is missing a reference
_site/en/lessons/working-with-batches-of-pdf-files.html,199,'a' tag is missing a reference
_site/en/lessons/working-with-text-files.html,119,'a' tag is missing a reference
_site/en/lessons/working-with-text-files.html,138,'a' tag is missing a reference
_site/en/lessons/working-with-text-files.html,175,'a' tag is missing a reference
_site/en/lessons/working-with-text-files.html,201,'a' tag is missing a reference
_site/en/lessons/working-with-web-pages.html,119,'a' tag is missing a reference
_site/en/lessons/working-with-web-pages.html,138,'a' tag is missing a reference
_site/en/lessons/working-with-web-pages.html,175,'a' tag is missing a reference
_site/en/lessons/working-with-web-pages.html,201,'a' tag is missing a reference
_site/en/privacy-policy.html,86,'a' tag is missing a reference
_site/en/privacy-policy.html,105,'a' tag is missing a reference
_site/en/privacy-policy.html,142,'a' tag is missing a reference
_site/en/privacy-policy.html,168,'a' tag is missing a reference
_site/en/project-team.html,86,'a' tag is missing a reference
_site/en/project-team.html,105,'a' tag is missing a reference
_site/en/project-team.html,142,'a' tag is missing a reference
_site/en/project-team.html,168,'a' tag is missing a reference
_site/en/research.html,86,'a' tag is missing a reference
_site/en/research.html,105,'a' tag is missing a reference
_site/en/research.html,142,'a' tag is missing a reference
_site/en/research.html,168,'a' tag is missing a reference
_site/en/reviewer-guidelines.html,86,'a' tag is missing a reference
_site/en/reviewer-guidelines.html,105,'a' tag is missing a reference
_site/en/reviewer-guidelines.html,142,'a' tag is missing a reference
_site/en/reviewer-guidelines.html,168,'a' tag is missing a reference
_site/en/supporters.html,86,'a' tag is missing a reference
_site/en/supporters.html,105,'a' tag is missing a reference
_site/en/supporters.html,142,'a' tag is missing a reference
_site/en/supporters.html,168,'a' tag is missing a reference
_site/en/translator-guidelines.html,86,'a' tag is missing a reference
_site/en/translator-guidelines.html,105,'a' tag is missing a reference
_site/en/translator-guidelines.html,142,'a' tag is missing a reference
_site/en/translator-guidelines.html,168,'a' tag is missing a reference
_site/en/vacancies.html,86,'a' tag is missing a reference
_site/en/vacancies.html,105,'a' tag is missing a reference
_site/en/vacancies.html,142,'a' tag is missing a reference
_site/en/vacancies.html,168,'a' tag is missing a reference
_site/es/acerca-de.html,89,'a' tag is missing a reference
_site/es/acerca-de.html,108,'a' tag is missing a reference
_site/es/acerca-de.html,145,'a' tag is missing a reference
_site/es/acerca-de.html,182,'a' tag is missing a reference
_site/es/colaboradores.html,88,'a' tag is missing a reference
_site/es/colaboradores.html,107,'a' tag is missing a reference
_site/es/colaboradores.html,144,'a' tag is missing a reference
_site/es/colaboradores.html,181,'a' tag is missing a reference
_site/es/contribuciones.html,88,'a' tag is missing a reference
_site/es/contribuciones.html,107,'a' tag is missing a reference
_site/es/contribuciones.html,144,'a' tag is missing a reference
_site/es/contribuciones.html,181,'a' tag is missing a reference
_site/es/donaciones.html,88,'a' tag is missing a reference
_site/es/donaciones.html,107,'a' tag is missing a reference
_site/es/donaciones.html,144,'a' tag is missing a reference
_site/es/donaciones.html,181,'a' tag is missing a reference
_site/es/equipo-de-proyecto.html,88,'a' tag is missing a reference
_site/es/equipo-de-proyecto.html,107,'a' tag is missing a reference
_site/es/equipo-de-proyecto.html,144,'a' tag is missing a reference
_site/es/equipo-de-proyecto.html,181,'a' tag is missing a reference
_site/es/eventos.html,88,'a' tag is missing a reference
_site/es/eventos.html,107,'a' tag is missing a reference
_site/es/eventos.html,144,'a' tag is missing a reference
_site/es/eventos.html,181,'a' tag is missing a reference
_site/es/guia-editor.html,88,'a' tag is missing a reference
_site/es/guia-editor.html,107,'a' tag is missing a reference
_site/es/guia-editor.html,144,'a' tag is missing a reference
_site/es/guia-editor.html,181,'a' tag is missing a reference
_site/es/guia-para-autores.html,88,'a' tag is missing a reference
_site/es/guia-para-autores.html,107,'a' tag is missing a reference
_site/es/guia-para-autores.html,144,'a' tag is missing a reference
_site/es/guia-para-autores.html,181,'a' tag is missing a reference
_site/es/guia-para-revisores.html,88,'a' tag is missing a reference
_site/es/guia-para-revisores.html,107,'a' tag is missing a reference
_site/es/guia-para-revisores.html,144,'a' tag is missing a reference
_site/es/guia-para-revisores.html,181,'a' tag is missing a reference
_site/es/guia-para-traductores.html,88,'a' tag is missing a reference
_site/es/guia-para-traductores.html,107,'a' tag is missing a reference
_site/es/guia-para-traductores.html,144,'a' tag is missing a reference
_site/es/guia-para-traductores.html,181,'a' tag is missing a reference
_site/es/index.html,90,'a' tag is missing a reference
_site/es/index.html,109,'a' tag is missing a reference
_site/es/index.html,146,'a' tag is missing a reference
_site/es/index.html,183,'a' tag is missing a reference
_site/es/investigacion.html,88,'a' tag is missing a reference
_site/es/investigacion.html,107,'a' tag is missing a reference
_site/es/investigacion.html,144,'a' tag is missing a reference
_site/es/investigacion.html,181,'a' tag is missing a reference
_site/es/jisc-tna-colaboracion.html,88,'a' tag is missing a reference
_site/es/jisc-tna-colaboracion.html,107,'a' tag is missing a reference
_site/es/jisc-tna-colaboracion.html,144,'a' tag is missing a reference
_site/es/jisc-tna-colaboracion.html,181,'a' tag is missing a reference
_site/es/lecciones/administracion-de-datos-en-r.html,119,'a' tag is missing a reference
_site/es/lecciones/administracion-de-datos-en-r.html,138,'a' tag is missing a reference
_site/es/lecciones/administracion-de-datos-en-r.html,175,'a' tag is missing a reference
_site/es/lecciones/administracion-de-datos-en-r.html,212,'a' tag is missing a reference
_site/es/lecciones/analisis-de-corpus-con-antconc.html,119,'a' tag is missing a reference
_site/es/lecciones/analisis-de-corpus-con-antconc.html,138,'a' tag is missing a reference
_site/es/lecciones/analisis-de-corpus-con-antconc.html,175,'a' tag is missing a reference
_site/es/lecciones/analisis-de-corpus-con-antconc.html,212,'a' tag is missing a reference
_site/es/lecciones/analisis-de-correspondencia-en-r.html,139,'a' tag is missing a reference
_site/es/lecciones/analisis-de-correspondencia-en-r.html,158,'a' tag is missing a reference
_site/es/lecciones/analisis-de-correspondencia-en-r.html,195,'a' tag is missing a reference
_site/es/lecciones/analisis-de-correspondencia-en-r.html,232,'a' tag is missing a reference
_site/es/lecciones/analisis-de-sentimientos-r.html,117,'a' tag is missing a reference
_site/es/lecciones/analisis-de-sentimientos-r.html,136,'a' tag is missing a reference
_site/es/lecciones/analisis-de-sentimientos-r.html,173,'a' tag is missing a reference
_site/es/lecciones/analisis-de-sentimientos-r.html,210,'a' tag is missing a reference
_site/es/lecciones/analisis-redes-sociales-teatro-1.html,117,'a' tag is missing a reference
_site/es/lecciones/analisis-redes-sociales-teatro-1.html,136,'a' tag is missing a reference
_site/es/lecciones/analisis-redes-sociales-teatro-1.html,173,'a' tag is missing a reference
_site/es/lecciones/analisis-redes-sociales-teatro-1.html,210,'a' tag is missing a reference
_site/es/lecciones/analisis-redes-sociales-teatro-2.html,117,'a' tag is missing a reference
_site/es/lecciones/analisis-redes-sociales-teatro-2.html,136,'a' tag is missing a reference
_site/es/lecciones/analisis-redes-sociales-teatro-2.html,173,'a' tag is missing a reference
_site/es/lecciones/analisis-redes-sociales-teatro-2.html,210,'a' tag is missing a reference
_site/es/lecciones/analisis-temporal-red.html,122,'a' tag is missing a reference
_site/es/lecciones/analisis-temporal-red.html,141,'a' tag is missing a reference
_site/es/lecciones/analisis-temporal-red.html,178,'a' tag is missing a reference
_site/es/lecciones/analisis-temporal-red.html,215,'a' tag is missing a reference
_site/es/lecciones/analisis-voyant-tools.html,120,'a' tag is missing a reference
_site/es/lecciones/analisis-voyant-tools.html,139,'a' tag is missing a reference
_site/es/lecciones/analisis-voyant-tools.html,176,'a' tag is missing a reference
_site/es/lecciones/analisis-voyant-tools.html,213,'a' tag is missing a reference
_site/es/lecciones/construir-repositorio-de-fuentes.html,120,'a' tag is missing a reference
_site/es/lecciones/construir-repositorio-de-fuentes.html,139,'a' tag is missing a reference
_site/es/lecciones/construir-repositorio-de-fuentes.html,176,'a' tag is missing a reference
_site/es/lecciones/construir-repositorio-de-fuentes.html,213,'a' tag is missing a reference
_site/es/lecciones/construir-repositorio-de-fuentes.html,792,'a' tag is missing a reference
_site/es/lecciones/contar-frecuencias.html,121,'a' tag is missing a reference
_site/es/lecciones/contar-frecuencias.html,140,'a' tag is missing a reference
_site/es/lecciones/contar-frecuencias.html,177,'a' tag is missing a reference
_site/es/lecciones/contar-frecuencias.html,214,'a' tag is missing a reference
_site/es/lecciones/corpus-paralelo-lfaligner.html,121,'a' tag is missing a reference
_site/es/lecciones/corpus-paralelo-lfaligner.html,140,'a' tag is missing a reference
_site/es/lecciones/corpus-paralelo-lfaligner.html,177,'a' tag is missing a reference
_site/es/lecciones/corpus-paralelo-lfaligner.html,214,'a' tag is missing a reference
_site/es/lecciones/creacion-de-aplicacion-shiny.html,119,'a' tag is missing a reference
_site/es/lecciones/creacion-de-aplicacion-shiny.html,138,'a' tag is missing a reference
_site/es/lecciones/creacion-de-aplicacion-shiny.html,175,'a' tag is missing a reference
_site/es/lecciones/creacion-de-aplicacion-shiny.html,212,'a' tag is missing a reference
_site/es/lecciones/creando-diagramas-de-redes-desde-fuentes-historicas.html,119,'a' tag is missing a reference
_site/es/lecciones/creando-diagramas-de-redes-desde-fuentes-historicas.html,138,'a' tag is missing a reference
_site/es/lecciones/creando-diagramas-de-redes-desde-fuentes-historicas.html,175,'a' tag is missing a reference
_site/es/lecciones/creando-diagramas-de-redes-desde-fuentes-historicas.html,212,'a' tag is missing a reference
_site/es/lecciones/crear-exposicion-con-omeka.html,121,'a' tag is missing a reference
_site/es/lecciones/crear-exposicion-con-omeka.html,140,'a' tag is missing a reference
_site/es/lecciones/crear-exposicion-con-omeka.html,177,'a' tag is missing a reference
_site/es/lecciones/crear-exposicion-con-omeka.html,214,'a' tag is missing a reference
_site/es/lecciones/crear-y-ver-archivos-html-con-python.html,121,'a' tag is missing a reference
_site/es/lecciones/crear-y-ver-archivos-html-con-python.html,140,'a' tag is missing a reference
_site/es/lecciones/crear-y-ver-archivos-html-con-python.html,177,'a' tag is missing a reference
_site/es/lecciones/crear-y-ver-archivos-html-con-python.html,214,'a' tag is missing a reference
_site/es/lecciones/datos-abiertos-enlazados-wikidata.html,119,'a' tag is missing a reference
_site/es/lecciones/datos-abiertos-enlazados-wikidata.html,138,'a' tag is missing a reference
_site/es/lecciones/datos-abiertos-enlazados-wikidata.html,175,'a' tag is missing a reference
_site/es/lecciones/datos-abiertos-enlazados-wikidata.html,212,'a' tag is missing a reference
_site/es/lecciones/datos-de-investigacion-con-unix.html,121,'a' tag is missing a reference
_site/es/lecciones/datos-de-investigacion-con-unix.html,140,'a' tag is missing a reference
_site/es/lecciones/datos-de-investigacion-con-unix.html,177,'a' tag is missing a reference
_site/es/lecciones/datos-de-investigacion-con-unix.html,214,'a' tag is missing a reference
_site/es/lecciones/datos-tabulares-en-r.html,119,'a' tag is missing a reference
_site/es/lecciones/datos-tabulares-en-r.html,138,'a' tag is missing a reference
_site/es/lecciones/datos-tabulares-en-r.html,175,'a' tag is missing a reference
_site/es/lecciones/datos-tabulares-en-r.html,212,'a' tag is missing a reference
_site/es/lecciones/de-html-a-lista-de-palabras-1.html,121,'a' tag is missing a reference
_site/es/lecciones/de-html-a-lista-de-palabras-1.html,140,'a' tag is missing a reference
_site/es/lecciones/de-html-a-lista-de-palabras-1.html,177,'a' tag is missing a reference
_site/es/lecciones/de-html-a-lista-de-palabras-1.html,214,'a' tag is missing a reference
_site/es/lecciones/de-html-a-lista-de-palabras-2.html,121,'a' tag is missing a reference
_site/es/lecciones/de-html-a-lista-de-palabras-2.html,140,'a' tag is missing a reference
_site/es/lecciones/de-html-a-lista-de-palabras-2.html,177,'a' tag is missing a reference
_site/es/lecciones/de-html-a-lista-de-palabras-2.html,214,'a' tag is missing a reference
_site/es/lecciones/descarga-automatizada-con-wget.html,119,'a' tag is missing a reference
_site/es/lecciones/descarga-automatizada-con-wget.html,138,'a' tag is missing a reference
_site/es/lecciones/descarga-automatizada-con-wget.html,175,'a' tag is missing a reference
_site/es/lecciones/descarga-automatizada-con-wget.html,212,'a' tag is missing a reference
_site/es/lecciones/descarga-multiples-registros-usando-cadenas-de-consulta.html,119,'a' tag is missing a reference
_site/es/lecciones/descarga-multiples-registros-usando-cadenas-de-consulta.html,138,'a' tag is missing a reference
_site/es/lecciones/descarga-multiples-registros-usando-cadenas-de-consulta.html,175,'a' tag is missing a reference
_site/es/lecciones/descarga-multiples-registros-usando-cadenas-de-consulta.html,212,'a' tag is missing a reference
_site/es/lecciones/editar-audio-con-audacity.html,119,'a' tag is missing a reference
_site/es/lecciones/editar-audio-con-audacity.html,138,'a' tag is missing a reference
_site/es/lecciones/editar-audio-con-audacity.html,175,'a' tag is missing a reference
_site/es/lecciones/editar-audio-con-audacity.html,212,'a' tag is missing a reference
_site/es/lecciones/escritura-sostenible-usando-pandoc-y-markdown.html,121,'a' tag is missing a reference
_site/es/lecciones/escritura-sostenible-usando-pandoc-y-markdown.html,140,'a' tag is missing a reference
_site/es/lecciones/escritura-sostenible-usando-pandoc-y-markdown.html,177,'a' tag is missing a reference
_site/es/lecciones/escritura-sostenible-usando-pandoc-y-markdown.html,214,'a' tag is missing a reference
_site/es/lecciones/exhibicion-con-collection-builder.html,117,'a' tag is missing a reference
_site/es/lecciones/exhibicion-con-collection-builder.html,136,'a' tag is missing a reference
_site/es/lecciones/exhibicion-con-collection-builder.html,173,'a' tag is missing a reference
_site/es/lecciones/exhibicion-con-collection-builder.html,210,'a' tag is missing a reference
_site/es/lecciones/generadores-aventura.html,117,'a' tag is missing a reference
_site/es/lecciones/generadores-aventura.html,136,'a' tag is missing a reference
_site/es/lecciones/generadores-aventura.html,173,'a' tag is missing a reference
_site/es/lecciones/generadores-aventura.html,210,'a' tag is missing a reference
_site/es/lecciones/georreferenciacion-visualizacion-con-recogito-y-visone.html,119,'a' tag is missing a reference
_site/es/lecciones/georreferenciacion-visualizacion-con-recogito-y-visone.html,138,'a' tag is missing a reference
_site/es/lecciones/georreferenciacion-visualizacion-con-recogito-y-visone.html,175,'a' tag is missing a reference
_site/es/lecciones/georreferenciacion-visualizacion-con-recogito-y-visone.html,212,'a' tag is missing a reference
_site/es/lecciones/georreferenciar-qgis.html,126,'a' tag is missing a reference
_site/es/lecciones/georreferenciar-qgis.html,145,'a' tag is missing a reference
_site/es/lecciones/georreferenciar-qgis.html,182,'a' tag is missing a reference
_site/es/lecciones/georreferenciar-qgis.html,219,'a' tag is missing a reference
_site/es/lecciones/index.html,88,'a' tag is missing a reference
_site/es/lecciones/index.html,107,'a' tag is missing a reference
_site/es/lecciones/index.html,144,'a' tag is missing a reference
_site/es/lecciones/index.html,181,'a' tag is missing a reference
_site/es/lecciones/instalacion-linux.html,121,'a' tag is missing a reference
_site/es/lecciones/instalacion-linux.html,140,'a' tag is missing a reference
_site/es/lecciones/instalacion-linux.html,177,'a' tag is missing a reference
_site/es/lecciones/instalacion-linux.html,214,'a' tag is missing a reference
_site/es/lecciones/instalacion-mac.html,121,'a' tag is missing a reference
_site/es/lecciones/instalacion-mac.html,140,'a' tag is missing a reference
_site/es/lecciones/instalacion-mac.html,177,'a' tag is missing a reference
_site/es/lecciones/instalacion-mac.html,214,'a' tag is missing a reference
_site/es/lecciones/instalacion-windows.html,121,'a' tag is missing a reference
_site/es/lecciones/instalacion-windows.html,140,'a' tag is missing a reference
_site/es/lecciones/instalacion-windows.html,177,'a' tag is missing a reference
_site/es/lecciones/instalacion-windows.html,214,'a' tag is missing a reference
_site/es/lecciones/instalar-modulos-python-pip.html,119,'a' tag is missing a reference
_site/es/lecciones/instalar-modulos-python-pip.html,138,'a' tag is missing a reference
_site/es/lecciones/instalar-modulos-python-pip.html,175,'a' tag is missing a reference
_site/es/lecciones/instalar-modulos-python-pip.html,212,'a' tag is missing a reference
_site/es/lecciones/intro-a-google-maps-y-google-earth.html,126,'a' tag is missing a reference
_site/es/lecciones/intro-a-google-maps-y-google-earth.html,145,'a' tag is missing a reference
_site/es/lecciones/intro-a-google-maps-y-google-earth.html,182,'a' tag is missing a reference
_site/es/lecciones/intro-a-google-maps-y-google-earth.html,219,'a' tag is missing a reference
_site/es/lecciones/introduccion-a-bash.html,121,'a' tag is missing a reference
_site/es/lecciones/introduccion-a-bash.html,140,'a' tag is missing a reference
_site/es/lecciones/introduccion-a-bash.html,177,'a' tag is missing a reference
_site/es/lecciones/introduccion-a-bash.html,214,'a' tag is missing a reference
_site/es/lecciones/introduccion-a-ffmpeg.html,119,'a' tag is missing a reference
_site/es/lecciones/introduccion-a-ffmpeg.html,138,'a' tag is missing a reference
_site/es/lecciones/introduccion-a-ffmpeg.html,175,'a' tag is missing a reference
_site/es/lecciones/introduccion-a-ffmpeg.html,212,'a' tag is missing a reference
_site/es/lecciones/introduccion-a-imageplot-y-la-visualizacion-de-metadatos.html,121,'a' tag is missing a reference
_site/es/lecciones/introduccion-a-imageplot-y-la-visualizacion-de-metadatos.html,140,'a' tag is missing a reference
_site/es/lecciones/introduccion-a-imageplot-y-la-visualizacion-de-metadatos.html,177,'a' tag is missing a reference
_site/es/lecciones/introduccion-a-imageplot-y-la-visualizacion-de-metadatos.html,214,'a' tag is missing a reference
_site/es/lecciones/introduccion-a-markdown.html,122,'a' tag is missing a reference
_site/es/lecciones/introduccion-a-markdown.html,141,'a' tag is missing a reference
_site/es/lecciones/introduccion-a-markdown.html,178,'a' tag is missing a reference
_site/es/lecciones/introduccion-a-markdown.html,215,'a' tag is missing a reference
_site/es/lecciones/introduccion-a-markdown.html,748,http://programminghistorian.org/ is not an HTTPS link
_site/es/lecciones/introduccion-a-powershell.html,119,'a' tag is missing a reference
_site/es/lecciones/introduccion-a-powershell.html,138,'a' tag is missing a reference
_site/es/lecciones/introduccion-a-powershell.html,175,'a' tag is missing a reference
_site/es/lecciones/introduccion-a-powershell.html,212,'a' tag is missing a reference
_site/es/lecciones/introduccion-a-tei-1.html,117,'a' tag is missing a reference
_site/es/lecciones/introduccion-a-tei-1.html,136,'a' tag is missing a reference
_site/es/lecciones/introduccion-a-tei-1.html,173,'a' tag is missing a reference
_site/es/lecciones/introduccion-a-tei-1.html,210,'a' tag is missing a reference
_site/es/lecciones/introduccion-a-tei-2.html,117,'a' tag is missing a reference
_site/es/lecciones/introduccion-a-tei-2.html,136,'a' tag is missing a reference
_site/es/lecciones/introduccion-a-tei-2.html,173,'a' tag is missing a reference
_site/es/lecciones/introduccion-a-tei-2.html,210,'a' tag is missing a reference
_site/es/lecciones/introduccion-al-web-scraping-usando-r.html,117,'a' tag is missing a reference
_site/es/lecciones/introduccion-al-web-scraping-usando-r.html,136,'a' tag is missing a reference
_site/es/lecciones/introduccion-al-web-scraping-usando-r.html,173,'a' tag is missing a reference
_site/es/lecciones/introduccion-al-web-scraping-usando-r.html,210,'a' tag is missing a reference
_site/es/lecciones/introduccion-datos-abiertos-enlazados.html,119,'a' tag is missing a reference
_site/es/lecciones/introduccion-datos-abiertos-enlazados.html,138,'a' tag is missing a reference
_site/es/lecciones/introduccion-datos-abiertos-enlazados.html,175,'a' tag is missing a reference
_site/es/lecciones/introduccion-datos-abiertos-enlazados.html,212,'a' tag is missing a reference
_site/es/lecciones/introduccion-datos-abiertos-enlazados.html,1048,'a' tag is missing a reference
_site/es/lecciones/introduccion-datos-abiertos-enlazados.html,1048,'a' tag is missing a reference
_site/es/lecciones/introduccion-e-instalacion.html,121,'a' tag is missing a reference
_site/es/lecciones/introduccion-e-instalacion.html,140,'a' tag is missing a reference
_site/es/lecciones/introduccion-e-instalacion.html,177,'a' tag is missing a reference
_site/es/lecciones/introduccion-e-instalacion.html,214,'a' tag is missing a reference
_site/es/lecciones/introduccion-map-warper.html,122,'a' tag is missing a reference
_site/es/lecciones/introduccion-map-warper.html,141,'a' tag is missing a reference
_site/es/lecciones/introduccion-map-warper.html,178,'a' tag is missing a reference
_site/es/lecciones/introduccion-map-warper.html,215,'a' tag is missing a reference
_site/es/lecciones/lectura-escalable-de-datos-estructurados.html,127,'a' tag is missing a reference
_site/es/lecciones/lectura-escalable-de-datos-estructurados.html,146,'a' tag is missing a reference
_site/es/lecciones/lectura-escalable-de-datos-estructurados.html,183,'a' tag is missing a reference
_site/es/lecciones/lectura-escalable-de-datos-estructurados.html,220,'a' tag is missing a reference
_site/es/lecciones/limpieza-de-datos-con-OpenRefine.html,123,'a' tag is missing a reference
_site/es/lecciones/limpieza-de-datos-con-OpenRefine.html,142,'a' tag is missing a reference
_site/es/lecciones/limpieza-de-datos-con-OpenRefine.html,179,'a' tag is missing a reference
_site/es/lecciones/limpieza-de-datos-con-OpenRefine.html,216,'a' tag is missing a reference
_site/es/lecciones/manipular-cadenas-de-caracteres-en-python.html,121,'a' tag is missing a reference
_site/es/lecciones/manipular-cadenas-de-caracteres-en-python.html,140,'a' tag is missing a reference
_site/es/lecciones/manipular-cadenas-de-caracteres-en-python.html,177,'a' tag is missing a reference
_site/es/lecciones/manipular-cadenas-de-caracteres-en-python.html,214,'a' tag is missing a reference
_site/es/lecciones/mineria-de-datos-en-internet-archive.html,119,'a' tag is missing a reference
_site/es/lecciones/mineria-de-datos-en-internet-archive.html,138,'a' tag is missing a reference
_site/es/lecciones/mineria-de-datos-en-internet-archive.html,175,'a' tag is missing a reference
_site/es/lecciones/mineria-de-datos-en-internet-archive.html,212,'a' tag is missing a reference
_site/es/lecciones/normalizar-datos.html,121,'a' tag is missing a reference
_site/es/lecciones/normalizar-datos.html,140,'a' tag is missing a reference
_site/es/lecciones/normalizar-datos.html,177,'a' tag is missing a reference
_site/es/lecciones/normalizar-datos.html,214,'a' tag is missing a reference
_site/es/lecciones/palabras-clave-en-contexto-n-grams.html,121,'a' tag is missing a reference
_site/es/lecciones/palabras-clave-en-contexto-n-grams.html,140,'a' tag is missing a reference
_site/es/lecciones/palabras-clave-en-contexto-n-grams.html,177,'a' tag is missing a reference
_site/es/lecciones/palabras-clave-en-contexto-n-grams.html,214,'a' tag is missing a reference
_site/es/lecciones/poniendo-omeka-a-funcionar.html,119,'a' tag is missing a reference
_site/es/lecciones/poniendo-omeka-a-funcionar.html,138,'a' tag is missing a reference
_site/es/lecciones/poniendo-omeka-a-funcionar.html,175,'a' tag is missing a reference
_site/es/lecciones/poniendo-omeka-a-funcionar.html,212,'a' tag is missing a reference
_site/es/lecciones/preservar-datos-de-investigacion.html,119,'a' tag is missing a reference
_site/es/lecciones/preservar-datos-de-investigacion.html,138,'a' tag is missing a reference
_site/es/lecciones/preservar-datos-de-investigacion.html,175,'a' tag is missing a reference
_site/es/lecciones/preservar-datos-de-investigacion.html,212,'a' tag is missing a reference
_site/es/lecciones/procesamiento-basico-de-textos-en-r.html,121,'a' tag is missing a reference
_site/es/lecciones/procesamiento-basico-de-textos-en-r.html,140,'a' tag is missing a reference
_site/es/lecciones/procesamiento-basico-de-textos-en-r.html,177,'a' tag is missing a reference
_site/es/lecciones/procesamiento-basico-de-textos-en-r.html,214,'a' tag is missing a reference
_site/es/lecciones/publicar-archivos-tei-ceteicean.html,119,'a' tag is missing a reference
_site/es/lecciones/publicar-archivos-tei-ceteicean.html,138,'a' tag is missing a reference
_site/es/lecciones/publicar-archivos-tei-ceteicean.html,175,'a' tag is missing a reference
_site/es/lecciones/publicar-archivos-tei-ceteicean.html,212,'a' tag is missing a reference
_site/es/lecciones/retirada/introduccion-control-versiones-github-desktop.html,89,'a' tag is missing a reference
_site/es/lecciones/retirada/introduccion-control-versiones-github-desktop.html,108,'a' tag is missing a reference
_site/es/lecciones/retirada/introduccion-control-versiones-github-desktop.html,145,'a' tag is missing a reference
_site/es/lecciones/retirada/introduccion-control-versiones-github-desktop.html,182,'a' tag is missing a reference
_site/es/lecciones/retirada/sparql-datos-abiertos-enlazados.html,90,'a' tag is missing a reference
_site/es/lecciones/retirada/sparql-datos-abiertos-enlazados.html,109,'a' tag is missing a reference
_site/es/lecciones/retirada/sparql-datos-abiertos-enlazados.html,146,'a' tag is missing a reference
_site/es/lecciones/retirada/sparql-datos-abiertos-enlazados.html,183,'a' tag is missing a reference
_site/es/lecciones/reutilizacion-de-codigo-y-modularidad.html,121,'a' tag is missing a reference
_site/es/lecciones/reutilizacion-de-codigo-y-modularidad.html,140,'a' tag is missing a reference
_site/es/lecciones/reutilizacion-de-codigo-y-modularidad.html,177,'a' tag is missing a reference
_site/es/lecciones/reutilizacion-de-codigo-y-modularidad.html,214,'a' tag is missing a reference
_site/es/lecciones/reutilizando-colecciones-digitales-glam-labs.html,123,'a' tag is missing a reference
_site/es/lecciones/reutilizando-colecciones-digitales-glam-labs.html,142,'a' tag is missing a reference
_site/es/lecciones/reutilizando-colecciones-digitales-glam-labs.html,179,'a' tag is missing a reference
_site/es/lecciones/reutilizando-colecciones-digitales-glam-labs.html,216,'a' tag is missing a reference
_site/es/lecciones/salida-de-datos-como-archivo-html.html,121,'a' tag is missing a reference
_site/es/lecciones/salida-de-datos-como-archivo-html.html,140,'a' tag is missing a reference
_site/es/lecciones/salida-de-datos-como-archivo-html.html,177,'a' tag is missing a reference
_site/es/lecciones/salida-de-datos-como-archivo-html.html,214,'a' tag is missing a reference
_site/es/lecciones/salida-palabras-clave-contexto-ngrams.html,121,'a' tag is missing a reference
_site/es/lecciones/salida-palabras-clave-contexto-ngrams.html,140,'a' tag is missing a reference
_site/es/lecciones/salida-palabras-clave-contexto-ngrams.html,177,'a' tag is missing a reference
_site/es/lecciones/salida-palabras-clave-contexto-ngrams.html,214,'a' tag is missing a reference
_site/es/lecciones/sitios-estaticos-con-jekyll-y-github-pages.html,119,'a' tag is missing a reference
_site/es/lecciones/sitios-estaticos-con-jekyll-y-github-pages.html,138,'a' tag is missing a reference
_site/es/lecciones/sitios-estaticos-con-jekyll-y-github-pages.html,175,'a' tag is missing a reference
_site/es/lecciones/sitios-estaticos-con-jekyll-y-github-pages.html,212,'a' tag is missing a reference
_site/es/lecciones/topic-modeling-y-mallet.html,123,'a' tag is missing a reference
_site/es/lecciones/topic-modeling-y-mallet.html,142,'a' tag is missing a reference
_site/es/lecciones/topic-modeling-y-mallet.html,179,'a' tag is missing a reference
_site/es/lecciones/topic-modeling-y-mallet.html,216,'a' tag is missing a reference
_site/es/lecciones/trabajar-con-archivos-de-texto.html,121,'a' tag is missing a reference
_site/es/lecciones/trabajar-con-archivos-de-texto.html,140,'a' tag is missing a reference
_site/es/lecciones/trabajar-con-archivos-de-texto.html,177,'a' tag is missing a reference
_site/es/lecciones/trabajar-con-archivos-de-texto.html,214,'a' tag is missing a reference
_site/es/lecciones/trabajar-con-paginas-web.html,121,'a' tag is missing a reference
_site/es/lecciones/trabajar-con-paginas-web.html,140,'a' tag is missing a reference
_site/es/lecciones/trabajar-con-paginas-web.html,177,'a' tag is missing a reference
_site/es/lecciones/trabajar-con-paginas-web.html,214,'a' tag is missing a reference
_site/es/lecciones/transformacion-datos-xml-xsl.html,119,'a' tag is missing a reference
_site/es/lecciones/transformacion-datos-xml-xsl.html,138,'a' tag is missing a reference
_site/es/lecciones/transformacion-datos-xml-xsl.html,175,'a' tag is missing a reference
_site/es/lecciones/transformacion-datos-xml-xsl.html,212,'a' tag is missing a reference
_site/es/lecciones/uso-las-colecciones-hathitrust-mineria-textual-R.html,117,'a' tag is missing a reference
_site/es/lecciones/uso-las-colecciones-hathitrust-mineria-textual-R.html,136,'a' tag is missing a reference
_site/es/lecciones/uso-las-colecciones-hathitrust-mineria-textual-R.html,173,'a' tag is missing a reference
_site/es/lecciones/uso-las-colecciones-hathitrust-mineria-textual-R.html,210,'a' tag is missing a reference
_site/es/lecciones/ver-archivos-html.html,121,'a' tag is missing a reference
_site/es/lecciones/ver-archivos-html.html,140,'a' tag is missing a reference
_site/es/lecciones/ver-archivos-html.html,177,'a' tag is missing a reference
_site/es/lecciones/ver-archivos-html.html,214,'a' tag is missing a reference
_site/es/lecciones/visualizacion-y-animacion-de-tablas-historicas-con-R.html,120,'a' tag is missing a reference
_site/es/lecciones/visualizacion-y-animacion-de-tablas-historicas-con-R.html,139,'a' tag is missing a reference
_site/es/lecciones/visualizacion-y-animacion-de-tablas-historicas-con-R.html,176,'a' tag is missing a reference
_site/es/lecciones/visualizacion-y-animacion-de-tablas-historicas-con-R.html,213,'a' tag is missing a reference
_site/es/pia.html,88,'a' tag is missing a reference
_site/es/pia.html,107,'a' tag is missing a reference
_site/es/pia.html,144,'a' tag is missing a reference
_site/es/pia.html,181,'a' tag is missing a reference
_site/es/politica-de-privacidad.html,88,'a' tag is missing a reference
_site/es/politica-de-privacidad.html,107,'a' tag is missing a reference
_site/es/politica-de-privacidad.html,144,'a' tag is missing a reference
_site/es/politica-de-privacidad.html,181,'a' tag is missing a reference
_site/es/politica-retirada-lecciones.html,88,'a' tag is missing a reference
_site/es/politica-retirada-lecciones.html,107,'a' tag is missing a reference
_site/es/politica-retirada-lecciones.html,144,'a' tag is missing a reference
_site/es/politica-retirada-lecciones.html,181,'a' tag is missing a reference
_site/es/retroalimentacion.html,88,'a' tag is missing a reference
_site/es/retroalimentacion.html,107,'a' tag is missing a reference
_site/es/retroalimentacion.html,144,'a' tag is missing a reference
_site/es/retroalimentacion.html,181,'a' tag is missing a reference
_site/es/vacantes.html,88,'a' tag is missing a reference
_site/es/vacantes.html,107,'a' tag is missing a reference
_site/es/vacantes.html,144,'a' tag is missing a reference
_site/es/vacantes.html,181,'a' tag is missing a reference
_site/fr/apropos.html,88,'a' tag is missing a reference
_site/fr/apropos.html,107,'a' tag is missing a reference
_site/fr/apropos.html,144,'a' tag is missing a reference
_site/fr/apropos.html,192,'a' tag is missing a reference
_site/fr/consignes-auteurs.html,88,'a' tag is missing a reference
_site/fr/consignes-auteurs.html,107,'a' tag is missing a reference
_site/fr/consignes-auteurs.html,144,'a' tag is missing a reference
_site/fr/consignes-auteurs.html,192,'a' tag is missing a reference
_site/fr/consignes-evaluateurs.html,88,'a' tag is missing a reference
_site/fr/consignes-evaluateurs.html,107,'a' tag is missing a reference
_site/fr/consignes-evaluateurs.html,144,'a' tag is missing a reference
_site/fr/consignes-evaluateurs.html,192,'a' tag is missing a reference
_site/fr/consignes-redacteurs.html,88,'a' tag is missing a reference
_site/fr/consignes-redacteurs.html,107,'a' tag is missing a reference
_site/fr/consignes-redacteurs.html,144,'a' tag is missing a reference
_site/fr/consignes-redacteurs.html,192,'a' tag is missing a reference
_site/fr/consignes-traducteurs.html,88,'a' tag is missing a reference
_site/fr/consignes-traducteurs.html,107,'a' tag is missing a reference
_site/fr/consignes-traducteurs.html,144,'a' tag is missing a reference
_site/fr/consignes-traducteurs.html,192,'a' tag is missing a reference
_site/fr/contribuer.html,88,'a' tag is missing a reference
_site/fr/contribuer.html,107,'a' tag is missing a reference
_site/fr/contribuer.html,144,'a' tag is missing a reference
_site/fr/contribuer.html,192,'a' tag is missing a reference
_site/fr/dons.html,88,'a' tag is missing a reference
_site/fr/dons.html,107,'a' tag is missing a reference
_site/fr/dons.html,144,'a' tag is missing a reference
_site/fr/dons.html,192,'a' tag is missing a reference
_site/fr/equipe-projet.html,88,'a' tag is missing a reference
_site/fr/equipe-projet.html,107,'a' tag is missing a reference
_site/fr/equipe-projet.html,144,'a' tag is missing a reference
_site/fr/equipe-projet.html,192,'a' tag is missing a reference
_site/fr/evenements.html,88,'a' tag is missing a reference
_site/fr/evenements.html,107,'a' tag is missing a reference
_site/fr/evenements.html,144,'a' tag is missing a reference
_site/fr/evenements.html,192,'a' tag is missing a reference
_site/fr/index.html,87,'a' tag is missing a reference
_site/fr/index.html,106,'a' tag is missing a reference
_site/fr/index.html,143,'a' tag is missing a reference
_site/fr/index.html,191,'a' tag is missing a reference
_site/fr/jisc-tna-partenariat.html,88,'a' tag is missing a reference
_site/fr/jisc-tna-partenariat.html,107,'a' tag is missing a reference
_site/fr/jisc-tna-partenariat.html,144,'a' tag is missing a reference
_site/fr/jisc-tna-partenariat.html,192,'a' tag is missing a reference
_site/fr/lecons/analyse-corpus-antconc.html,120,'a' tag is missing a reference
_site/fr/lecons/analyse-corpus-antconc.html,139,'a' tag is missing a reference
_site/fr/lecons/analyse-corpus-antconc.html,176,'a' tag is missing a reference
_site/fr/lecons/analyse-corpus-antconc.html,224,'a' tag is missing a reference
_site/fr/lecons/analyse-de-documents-avec-tfidf.html,135,'a' tag is missing a reference
_site/fr/lecons/analyse-de-documents-avec-tfidf.html,154,'a' tag is missing a reference
_site/fr/lecons/analyse-de-documents-avec-tfidf.html,191,'a' tag is missing a reference
_site/fr/lecons/analyse-de-documents-avec-tfidf.html,239,'a' tag is missing a reference
_site/fr/lecons/analyse-donnees-tabulaires-R.html,119,'a' tag is missing a reference
_site/fr/lecons/analyse-donnees-tabulaires-R.html,138,'a' tag is missing a reference
_site/fr/lecons/analyse-donnees-tabulaires-R.html,175,'a' tag is missing a reference
_site/fr/lecons/analyse-donnees-tabulaires-R.html,223,'a' tag is missing a reference
_site/fr/lecons/analyse-reseau-python.html,125,'a' tag is missing a reference
_site/fr/lecons/analyse-reseau-python.html,144,'a' tag is missing a reference
_site/fr/lecons/analyse-reseau-python.html,181,'a' tag is missing a reference
_site/fr/lecons/analyse-reseau-python.html,229,'a' tag is missing a reference
_site/fr/lecons/calibration-radiocarbone-avec-r.html,135,'a' tag is missing a reference
_site/fr/lecons/calibration-radiocarbone-avec-r.html,154,'a' tag is missing a reference
_site/fr/lecons/calibration-radiocarbone-avec-r.html,191,'a' tag is missing a reference
_site/fr/lecons/calibration-radiocarbone-avec-r.html,239,'a' tag is missing a reference
_site/fr/lecons/comprendre-les-expressions-regulieres.html,119,'a' tag is missing a reference
_site/fr/lecons/comprendre-les-expressions-regulieres.html,138,'a' tag is missing a reference
_site/fr/lecons/comprendre-les-expressions-regulieres.html,175,'a' tag is missing a reference
_site/fr/lecons/comprendre-les-expressions-regulieres.html,223,'a' tag is missing a reference
_site/fr/lecons/comprendre-les-pages-web.html,121,'a' tag is missing a reference
_site/fr/lecons/comprendre-les-pages-web.html,140,'a' tag is missing a reference
_site/fr/lecons/comprendre-les-pages-web.html,177,'a' tag is missing a reference
_site/fr/lecons/comprendre-les-pages-web.html,225,'a' tag is missing a reference
_site/fr/lecons/concevoir-base-donnees-nodegoat.html,117,'a' tag is missing a reference
_site/fr/lecons/concevoir-base-donnees-nodegoat.html,136,'a' tag is missing a reference
_site/fr/lecons/concevoir-base-donnees-nodegoat.html,173,'a' tag is missing a reference
_site/fr/lecons/concevoir-base-donnees-nodegoat.html,221,'a' tag is missing a reference
_site/fr/lecons/debuter-avec-markdown.html,119,'a' tag is missing a reference
_site/fr/lecons/debuter-avec-markdown.html,138,'a' tag is missing a reference
_site/fr/lecons/debuter-avec-markdown.html,175,'a' tag is missing a reference
_site/fr/lecons/debuter-avec-markdown.html,223,'a' tag is missing a reference
_site/fr/lecons/debuter-avec-markdown.html,772,http://programminghistorian.org/ is not an HTTPS link
_site/fr/lecons/decomptes-de-frequences-de-mots-en-python.html,121,'a' tag is missing a reference
_site/fr/lecons/decomptes-de-frequences-de-mots-en-python.html,140,'a' tag is missing a reference
_site/fr/lecons/decomptes-de-frequences-de-mots-en-python.html,177,'a' tag is missing a reference
_site/fr/lecons/decomptes-de-frequences-de-mots-en-python.html,225,'a' tag is missing a reference
_site/fr/lecons/demarrer-avec-omeka-classic.html,119,'a' tag is missing a reference
_site/fr/lecons/demarrer-avec-omeka-classic.html,138,'a' tag is missing a reference
_site/fr/lecons/demarrer-avec-omeka-classic.html,175,'a' tag is missing a reference
_site/fr/lecons/demarrer-avec-omeka-classic.html,223,'a' tag is missing a reference
_site/fr/lecons/detecter-la-reutilisation-de-texte-avec-passim.html,121,'a' tag is missing a reference
_site/fr/lecons/detecter-la-reutilisation-de-texte-avec-passim.html,140,'a' tag is missing a reference
_site/fr/lecons/detecter-la-reutilisation-de-texte-avec-passim.html,177,'a' tag is missing a reference
_site/fr/lecons/detecter-la-reutilisation-de-texte-avec-passim.html,225,'a' tag is missing a reference
_site/fr/lecons/du-html-a-une-liste-de-mots-1.html,121,'a' tag is missing a reference
_site/fr/lecons/du-html-a-une-liste-de-mots-1.html,140,'a' tag is missing a reference
_site/fr/lecons/du-html-a-une-liste-de-mots-1.html,177,'a' tag is missing a reference
_site/fr/lecons/du-html-a-une-liste-de-mots-1.html,225,'a' tag is missing a reference
_site/fr/lecons/du-html-a-une-liste-de-mots-2.html,121,'a' tag is missing a reference
_site/fr/lecons/du-html-a-une-liste-de-mots-2.html,140,'a' tag is missing a reference
_site/fr/lecons/du-html-a-une-liste-de-mots-2.html,177,'a' tag is missing a reference
_site/fr/lecons/du-html-a-une-liste-de-mots-2.html,225,'a' tag is missing a reference
_site/fr/lecons/generer-jeu-donnees-texte-ocr.html,119,'a' tag is missing a reference
_site/fr/lecons/generer-jeu-donnees-texte-ocr.html,138,'a' tag is missing a reference
_site/fr/lecons/generer-jeu-donnees-texte-ocr.html,175,'a' tag is missing a reference
_site/fr/lecons/generer-jeu-donnees-texte-ocr.html,223,'a' tag is missing a reference
_site/fr/lecons/gestion-manipulation-donnees-r.html,119,'a' tag is missing a reference
_site/fr/lecons/gestion-manipulation-donnees-r.html,138,'a' tag is missing a reference
_site/fr/lecons/gestion-manipulation-donnees-r.html,175,'a' tag is missing a reference
_site/fr/lecons/gestion-manipulation-donnees-r.html,223,'a' tag is missing a reference
_site/fr/lecons/index.html,88,'a' tag is missing a reference
_site/fr/lecons/index.html,107,'a' tag is missing a reference
_site/fr/lecons/index.html,144,'a' tag is missing a reference
_site/fr/lecons/index.html,192,'a' tag is missing a reference
_site/fr/lecons/installation-modules-python-pip.html,119,'a' tag is missing a reference
_site/fr/lecons/installation-modules-python-pip.html,138,'a' tag is missing a reference
_site/fr/lecons/installation-modules-python-pip.html,175,'a' tag is missing a reference
_site/fr/lecons/installation-modules-python-pip.html,223,'a' tag is missing a reference
_site/fr/lecons/installation-windows-py.html,121,'a' tag is missing a reference
_site/fr/lecons/installation-windows-py.html,140,'a' tag is missing a reference
_site/fr/lecons/installation-windows-py.html,177,'a' tag is missing a reference
_site/fr/lecons/installation-windows-py.html,225,'a' tag is missing a reference
_site/fr/lecons/installer-ide-python-linux.html,121,'a' tag is missing a reference
_site/fr/lecons/installer-ide-python-linux.html,140,'a' tag is missing a reference
_site/fr/lecons/installer-ide-python-linux.html,177,'a' tag is missing a reference
_site/fr/lecons/installer-ide-python-linux.html,225,'a' tag is missing a reference
_site/fr/lecons/intro-a-bash-et-zsh.html,121,'a' tag is missing a reference
_site/fr/lecons/intro-a-bash-et-zsh.html,140,'a' tag is missing a reference
_site/fr/lecons/intro-a-bash-et-zsh.html,177,'a' tag is missing a reference
_site/fr/lecons/intro-a-bash-et-zsh.html,225,'a' tag is missing a reference
_site/fr/lecons/intro-aux-bots-twitter.html,119,'a' tag is missing a reference
_site/fr/lecons/intro-aux-bots-twitter.html,138,'a' tag is missing a reference
_site/fr/lecons/intro-aux-bots-twitter.html,175,'a' tag is missing a reference
_site/fr/lecons/intro-aux-bots-twitter.html,223,'a' tag is missing a reference
_site/fr/lecons/introduction-a-heurist.html,117,'a' tag is missing a reference
_site/fr/lecons/introduction-a-heurist.html,136,'a' tag is missing a reference
_site/fr/lecons/introduction-a-heurist.html,173,'a' tag is missing a reference
_site/fr/lecons/introduction-a-heurist.html,221,'a' tag is missing a reference
_site/fr/lecons/introduction-a-heurist.html,667,'a' tag is missing a reference
_site/fr/lecons/introduction-a-heurist.html,832,'a' tag is missing a reference
_site/fr/lecons/introduction-a-la-stylometrie-avec-python.html,119,'a' tag is missing a reference
_site/fr/lecons/introduction-a-la-stylometrie-avec-python.html,138,'a' tag is missing a reference
_site/fr/lecons/introduction-a-la-stylometrie-avec-python.html,175,'a' tag is missing a reference
_site/fr/lecons/introduction-a-la-stylometrie-avec-python.html,223,'a' tag is missing a reference
_site/fr/lecons/introduction-aux-carnets-jupyter-notebooks.html,123,'a' tag is missing a reference
_site/fr/lecons/introduction-aux-carnets-jupyter-notebooks.html,142,'a' tag is missing a reference
_site/fr/lecons/introduction-aux-carnets-jupyter-notebooks.html,179,'a' tag is missing a reference
_site/fr/lecons/introduction-aux-carnets-jupyter-notebooks.html,227,'a' tag is missing a reference
_site/fr/lecons/introduction-aux-carnets-jupyter-notebooks.html,695,'a' tag is missing a reference
_site/fr/lecons/introduction-aux-carnets-jupyter-notebooks.html,942,'a' tag is missing a reference
_site/fr/lecons/introduction-et-installation.html,121,'a' tag is missing a reference
_site/fr/lecons/introduction-et-installation.html,140,'a' tag is missing a reference
_site/fr/lecons/introduction-et-installation.html,177,'a' tag is missing a reference
_site/fr/lecons/introduction-et-installation.html,225,'a' tag is missing a reference
_site/fr/lecons/manipuler-chaines-caracteres-python.html,121,'a' tag is missing a reference
_site/fr/lecons/manipuler-chaines-caracteres-python.html,140,'a' tag is missing a reference
_site/fr/lecons/manipuler-chaines-caracteres-python.html,177,'a' tag is missing a reference
_site/fr/lecons/manipuler-chaines-caracteres-python.html,225,'a' tag is missing a reference
_site/fr/lecons/nettoyer-ses-donnees-avec-openrefine.html,123,'a' tag is missing a reference
_site/fr/lecons/nettoyer-ses-donnees-avec-openrefine.html,142,'a' tag is missing a reference
_site/fr/lecons/nettoyer-ses-donnees-avec-openrefine.html,179,'a' tag is missing a reference
_site/fr/lecons/nettoyer-ses-donnees-avec-openrefine.html,227,'a' tag is missing a reference
_site/fr/lecons/normaliser-donnees-textuelles-python.html,121,'a' tag is missing a reference
_site/fr/lecons/normaliser-donnees-textuelles-python.html,140,'a' tag is missing a reference
_site/fr/lecons/normaliser-donnees-textuelles-python.html,177,'a' tag is missing a reference
_site/fr/lecons/normaliser-donnees-textuelles-python.html,225,'a' tag is missing a reference
_site/fr/lecons/preserver-logiciels-recherche.html,121,'a' tag is missing a reference
_site/fr/lecons/preserver-logiciels-recherche.html,140,'a' tag is missing a reference
_site/fr/lecons/preserver-logiciels-recherche.html,177,'a' tag is missing a reference
_site/fr/lecons/preserver-logiciels-recherche.html,225,'a' tag is missing a reference
_site/fr/lecons/preserver-ses-donnees-de-recherche.html,119,'a' tag is missing a reference
_site/fr/lecons/preserver-ses-donnees-de-recherche.html,138,'a' tag is missing a reference
_site/fr/lecons/preserver-ses-donnees-de-recherche.html,175,'a' tag is missing a reference
_site/fr/lecons/preserver-ses-donnees-de-recherche.html,223,'a' tag is missing a reference
_site/fr/lecons/redaction-durable-avec-pandoc-et-markdown.html,121,'a' tag is missing a reference
_site/fr/lecons/redaction-durable-avec-pandoc-et-markdown.html,140,'a' tag is missing a reference
_site/fr/lecons/redaction-durable-avec-pandoc-et-markdown.html,177,'a' tag is missing a reference
_site/fr/lecons/redaction-durable-avec-pandoc-et-markdown.html,225,'a' tag is missing a reference
_site/fr/lecons/reutilisation-de-code-et-modularite.html,121,'a' tag is missing a reference
_site/fr/lecons/reutilisation-de-code-et-modularite.html,140,'a' tag is missing a reference
_site/fr/lecons/reutilisation-de-code-et-modularite.html,177,'a' tag is missing a reference
_site/fr/lecons/reutilisation-de-code-et-modularite.html,225,'a' tag is missing a reference
_site/fr/lecons/telecharger-des-pages-web-avec-python.html,121,'a' tag is missing a reference
_site/fr/lecons/telecharger-des-pages-web-avec-python.html,140,'a' tag is missing a reference
_site/fr/lecons/telecharger-des-pages-web-avec-python.html,177,'a' tag is missing a reference
_site/fr/lecons/telecharger-des-pages-web-avec-python.html,225,'a' tag is missing a reference
_site/fr/lecons/transcription-automatisee-graphies-non-latines.html,133,'a' tag is missing a reference
_site/fr/lecons/transcription-automatisee-graphies-non-latines.html,152,'a' tag is missing a reference
_site/fr/lecons/transcription-automatisee-graphies-non-latines.html,189,'a' tag is missing a reference
_site/fr/lecons/transcription-automatisee-graphies-non-latines.html,237,'a' tag is missing a reference
_site/fr/lecons/travailler-avec-des-fichiers-texte.html,121,'a' tag is missing a reference
_site/fr/lecons/travailler-avec-des-fichiers-texte.html,140,'a' tag is missing a reference
_site/fr/lecons/travailler-avec-des-fichiers-texte.html,177,'a' tag is missing a reference
_site/fr/lecons/travailler-avec-des-fichiers-texte.html,225,'a' tag is missing a reference
_site/fr/nos-soutiens.html,88,'a' tag is missing a reference
_site/fr/nos-soutiens.html,107,'a' tag is missing a reference
_site/fr/nos-soutiens.html,144,'a' tag is missing a reference
_site/fr/nos-soutiens.html,192,'a' tag is missing a reference
_site/fr/pi.html,88,'a' tag is missing a reference
_site/fr/pi.html,107,'a' tag is missing a reference
_site/fr/pi.html,144,'a' tag is missing a reference
_site/fr/pi.html,192,'a' tag is missing a reference
_site/fr/politique-retrait-lecons.html,88,'a' tag is missing a reference
_site/fr/politique-retrait-lecons.html,107,'a' tag is missing a reference
_site/fr/politique-retrait-lecons.html,144,'a' tag is missing a reference
_site/fr/politique-retrait-lecons.html,192,'a' tag is missing a reference
_site/fr/politique-vie-privee.html,88,'a' tag is missing a reference
_site/fr/politique-vie-privee.html,107,'a' tag is missing a reference
_site/fr/politique-vie-privee.html,144,'a' tag is missing a reference
_site/fr/politique-vie-privee.html,192,'a' tag is missing a reference
_site/fr/postes-vacants.html,88,'a' tag is missing a reference
_site/fr/postes-vacants.html,107,'a' tag is missing a reference
_site/fr/postes-vacants.html,144,'a' tag is missing a reference
_site/fr/postes-vacants.html,192,'a' tag is missing a reference
_site/fr/reaction.html,88,'a' tag is missing a reference
_site/fr/reaction.html,107,'a' tag is missing a reference
_site/fr/reaction.html,144,'a' tag is missing a reference
_site/fr/reaction.html,192,'a' tag is missing a reference
_site/fr/recherche.html,88,'a' tag is missing a reference
_site/fr/recherche.html,107,'a' tag is missing a reference
_site/fr/recherche.html,144,'a' tag is missing a reference
_site/fr/recherche.html,192,'a' tag is missing a reference
_site/index.html,87,'a' tag is missing a reference
_site/index.html,106,'a' tag is missing a reference
_site/index.html,143,'a' tag is missing a reference
_site/index.html,169,'a' tag is missing a reference
_site/posts/2022-in-review.html,105,'a' tag is missing a reference
_site/posts/2022-in-review.html,124,'a' tag is missing a reference
_site/posts/2022-in-review.html,161,'a' tag is missing a reference
_site/posts/2022-in-review.html,187,'a' tag is missing a reference
_site/posts/2022-in-review.html,287,[https://programminghistorian.org/en/about] is an invalid URL
_site/posts/DH-Award-2017.html,106,'a' tag is missing a reference
_site/posts/DH-Award-2017.html,125,'a' tag is missing a reference
_site/posts/DH-Award-2017.html,162,'a' tag is missing a reference
_site/posts/DH-Award-2017.html,188,'a' tag is missing a reference
_site/posts/FR-team.html,107,'a' tag is missing a reference
_site/posts/FR-team.html,126,'a' tag is missing a reference
_site/posts/FR-team.html,163,'a' tag is missing a reference
_site/posts/FR-team.html,189,'a' tag is missing a reference
_site/posts/Open-Education-Week.html,107,'a' tag is missing a reference
_site/posts/Open-Education-Week.html,126,'a' tag is missing a reference
_site/posts/Open-Education-Week.html,163,'a' tag is missing a reference
_site/posts/Open-Education-Week.html,189,'a' tag is missing a reference
_site/posts/PH-TNA-JISC-event-2-annoucement.html,107,'a' tag is missing a reference
_site/posts/PH-TNA-JISC-event-2-annoucement.html,126,'a' tag is missing a reference
_site/posts/PH-TNA-JISC-event-2-annoucement.html,163,'a' tag is missing a reference
_site/posts/PH-TNA-JISC-event-2-annoucement.html,189,'a' tag is missing a reference
_site/posts/PH-commitment-to-diversity.html,107,'a' tag is missing a reference
_site/posts/PH-commitment-to-diversity.html,126,'a' tag is missing a reference
_site/posts/PH-commitment-to-diversity.html,163,'a' tag is missing a reference
_site/posts/PH-commitment-to-diversity.html,189,'a' tag is missing a reference
_site/posts/PH-contributors.html,107,'a' tag is missing a reference
_site/posts/PH-contributors.html,126,'a' tag is missing a reference
_site/posts/PH-contributors.html,163,'a' tag is missing a reference
_site/posts/PH-contributors.html,189,'a' tag is missing a reference
_site/posts/PH-espanol-in-DH2018.html,107,'a' tag is missing a reference
_site/posts/PH-espanol-in-DH2018.html,126,'a' tag is missing a reference
_site/posts/PH-espanol-in-DH2018.html,163,'a' tag is missing a reference
_site/posts/PH-espanol-in-DH2018.html,189,'a' tag is missing a reference
_site/posts/Uses-Of-The-Programming-Historian.html,105,'a' tag is missing a reference
_site/posts/Uses-Of-The-Programming-Historian.html,124,'a' tag is missing a reference
_site/posts/Uses-Of-The-Programming-Historian.html,161,'a' tag is missing a reference
_site/posts/Uses-Of-The-Programming-Historian.html,187,'a' tag is missing a reference
_site/posts/ad-hoc-translation.html,105,'a' tag is missing a reference
_site/posts/ad-hoc-translation.html,124,'a' tag is missing a reference
_site/posts/ad-hoc-translation.html,161,'a' tag is missing a reference
_site/posts/ad-hoc-translation.html,187,'a' tag is missing a reference
_site/posts/adding-to-library-catalogue.html,105,'a' tag is missing a reference
_site/posts/adding-to-library-catalogue.html,124,'a' tag is missing a reference
_site/posts/adding-to-library-catalogue.html,161,'a' tag is missing a reference
_site/posts/adding-to-library-catalogue.html,187,'a' tag is missing a reference
_site/posts/anisa-welcome.html,105,'a' tag is missing a reference
_site/posts/anisa-welcome.html,124,'a' tag is missing a reference
_site/posts/anisa-welcome.html,161,'a' tag is missing a reference
_site/posts/anisa-welcome.html,187,'a' tag is missing a reference
_site/posts/anna-maria-sichani.html,108,'a' tag is missing a reference
_site/posts/anna-maria-sichani.html,127,'a' tag is missing a reference
_site/posts/anna-maria-sichani.html,164,'a' tag is missing a reference
_site/posts/anna-maria-sichani.html,190,'a' tag is missing a reference
_site/posts/announcing-new-team-spanish-language-editors.html,107,'a' tag is missing a reference
_site/posts/announcing-new-team-spanish-language-editors.html,126,'a' tag is missing a reference
_site/posts/announcing-new-team-spanish-language-editors.html,163,'a' tag is missing a reference
_site/posts/announcing-new-team-spanish-language-editors.html,189,'a' tag is missing a reference
_site/posts/appel-a-propositions.html,107,'a' tag is missing a reference
_site/posts/appel-a-propositions.html,126,'a' tag is missing a reference
_site/posts/appel-a-propositions.html,163,'a' tag is missing a reference
_site/posts/appel-a-propositions.html,189,'a' tag is missing a reference
_site/posts/appel-a-traductions.html,105,'a' tag is missing a reference
_site/posts/appel-a-traductions.html,124,'a' tag is missing a reference
_site/posts/appel-a-traductions.html,161,'a' tag is missing a reference
_site/posts/appel-a-traductions.html,187,'a' tag is missing a reference
_site/posts/articles-selected-ph-jisc-tna.html,107,'a' tag is missing a reference
_site/posts/articles-selected-ph-jisc-tna.html,126,'a' tag is missing a reference
_site/posts/articles-selected-ph-jisc-tna.html,163,'a' tag is missing a reference
_site/posts/articles-selected-ph-jisc-tna.html,189,'a' tag is missing a reference
_site/posts/bienvenue-ph-fr.html,105,'a' tag is missing a reference
_site/posts/bienvenue-ph-fr.html,124,'a' tag is missing a reference
_site/posts/bienvenue-ph-fr.html,161,'a' tag is missing a reference
_site/posts/bienvenue-ph-fr.html,187,'a' tag is missing a reference
_site/posts/bogota-workshop-report.html,107,'a' tag is missing a reference
_site/posts/bogota-workshop-report.html,126,'a' tag is missing a reference
_site/posts/bogota-workshop-report.html,163,'a' tag is missing a reference
_site/posts/bogota-workshop-report.html,189,'a' tag is missing a reference
_site/posts/bolentin-informativo.html,105,'a' tag is missing a reference
_site/posts/bolentin-informativo.html,124,'a' tag is missing a reference
_site/posts/bolentin-informativo.html,161,'a' tag is missing a reference
_site/posts/bolentin-informativo.html,187,'a' tag is missing a reference
_site/posts/boletin-informativo-junio20.html,107,'a' tag is missing a reference
_site/posts/boletin-informativo-junio20.html,126,'a' tag is missing a reference
_site/posts/boletin-informativo-junio20.html,163,'a' tag is missing a reference
_site/posts/boletin-informativo-junio20.html,189,'a' tag is missing a reference
_site/posts/boletin-informativo-march20.html,107,'a' tag is missing a reference
_site/posts/boletin-informativo-march20.html,126,'a' tag is missing a reference
_site/posts/boletin-informativo-march20.html,163,'a' tag is missing a reference
_site/posts/boletin-informativo-march20.html,189,'a' tag is missing a reference
_site/posts/boletin-informativo-oct20.html,105,'a' tag is missing a reference
_site/posts/boletin-informativo-oct20.html,124,'a' tag is missing a reference
_site/posts/boletin-informativo-oct20.html,161,'a' tag is missing a reference
_site/posts/boletin-informativo-oct20.html,187,'a' tag is missing a reference
_site/posts/boletin-informativo.html,107,'a' tag is missing a reference
_site/posts/boletin-informativo.html,126,'a' tag is missing a reference
_site/posts/boletin-informativo.html,163,'a' tag is missing a reference
_site/posts/boletin-informativo.html,189,'a' tag is missing a reference
_site/posts/buletin-de-information.html,105,'a' tag is missing a reference
_site/posts/buletin-de-information.html,124,'a' tag is missing a reference
_site/posts/buletin-de-information.html,161,'a' tag is missing a reference
_site/posts/buletin-de-information.html,187,'a' tag is missing a reference
_site/posts/bulletin-de-information-juin20.html,107,'a' tag is missing a reference
_site/posts/bulletin-de-information-juin20.html,126,'a' tag is missing a reference
_site/posts/bulletin-de-information-juin20.html,163,'a' tag is missing a reference
_site/posts/bulletin-de-information-juin20.html,189,'a' tag is missing a reference
_site/posts/bulletin-de-information-juin20.html,393,'a' tag is missing a reference
_site/posts/bulletin-de-information-march20.html,108,'a' tag is missing a reference
_site/posts/bulletin-de-information-march20.html,127,'a' tag is missing a reference
_site/posts/bulletin-de-information-march20.html,164,'a' tag is missing a reference
_site/posts/bulletin-de-information-march20.html,190,'a' tag is missing a reference
_site/posts/bulletin-de-information-march20.html,345,'a' tag is missing a reference
_site/posts/bulletin-de-information-oct20.html,105,'a' tag is missing a reference
_site/posts/bulletin-de-information-oct20.html,124,'a' tag is missing a reference
_site/posts/bulletin-de-information-oct20.html,161,'a' tag is missing a reference
_site/posts/bulletin-de-information-oct20.html,187,'a' tag is missing a reference
_site/posts/bulletin-de-information-oct20.html,337,'a' tag is missing a reference
_site/posts/bulletin-de-information.html,107,'a' tag is missing a reference
_site/posts/bulletin-de-information.html,126,'a' tag is missing a reference
_site/posts/bulletin-de-information.html,163,'a' tag is missing a reference
_site/posts/bulletin-de-information.html,189,'a' tag is missing a reference
_site/posts/bulletin-de-information.html,331,'a' tag is missing a reference
_site/posts/bulletin-issue-01.html,105,'a' tag is missing a reference
_site/posts/bulletin-issue-01.html,124,'a' tag is missing a reference
_site/posts/bulletin-issue-01.html,161,'a' tag is missing a reference
_site/posts/bulletin-issue-01.html,187,'a' tag is missing a reference
_site/posts/bulletin-issue-02.html,105,'a' tag is missing a reference
_site/posts/bulletin-issue-02.html,124,'a' tag is missing a reference
_site/posts/bulletin-issue-02.html,161,'a' tag is missing a reference
_site/posts/bulletin-issue-02.html,187,'a' tag is missing a reference
_site/posts/bulletin-issue-03.html,105,'a' tag is missing a reference
_site/posts/bulletin-issue-03.html,124,'a' tag is missing a reference
_site/posts/bulletin-issue-03.html,161,'a' tag is missing a reference
_site/posts/bulletin-issue-03.html,187,'a' tag is missing a reference
_site/posts/bulletin-issue-04.html,105,'a' tag is missing a reference
_site/posts/bulletin-issue-04.html,124,'a' tag is missing a reference
_site/posts/bulletin-issue-04.html,161,'a' tag is missing a reference
_site/posts/bulletin-issue-04.html,187,'a' tag is missing a reference
_site/posts/bulletin-issue-05.html,105,'a' tag is missing a reference
_site/posts/bulletin-issue-05.html,124,'a' tag is missing a reference
_site/posts/bulletin-issue-05.html,161,'a' tag is missing a reference
_site/posts/bulletin-issue-05.html,187,'a' tag is missing a reference
_site/posts/bulletin-issue-06.html,105,'a' tag is missing a reference
_site/posts/bulletin-issue-06.html,124,'a' tag is missing a reference
_site/posts/bulletin-issue-06.html,161,'a' tag is missing a reference
_site/posts/bulletin-issue-06.html,187,'a' tag is missing a reference
_site/posts/call-for-editors-en.html,105,'a' tag is missing a reference
_site/posts/call-for-editors-en.html,124,'a' tag is missing a reference
_site/posts/call-for-editors-en.html,161,'a' tag is missing a reference
_site/posts/call-for-editors-en.html,187,'a' tag is missing a reference
_site/posts/call-for-editors.html,105,'a' tag is missing a reference
_site/posts/call-for-editors.html,124,'a' tag is missing a reference
_site/posts/call-for-editors.html,161,'a' tag is missing a reference
_site/posts/call-for-editors.html,187,'a' tag is missing a reference
_site/posts/call-for-fr-members.html,105,'a' tag is missing a reference
_site/posts/call-for-fr-members.html,124,'a' tag is missing a reference
_site/posts/call-for-fr-members.html,161,'a' tag is missing a reference
_site/posts/call-for-fr-members.html,187,'a' tag is missing a reference
_site/posts/call-to-action.html,107,'a' tag is missing a reference
_site/posts/call-to-action.html,126,'a' tag is missing a reference
_site/posts/call-to-action.html,163,'a' tag is missing a reference
_site/posts/call-to-action.html,189,'a' tag is missing a reference
_site/posts/call-to-action.html,285,'a' tag is missing a reference
_site/posts/cfp-jisc-ph.html,107,'a' tag is missing a reference
_site/posts/cfp-jisc-ph.html,126,'a' tag is missing a reference
_site/posts/cfp-jisc-ph.html,163,'a' tag is missing a reference
_site/posts/cfp-jisc-ph.html,189,'a' tag is missing a reference
_site/posts/charlotte-welcome.html,105,'a' tag is missing a reference
_site/posts/charlotte-welcome.html,124,'a' tag is missing a reference
_site/posts/charlotte-welcome.html,161,'a' tag is missing a reference
_site/posts/charlotte-welcome.html,187,'a' tag is missing a reference
_site/posts/convocatoria-de-tutoriales.html,105,'a' tag is missing a reference
_site/posts/convocatoria-de-tutoriales.html,124,'a' tag is missing a reference
_site/posts/convocatoria-de-tutoriales.html,161,'a' tag is missing a reference
_site/posts/convocatoria-de-tutoriales.html,187,'a' tag is missing a reference
_site/posts/convocatoria-editor.html,105,'a' tag is missing a reference
_site/posts/convocatoria-editor.html,124,'a' tag is missing a reference
_site/posts/convocatoria-editor.html,161,'a' tag is missing a reference
_site/posts/convocatoria-editor.html,187,'a' tag is missing a reference
_site/posts/convocatoria-editores-2021.html,107,'a' tag is missing a reference
_site/posts/convocatoria-editores-2021.html,126,'a' tag is missing a reference
_site/posts/convocatoria-editores-2021.html,163,'a' tag is missing a reference
_site/posts/convocatoria-editores-2021.html,189,'a' tag is missing a reference
_site/posts/convocatoria-para-editores.html,105,'a' tag is missing a reference
_site/posts/convocatoria-para-editores.html,124,'a' tag is missing a reference
_site/posts/convocatoria-para-editores.html,161,'a' tag is missing a reference
_site/posts/convocatoria-para-editores.html,187,'a' tag is missing a reference
_site/posts/convocatoria-taller-PH-espanol.html,106,'a' tag is missing a reference
_site/posts/convocatoria-taller-PH-espanol.html,125,'a' tag is missing a reference
_site/posts/convocatoria-taller-PH-espanol.html,162,'a' tag is missing a reference
_site/posts/convocatoria-taller-PH-espanol.html,188,'a' tag is missing a reference
_site/posts/corpus-linguistics-in-action.html,105,'a' tag is missing a reference
_site/posts/corpus-linguistics-in-action.html,124,'a' tag is missing a reference
_site/posts/corpus-linguistics-in-action.html,161,'a' tag is missing a reference
_site/posts/corpus-linguistics-in-action.html,187,'a' tag is missing a reference
_site/posts/december-newsletter.html,107,'a' tag is missing a reference
_site/posts/december-newsletter.html,126,'a' tag is missing a reference
_site/posts/december-newsletter.html,163,'a' tag is missing a reference
_site/posts/december-newsletter.html,189,'a' tag is missing a reference
_site/posts/dh-award-2016.html,106,'a' tag is missing a reference
_site/posts/dh-award-2016.html,125,'a' tag is missing a reference
_site/posts/dh-award-2016.html,162,'a' tag is missing a reference
_site/posts/dh-award-2016.html,188,'a' tag is missing a reference
_site/posts/dh-publishing-assistant.html,105,'a' tag is missing a reference
_site/posts/dh-publishing-assistant.html,124,'a' tag is missing a reference
_site/posts/dh-publishing-assistant.html,161,'a' tag is missing a reference
_site/posts/dh-publishing-assistant.html,187,'a' tag is missing a reference
_site/posts/digital-storytelling-immigrant-stories.html,105,'a' tag is missing a reference
_site/posts/digital-storytelling-immigrant-stories.html,124,'a' tag is missing a reference
_site/posts/digital-storytelling-immigrant-stories.html,161,'a' tag is missing a reference
_site/posts/digital-storytelling-immigrant-stories.html,187,'a' tag is missing a reference
_site/posts/distant-reading-in-the-undergraduate-classroom.html,105,'a' tag is missing a reference
_site/posts/distant-reading-in-the-undergraduate-classroom.html,124,'a' tag is missing a reference
_site/posts/distant-reading-in-the-undergraduate-classroom.html,161,'a' tag is missing a reference
_site/posts/distant-reading-in-the-undergraduate-classroom.html,187,'a' tag is missing a reference
_site/posts/dois-for-ph.html,107,'a' tag is missing a reference
_site/posts/dois-for-ph.html,126,'a' tag is missing a reference
_site/posts/dois-for-ph.html,163,'a' tag is missing a reference
_site/posts/dois-for-ph.html,189,'a' tag is missing a reference
_site/posts/edinburgh-workshop-2015.html,105,'a' tag is missing a reference
_site/posts/edinburgh-workshop-2015.html,124,'a' tag is missing a reference
_site/posts/edinburgh-workshop-2015.html,161,'a' tag is missing a reference
_site/posts/edinburgh-workshop-2015.html,187,'a' tag is missing a reference
_site/posts/education-and-community-lead.html,105,'a' tag is missing a reference
_site/posts/education-and-community-lead.html,124,'a' tag is missing a reference
_site/posts/education-and-community-lead.html,161,'a' tag is missing a reference
_site/posts/education-and-community-lead.html,187,'a' tag is missing a reference
_site/posts/en-call-for-lessons.html,107,'a' tag is missing a reference
_site/posts/en-call-for-lessons.html,126,'a' tag is missing a reference
_site/posts/en-call-for-lessons.html,163,'a' tag is missing a reference
_site/posts/en-call-for-lessons.html,189,'a' tag is missing a reference
_site/posts/en-call-for-proposals.html,107,'a' tag is missing a reference
_site/posts/en-call-for-proposals.html,126,'a' tag is missing a reference
_site/posts/en-call-for-proposals.html,163,'a' tag is missing a reference
_site/posts/en-call-for-proposals.html,189,'a' tag is missing a reference
_site/posts/es-buscamos-revisores.html,107,'a' tag is missing a reference
_site/posts/es-buscamos-revisores.html,126,'a' tag is missing a reference
_site/posts/es-buscamos-revisores.html,163,'a' tag is missing a reference
_site/posts/es-buscamos-revisores.html,189,'a' tag is missing a reference
_site/posts/fd-laramee.html,108,'a' tag is missing a reference
_site/posts/fd-laramee.html,127,'a' tag is missing a reference
_site/posts/fd-laramee.html,164,'a' tag is missing a reference
_site/posts/fd-laramee.html,190,'a' tag is missing a reference
_site/posts/first-teaching-workshop.html,107,'a' tag is missing a reference
_site/posts/first-teaching-workshop.html,126,'a' tag is missing a reference
_site/posts/first-teaching-workshop.html,163,'a' tag is missing a reference
_site/posts/first-teaching-workshop.html,189,'a' tag is missing a reference
_site/posts/full-text-search.html,107,'a' tag is missing a reference
_site/posts/full-text-search.html,126,'a' tag is missing a reference
_site/posts/full-text-search.html,163,'a' tag is missing a reference
_site/posts/full-text-search.html,189,'a' tag is missing a reference
_site/posts/gisele-welcome.html,105,'a' tag is missing a reference
_site/posts/gisele-welcome.html,124,'a' tag is missing a reference
_site/posts/gisele-welcome.html,161,'a' tag is missing a reference
_site/posts/gisele-welcome.html,187,'a' tag is missing a reference
_site/posts/history-of-protest.html,108,'a' tag is missing a reference
_site/posts/history-of-protest.html,127,'a' tag is missing a reference
_site/posts/history-of-protest.html,164,'a' tag is missing a reference
_site/posts/history-of-protest.html,190,'a' tag is missing a reference
_site/posts/how-we-moved-to-github.html,105,'a' tag is missing a reference
_site/posts/how-we-moved-to-github.html,124,'a' tag is missing a reference
_site/posts/how-we-moved-to-github.html,161,'a' tag is missing a reference
_site/posts/how-we-moved-to-github.html,187,'a' tag is missing a reference
_site/posts/how-we-moved-to-github.html,281,'a' tag is missing a reference
_site/posts/infrastructure-at-ph.html,106,'a' tag is missing a reference
_site/posts/infrastructure-at-ph.html,125,'a' tag is missing a reference
_site/posts/infrastructure-at-ph.html,162,'a' tag is missing a reference
_site/posts/infrastructure-at-ph.html,188,'a' tag is missing a reference
_site/posts/jennifer-isasi-jose-a-motilla.html,106,'a' tag is missing a reference
_site/posts/jennifer-isasi-jose-a-motilla.html,125,'a' tag is missing a reference
_site/posts/jennifer-isasi-jose-a-motilla.html,162,'a' tag is missing a reference
_site/posts/jennifer-isasi-jose-a-motilla.html,188,'a' tag is missing a reference
_site/posts/join-IPP.html,107,'a' tag is missing a reference
_site/posts/join-IPP.html,126,'a' tag is missing a reference
_site/posts/join-IPP.html,163,'a' tag is missing a reference
_site/posts/join-IPP.html,189,'a' tag is missing a reference
_site/posts/lanzamiento-PH-espanol.html,106,'a' tag is missing a reference
_site/posts/lanzamiento-PH-espanol.html,125,'a' tag is missing a reference
_site/posts/lanzamiento-PH-espanol.html,162,'a' tag is missing a reference
_site/posts/lanzamiento-PH-espanol.html,188,'a' tag is missing a reference
_site/posts/launch-PH-Spanish.html,106,'a' tag is missing a reference
_site/posts/launch-PH-Spanish.html,125,'a' tag is missing a reference
_site/posts/launch-PH-Spanish.html,162,'a' tag is missing a reference
_site/posts/launch-PH-Spanish.html,188,'a' tag is missing a reference
_site/posts/launch-portuguese.html,107,'a' tag is missing a reference
_site/posts/launch-portuguese.html,126,'a' tag is missing a reference
_site/posts/launch-portuguese.html,163,'a' tag is missing a reference
_site/posts/launch-portuguese.html,189,'a' tag is missing a reference
_site/posts/lessons-we-would-like-to-see.html,107,'a' tag is missing a reference
_site/posts/lessons-we-would-like-to-see.html,126,'a' tag is missing a reference
_site/posts/lessons-we-would-like-to-see.html,163,'a' tag is missing a reference
_site/posts/lessons-we-would-like-to-see.html,189,'a' tag is missing a reference
_site/posts/llano-gribomont-vaughan.html,105,'a' tag is missing a reference
_site/posts/llano-gribomont-vaughan.html,124,'a' tag is missing a reference
_site/posts/llano-gribomont-vaughan.html,161,'a' tag is missing a reference
_site/posts/llano-gribomont-vaughan.html,187,'a' tag is missing a reference
_site/posts/matthew-lincoln.html,108,'a' tag is missing a reference
_site/posts/matthew-lincoln.html,127,'a' tag is missing a reference
_site/posts/matthew-lincoln.html,164,'a' tag is missing a reference
_site/posts/matthew-lincoln.html,190,'a' tag is missing a reference
_site/posts/merci-les-amis.html,107,'a' tag is missing a reference
_site/posts/merci-les-amis.html,126,'a' tag is missing a reference
_site/posts/merci-les-amis.html,163,'a' tag is missing a reference
_site/posts/merci-les-amis.html,189,'a' tag is missing a reference
_site/posts/mid-year-21-newsletter.html,107,'a' tag is missing a reference
_site/posts/mid-year-21-newsletter.html,126,'a' tag is missing a reference
_site/posts/mid-year-21-newsletter.html,163,'a' tag is missing a reference
_site/posts/mid-year-21-newsletter.html,189,'a' tag is missing a reference
_site/posts/mid-year-newsletter.html,107,'a' tag is missing a reference
_site/posts/mid-year-newsletter.html,126,'a' tag is missing a reference
_site/posts/mid-year-newsletter.html,163,'a' tag is missing a reference
_site/posts/mid-year-newsletter.html,189,'a' tag is missing a reference
_site/posts/model-workshop.html,106,'a' tag is missing a reference
_site/posts/model-workshop.html,125,'a' tag is missing a reference
_site/posts/model-workshop.html,162,'a' tag is missing a reference
_site/posts/model-workshop.html,188,'a' tag is missing a reference
_site/posts/new-english-managing-editor.html,105,'a' tag is missing a reference
_site/posts/new-english-managing-editor.html,124,'a' tag is missing a reference
_site/posts/new-english-managing-editor.html,161,'a' tag is missing a reference
_site/posts/new-english-managing-editor.html,187,'a' tag is missing a reference
_site/posts/new-lessons-page.html,105,'a' tag is missing a reference
_site/posts/new-lessons-page.html,124,'a' tag is missing a reference
_site/posts/new-lessons-page.html,161,'a' tag is missing a reference
_site/posts/new-lessons-page.html,187,'a' tag is missing a reference
_site/posts/new-navigation.html,107,'a' tag is missing a reference
_site/posts/new-navigation.html,126,'a' tag is missing a reference
_site/posts/new-navigation.html,163,'a' tag is missing a reference
_site/posts/new-navigation.html,189,'a' tag is missing a reference
_site/posts/newsletter-april-21.html,107,'a' tag is missing a reference
_site/posts/newsletter-april-21.html,126,'a' tag is missing a reference
_site/posts/newsletter-april-21.html,163,'a' tag is missing a reference
_site/posts/newsletter-april-21.html,189,'a' tag is missing a reference
_site/posts/newsletter-june20.html,107,'a' tag is missing a reference
_site/posts/newsletter-june20.html,126,'a' tag is missing a reference
_site/posts/newsletter-june20.html,163,'a' tag is missing a reference
_site/posts/newsletter-june20.html,189,'a' tag is missing a reference
_site/posts/newsletter-march20.html,108,'a' tag is missing a reference
_site/posts/newsletter-march20.html,127,'a' tag is missing a reference
_site/posts/newsletter-march20.html,164,'a' tag is missing a reference
_site/posts/newsletter-march20.html,190,'a' tag is missing a reference
_site/posts/newsletter-oct20.html,105,'a' tag is missing a reference
_site/posts/newsletter-oct20.html,124,'a' tag is missing a reference
_site/posts/newsletter-oct20.html,161,'a' tag is missing a reference
_site/posts/newsletter-oct20.html,187,'a' tag is missing a reference
_site/posts/newsletter-year20.html,107,'a' tag is missing a reference
_site/posts/newsletter-year20.html,126,'a' tag is missing a reference
_site/posts/newsletter-year20.html,163,'a' tag is missing a reference
_site/posts/newsletter-year20.html,189,'a' tag is missing a reference
_site/posts/newsletter.html,107,'a' tag is missing a reference
_site/posts/newsletter.html,126,'a' tag is missing a reference
_site/posts/newsletter.html,163,'a' tag is missing a reference
_site/posts/newsletter.html,189,'a' tag is missing a reference
_site/posts/noticias-PH-espanol.html,106,'a' tag is missing a reference
_site/posts/noticias-PH-espanol.html,125,'a' tag is missing a reference
_site/posts/noticias-PH-espanol.html,162,'a' tag is missing a reference
_site/posts/noticias-PH-espanol.html,188,'a' tag is missing a reference
_site/posts/ph-is-people.html,107,'a' tag is missing a reference
_site/posts/ph-is-people.html,126,'a' tag is missing a reference
_site/posts/ph-is-people.html,163,'a' tag is missing a reference
_site/posts/ph-is-people.html,189,'a' tag is missing a reference
_site/posts/plan-s.html,107,'a' tag is missing a reference
_site/posts/plan-s.html,126,'a' tag is missing a reference
_site/posts/plan-s.html,163,'a' tag is missing a reference
_site/posts/plan-s.html,189,'a' tag is missing a reference
_site/posts/planning-a-lesson.html,105,'a' tag is missing a reference
_site/posts/planning-a-lesson.html,124,'a' tag is missing a reference
_site/posts/planning-a-lesson.html,161,'a' tag is missing a reference
_site/posts/planning-a-lesson.html,187,'a' tag is missing a reference
_site/posts/premio-hdh-2018.html,106,'a' tag is missing a reference
_site/posts/premio-hdh-2018.html,125,'a' tag is missing a reference
_site/posts/premio-hdh-2018.html,162,'a' tag is missing a reference
_site/posts/premio-hdh-2018.html,188,'a' tag is missing a reference
_site/posts/presentando-al-nuevo-equipo-de-editores-de-contenidos-en-espanol.html,107,'a' tag is missing a reference
_site/posts/presentando-al-nuevo-equipo-de-editores-de-contenidos-en-espanol.html,126,'a' tag is missing a reference
_site/posts/presentando-al-nuevo-equipo-de-editores-de-contenidos-en-espanol.html,163,'a' tag is missing a reference
_site/posts/presentando-al-nuevo-equipo-de-editores-de-contenidos-en-espanol.html,189,'a' tag is missing a reference
_site/posts/proghist-trustee-advert.html,107,'a' tag is missing a reference
_site/posts/proghist-trustee-advert.html,126,'a' tag is missing a reference
_site/posts/proghist-trustee-advert.html,163,'a' tag is missing a reference
_site/posts/proghist-trustee-advert.html,189,'a' tag is missing a reference
_site/posts/programming-historian-community-survey.html,105,'a' tag is missing a reference
_site/posts/programming-historian-community-survey.html,124,'a' tag is missing a reference
_site/posts/programming-historian-community-survey.html,161,'a' tag is missing a reference
_site/posts/programming-historian-community-survey.html,187,'a' tag is missing a reference
_site/posts/programming-historian-india.html,106,'a' tag is missing a reference
_site/posts/programming-historian-india.html,125,'a' tag is missing a reference
_site/posts/programming-historian-india.html,162,'a' tag is missing a reference
_site/posts/programming-historian-india.html,188,'a' tag is missing a reference
_site/posts/programming-historian-live-london.html,107,'a' tag is missing a reference
_site/posts/programming-historian-live-london.html,126,'a' tag is missing a reference
_site/posts/programming-historian-live-london.html,163,'a' tag is missing a reference
_site/posts/programming-historian-live-london.html,189,'a' tag is missing a reference
_site/posts/promoting-digital-archives.html,105,'a' tag is missing a reference
_site/posts/promoting-digital-archives.html,124,'a' tag is missing a reference
_site/posts/promoting-digital-archives.html,161,'a' tag is missing a reference
_site/posts/promoting-digital-archives.html,187,'a' tag is missing a reference
_site/posts/reintroducing-the-ph-blog.html,105,'a' tag is missing a reference
_site/posts/reintroducing-the-ph-blog.html,124,'a' tag is missing a reference
_site/posts/reintroducing-the-ph-blog.html,161,'a' tag is missing a reference
_site/posts/reintroducing-the-ph-blog.html,187,'a' tag is missing a reference
_site/posts/retirement-and-sustainability-policies.html,105,'a' tag is missing a reference
_site/posts/retirement-and-sustainability-policies.html,124,'a' tag is missing a reference
_site/posts/retirement-and-sustainability-policies.html,161,'a' tag is missing a reference
_site/posts/retirement-and-sustainability-policies.html,187,'a' tag is missing a reference
_site/posts/riva-quiroga-joshua-ortiz.html,106,'a' tag is missing a reference
_site/posts/riva-quiroga-joshua-ortiz.html,125,'a' tag is missing a reference
_site/posts/riva-quiroga-joshua-ortiz.html,162,'a' tag is missing a reference
_site/posts/riva-quiroga-joshua-ortiz.html,188,'a' tag is missing a reference
_site/posts/roundup2017a.html,108,'a' tag is missing a reference
_site/posts/roundup2017a.html,127,'a' tag is missing a reference
_site/posts/roundup2017a.html,164,'a' tag is missing a reference
_site/posts/roundup2017a.html,190,'a' tag is missing a reference
_site/posts/september-newsletter.html,107,'a' tag is missing a reference
_site/posts/september-newsletter.html,126,'a' tag is missing a reference
_site/posts/september-newsletter.html,163,'a' tag is missing a reference
_site/posts/september-newsletter.html,189,'a' tag is missing a reference
_site/posts/sonic-word-clouds.html,105,'a' tag is missing a reference
_site/posts/sonic-word-clouds.html,124,'a' tag is missing a reference
_site/posts/sonic-word-clouds.html,161,'a' tag is missing a reference
_site/posts/sonic-word-clouds.html,187,'a' tag is missing a reference
_site/posts/spanish-editor.html,105,'a' tag is missing a reference
_site/posts/spanish-editor.html,124,'a' tag is missing a reference
_site/posts/spanish-editor.html,161,'a' tag is missing a reference
_site/posts/spanish-editor.html,187,'a' tag is missing a reference
_site/posts/spanish-editor.html,277,'a' tag is missing a reference
_site/posts/subject-specialist-editor.html,106,'a' tag is missing a reference
_site/posts/subject-specialist-editor.html,125,'a' tag is missing a reference
_site/posts/subject-specialist-editor.html,162,'a' tag is missing a reference
_site/posts/subject-specialist-editor.html,188,'a' tag is missing a reference
_site/posts/twenty-sixteen-review.html,107,'a' tag is missing a reference
_site/posts/twenty-sixteen-review.html,126,'a' tag is missing a reference
_site/posts/twenty-sixteen-review.html,163,'a' tag is missing a reference
_site/posts/twenty-sixteen-review.html,189,'a' tag is missing a reference
_site/posts/two-new-PH-editors.html,106,'a' tag is missing a reference
_site/posts/two-new-PH-editors.html,125,'a' tag is missing a reference
_site/posts/two-new-PH-editors.html,162,'a' tag is missing a reference
_site/posts/two-new-PH-editors.html,188,'a' tag is missing a reference
_site/posts/ucl-placement-2021.html,107,'a' tag is missing a reference
_site/posts/ucl-placement-2021.html,126,'a' tag is missing a reference
_site/posts/ucl-placement-2021.html,163,'a' tag is missing a reference
_site/posts/ucl-placement-2021.html,189,'a' tag is missing a reference
_site/posts/vote-dh-award.html,107,'a' tag is missing a reference
_site/posts/vote-dh-award.html,126,'a' tag is missing a reference
_site/posts/vote-dh-award.html,163,'a' tag is missing a reference
_site/posts/vote-dh-award.html,189,'a' tag is missing a reference
_site/posts/welcome-martin-grandjean.html,107,'a' tag is missing a reference
_site/posts/welcome-martin-grandjean.html,126,'a' tag is missing a reference
_site/posts/welcome-martin-grandjean.html,163,'a' tag is missing a reference
_site/posts/welcome-martin-grandjean.html,189,'a' tag is missing a reference
_site/posts/welcome-mc-boucher.html,105,'a' tag is missing a reference
_site/posts/welcome-mc-boucher.html,124,'a' tag is missing a reference
_site/posts/welcome-mc-boucher.html,161,'a' tag is missing a reference
_site/posts/welcome-mc-boucher.html,187,'a' tag is missing a reference
_site/posts/welcome-ph-fr.html,105,'a' tag is missing a reference
_site/posts/welcome-ph-fr.html,124,'a' tag is missing a reference
_site/posts/welcome-ph-fr.html,161,'a' tag is missing a reference
_site/posts/welcome-ph-fr.html,187,'a' tag is missing a reference
_site/posts/welcome-to-ph2.html,107,'a' tag is missing a reference
_site/posts/welcome-to-ph2.html,126,'a' tag is missing a reference
_site/posts/welcome-to-ph2.html,163,'a' tag is missing a reference
_site/posts/welcome-to-ph2.html,189,'a' tag is missing a reference
_site/posts/welcome-zoe-leblanc.html,108,'a' tag is missing a reference
_site/posts/welcome-zoe-leblanc.html,127,'a' tag is missing a reference
_site/posts/welcome-zoe-leblanc.html,164,'a' tag is missing a reference
_site/posts/welcome-zoe-leblanc.html,190,'a' tag is missing a reference
_site/pt/apoiadores.html,88,'a' tag is missing a reference
_site/pt/apoiadores.html,107,'a' tag is missing a reference
_site/pt/apoiadores.html,144,'a' tag is missing a reference
_site/pt/apoiadores.html,203,'a' tag is missing a reference
_site/pt/contribua.html,88,'a' tag is missing a reference
_site/pt/contribua.html,107,'a' tag is missing a reference
_site/pt/contribua.html,144,'a' tag is missing a reference
_site/pt/contribua.html,203,'a' tag is missing a reference
_site/pt/directrizes-autor.html,88,'a' tag is missing a reference
_site/pt/directrizes-autor.html,107,'a' tag is missing a reference
_site/pt/directrizes-autor.html,144,'a' tag is missing a reference
_site/pt/directrizes-autor.html,203,'a' tag is missing a reference
_site/pt/directrizes-editor.html,88,'a' tag is missing a reference
_site/pt/directrizes-editor.html,107,'a' tag is missing a reference
_site/pt/directrizes-editor.html,144,'a' tag is missing a reference
_site/pt/directrizes-editor.html,203,'a' tag is missing a reference
_site/pt/directrizes-revisor.html,88,'a' tag is missing a reference
_site/pt/directrizes-revisor.html,107,'a' tag is missing a reference
_site/pt/directrizes-revisor.html,144,'a' tag is missing a reference
_site/pt/directrizes-revisor.html,203,'a' tag is missing a reference
_site/pt/directrizes-tradutor.html,88,'a' tag is missing a reference
_site/pt/directrizes-tradutor.html,107,'a' tag is missing a reference
_site/pt/directrizes-tradutor.html,144,'a' tag is missing a reference
_site/pt/directrizes-tradutor.html,203,'a' tag is missing a reference
_site/pt/doacoes.html,88,'a' tag is missing a reference
_site/pt/doacoes.html,107,'a' tag is missing a reference
_site/pt/doacoes.html,144,'a' tag is missing a reference
_site/pt/doacoes.html,203,'a' tag is missing a reference
_site/pt/equipe.html,88,'a' tag is missing a reference
_site/pt/equipe.html,107,'a' tag is missing a reference
_site/pt/equipe.html,144,'a' tag is missing a reference
_site/pt/equipe.html,203,'a' tag is missing a reference
_site/pt/eventos.html,88,'a' tag is missing a reference
_site/pt/eventos.html,107,'a' tag is missing a reference
_site/pt/eventos.html,144,'a' tag is missing a reference
_site/pt/eventos.html,203,'a' tag is missing a reference
_site/pt/index.html,89,'a' tag is missing a reference
_site/pt/index.html,108,'a' tag is missing a reference
_site/pt/index.html,145,'a' tag is missing a reference
_site/pt/index.html,204,'a' tag is missing a reference
_site/pt/jisc-tna-parceria.html,88,'a' tag is missing a reference
_site/pt/jisc-tna-parceria.html,107,'a' tag is missing a reference
_site/pt/jisc-tna-parceria.html,144,'a' tag is missing a reference
_site/pt/jisc-tna-parceria.html,203,'a' tag is missing a reference
_site/pt/licoes-politica-remocao.html,88,'a' tag is missing a reference
_site/pt/licoes-politica-remocao.html,107,'a' tag is missing a reference
_site/pt/licoes-politica-remocao.html,144,'a' tag is missing a reference
_site/pt/licoes-politica-remocao.html,203,'a' tag is missing a reference
_site/pt/licoes/HTML-lista-palavras-1.html,121,'a' tag is missing a reference
_site/pt/licoes/HTML-lista-palavras-1.html,140,'a' tag is missing a reference
_site/pt/licoes/HTML-lista-palavras-1.html,177,'a' tag is missing a reference
_site/pt/licoes/HTML-lista-palavras-1.html,236,'a' tag is missing a reference
_site/pt/licoes/HTML-lista-palavras-2.html,121,'a' tag is missing a reference
_site/pt/licoes/HTML-lista-palavras-2.html,140,'a' tag is missing a reference
_site/pt/licoes/HTML-lista-palavras-2.html,177,'a' tag is missing a reference
_site/pt/licoes/HTML-lista-palavras-2.html,236,'a' tag is missing a reference
_site/pt/licoes/algoritmos-agrupamento-scikit-learn-python.html,135,'a' tag is missing a reference
_site/pt/licoes/algoritmos-agrupamento-scikit-learn-python.html,154,'a' tag is missing a reference
_site/pt/licoes/algoritmos-agrupamento-scikit-learn-python.html,191,'a' tag is missing a reference
_site/pt/licoes/algoritmos-agrupamento-scikit-learn-python.html,250,'a' tag is missing a reference
_site/pt/licoes/analise-correspondencia-pesquisa-historica-R.html,135,'a' tag is missing a reference
_site/pt/licoes/analise-correspondencia-pesquisa-historica-R.html,154,'a' tag is missing a reference
_site/pt/licoes/analise-correspondencia-pesquisa-historica-R.html,191,'a' tag is missing a reference
_site/pt/licoes/analise-correspondencia-pesquisa-historica-R.html,250,'a' tag is missing a reference
_site/pt/licoes/analise-sentimento-R-syuzhet.html,119,'a' tag is missing a reference
_site/pt/licoes/analise-sentimento-R-syuzhet.html,138,'a' tag is missing a reference
_site/pt/licoes/analise-sentimento-R-syuzhet.html,175,'a' tag is missing a reference
_site/pt/licoes/analise-sentimento-R-syuzhet.html,234,'a' tag is missing a reference
_site/pt/licoes/analise-sentimento-exploracao-dados.html,119,'a' tag is missing a reference
_site/pt/licoes/analise-sentimento-exploracao-dados.html,138,'a' tag is missing a reference
_site/pt/licoes/analise-sentimento-exploracao-dados.html,175,'a' tag is missing a reference
_site/pt/licoes/analise-sentimento-exploracao-dados.html,234,'a' tag is missing a reference
_site/pt/licoes/aplicacao-web-interativa-r-shiny-leaflet.html,119,'a' tag is missing a reference
_site/pt/licoes/aplicacao-web-interativa-r-shiny-leaflet.html,138,'a' tag is missing a reference
_site/pt/licoes/aplicacao-web-interativa-r-shiny-leaflet.html,175,'a' tag is missing a reference
_site/pt/licoes/aplicacao-web-interativa-r-shiny-leaflet.html,234,'a' tag is missing a reference
_site/pt/licoes/autoria-sustentavel-texto-simples-pandoc-markdown.html,121,'a' tag is missing a reference
_site/pt/licoes/autoria-sustentavel-texto-simples-pandoc-markdown.html,140,'a' tag is missing a reference
_site/pt/licoes/autoria-sustentavel-texto-simples-pandoc-markdown.html,177,'a' tag is missing a reference
_site/pt/licoes/autoria-sustentavel-texto-simples-pandoc-markdown.html,236,'a' tag is missing a reference
_site/pt/licoes/camadas-vetoriais-qgis.html,123,'a' tag is missing a reference
_site/pt/licoes/camadas-vetoriais-qgis.html,142,'a' tag is missing a reference
_site/pt/licoes/camadas-vetoriais-qgis.html,179,'a' tag is missing a reference
_site/pt/licoes/camadas-vetoriais-qgis.html,238,'a' tag is missing a reference
_site/pt/licoes/contagem-mineracao-dados-investigacao-unix.html,121,'a' tag is missing a reference
_site/pt/licoes/contagem-mineracao-dados-investigacao-unix.html,140,'a' tag is missing a reference
_site/pt/licoes/contagem-mineracao-dados-investigacao-unix.html,177,'a' tag is missing a reference
_site/pt/licoes/contagem-mineracao-dados-investigacao-unix.html,236,'a' tag is missing a reference
_site/pt/licoes/contar-frequencias-palavras-python.html,121,'a' tag is missing a reference
_site/pt/licoes/contar-frequencias-palavras-python.html,140,'a' tag is missing a reference
_site/pt/licoes/contar-frequencias-palavras-python.html,177,'a' tag is missing a reference
_site/pt/licoes/contar-frequencias-palavras-python.html,236,'a' tag is missing a reference
_site/pt/licoes/criacao-visualizacao-ficheiros-html-python.html,121,'a' tag is missing a reference
_site/pt/licoes/criacao-visualizacao-ficheiros-html-python.html,140,'a' tag is missing a reference
_site/pt/licoes/criacao-visualizacao-ficheiros-html-python.html,177,'a' tag is missing a reference
_site/pt/licoes/criacao-visualizacao-ficheiros-html-python.html,236,'a' tag is missing a reference
_site/pt/licoes/criar-exposicao-omeka.html,121,'a' tag is missing a reference
_site/pt/licoes/criar-exposicao-omeka.html,140,'a' tag is missing a reference
_site/pt/licoes/criar-exposicao-omeka.html,177,'a' tag is missing a reference
_site/pt/licoes/criar-exposicao-omeka.html,236,'a' tag is missing a reference
_site/pt/licoes/download-automatico-wget.html,119,'a' tag is missing a reference
_site/pt/licoes/download-automatico-wget.html,138,'a' tag is missing a reference
_site/pt/licoes/download-automatico-wget.html,175,'a' tag is missing a reference
_site/pt/licoes/download-automatico-wget.html,234,'a' tag is missing a reference
_site/pt/licoes/download-multiplos-registros-query-strings.html,119,'a' tag is missing a reference
_site/pt/licoes/download-multiplos-registros-query-strings.html,138,'a' tag is missing a reference
_site/pt/licoes/download-multiplos-registros-query-strings.html,175,'a' tag is missing a reference
_site/pt/licoes/download-multiplos-registros-query-strings.html,234,'a' tag is missing a reference
_site/pt/licoes/download-paginas-web-python.html,121,'a' tag is missing a reference
_site/pt/licoes/download-paginas-web-python.html,140,'a' tag is missing a reference
_site/pt/licoes/download-paginas-web-python.html,177,'a' tag is missing a reference
_site/pt/licoes/download-paginas-web-python.html,236,'a' tag is missing a reference
_site/pt/licoes/explorar-analisar-dados-rede-python.html,125,'a' tag is missing a reference
_site/pt/licoes/explorar-analisar-dados-rede-python.html,144,'a' tag is missing a reference
_site/pt/licoes/explorar-analisar-dados-rede-python.html,181,'a' tag is missing a reference
_site/pt/licoes/explorar-analisar-dados-rede-python.html,240,'a' tag is missing a reference
_site/pt/licoes/extrair-paginas-ilustradas-com-python.html,119,'a' tag is missing a reference
_site/pt/licoes/extrair-paginas-ilustradas-com-python.html,138,'a' tag is missing a reference
_site/pt/licoes/extrair-paginas-ilustradas-com-python.html,175,'a' tag is missing a reference
_site/pt/licoes/extrair-paginas-ilustradas-com-python.html,234,'a' tag is missing a reference
_site/pt/licoes/extrair-palavras-chave.html,119,'a' tag is missing a reference
_site/pt/licoes/extrair-palavras-chave.html,138,'a' tag is missing a reference
_site/pt/licoes/extrair-palavras-chave.html,175,'a' tag is missing a reference
_site/pt/licoes/extrair-palavras-chave.html,234,'a' tag is missing a reference
_site/pt/licoes/geocodificando-qgis.html,119,'a' tag is missing a reference
_site/pt/licoes/geocodificando-qgis.html,138,'a' tag is missing a reference
_site/pt/licoes/geocodificando-qgis.html,175,'a' tag is missing a reference
_site/pt/licoes/geocodificando-qgis.html,234,'a' tag is missing a reference
_site/pt/licoes/geocodificando-qgis.html,599,[url](https://www.oracle.com/java/technologies/downloads/#java8) is an invalid URL
_site/pt/licoes/georreferenciamento-qgis.html,123,'a' tag is missing a reference
_site/pt/licoes/georreferenciamento-qgis.html,142,'a' tag is missing a reference
_site/pt/licoes/georreferenciamento-qgis.html,179,'a' tag is missing a reference
_site/pt/licoes/georreferenciamento-qgis.html,238,'a' tag is missing a reference
_site/pt/licoes/git-ferramenta-metodologica-projetos-historia-1.html,117,'a' tag is missing a reference
_site/pt/licoes/git-ferramenta-metodologica-projetos-historia-1.html,136,'a' tag is missing a reference
_site/pt/licoes/git-ferramenta-metodologica-projetos-historia-1.html,173,'a' tag is missing a reference
_site/pt/licoes/git-ferramenta-metodologica-projetos-historia-1.html,232,'a' tag is missing a reference
_site/pt/licoes/index.html,88,'a' tag is missing a reference
_site/pt/licoes/index.html,107,'a' tag is missing a reference
_site/pt/licoes/index.html,144,'a' tag is missing a reference
_site/pt/licoes/index.html,203,'a' tag is missing a reference
_site/pt/licoes/instalacao-linux.html,121,'a' tag is missing a reference
_site/pt/licoes/instalacao-linux.html,140,'a' tag is missing a reference
_site/pt/licoes/instalacao-linux.html,177,'a' tag is missing a reference
_site/pt/licoes/instalacao-linux.html,236,'a' tag is missing a reference
_site/pt/licoes/instalacao-mac.html,121,'a' tag is missing a reference
_site/pt/licoes/instalacao-mac.html,140,'a' tag is missing a reference
_site/pt/licoes/instalacao-mac.html,177,'a' tag is missing a reference
_site/pt/licoes/instalacao-mac.html,236,'a' tag is missing a reference
_site/pt/licoes/instalacao-modulos-python-pip.html,119,'a' tag is missing a reference
_site/pt/licoes/instalacao-modulos-python-pip.html,138,'a' tag is missing a reference
_site/pt/licoes/instalacao-modulos-python-pip.html,175,'a' tag is missing a reference
_site/pt/licoes/instalacao-modulos-python-pip.html,234,'a' tag is missing a reference
_site/pt/licoes/instalacao-windows.html,121,'a' tag is missing a reference
_site/pt/licoes/instalacao-windows.html,140,'a' tag is missing a reference
_site/pt/licoes/instalacao-windows.html,177,'a' tag is missing a reference
_site/pt/licoes/instalacao-windows.html,236,'a' tag is missing a reference
_site/pt/licoes/introducao-ao-markdown.html,119,'a' tag is missing a reference
_site/pt/licoes/introducao-ao-markdown.html,138,'a' tag is missing a reference
_site/pt/licoes/introducao-ao-markdown.html,175,'a' tag is missing a reference
_site/pt/licoes/introducao-ao-markdown.html,234,'a' tag is missing a reference
_site/pt/licoes/introducao-codificacao-textos-tei-1.html,119,'a' tag is missing a reference
_site/pt/licoes/introducao-codificacao-textos-tei-1.html,138,'a' tag is missing a reference
_site/pt/licoes/introducao-codificacao-textos-tei-1.html,175,'a' tag is missing a reference
_site/pt/licoes/introducao-codificacao-textos-tei-1.html,234,'a' tag is missing a reference
_site/pt/licoes/introducao-dados-abertos-conectados.html,119,'a' tag is missing a reference
_site/pt/licoes/introducao-dados-abertos-conectados.html,138,'a' tag is missing a reference
_site/pt/licoes/introducao-dados-abertos-conectados.html,175,'a' tag is missing a reference
_site/pt/licoes/introducao-dados-abertos-conectados.html,234,'a' tag is missing a reference
_site/pt/licoes/introducao-estilometria-python.html,119,'a' tag is missing a reference
_site/pt/licoes/introducao-estilometria-python.html,138,'a' tag is missing a reference
_site/pt/licoes/introducao-estilometria-python.html,175,'a' tag is missing a reference
_site/pt/licoes/introducao-estilometria-python.html,234,'a' tag is missing a reference
_site/pt/licoes/introducao-instalacao-python.html,121,'a' tag is missing a reference
_site/pt/licoes/introducao-instalacao-python.html,140,'a' tag is missing a reference
_site/pt/licoes/introducao-instalacao-python.html,177,'a' tag is missing a reference
_site/pt/licoes/introducao-instalacao-python.html,236,'a' tag is missing a reference
_site/pt/licoes/introducao-jupyter-notebooks.html,123,'a' tag is missing a reference
_site/pt/licoes/introducao-jupyter-notebooks.html,142,'a' tag is missing a reference
_site/pt/licoes/introducao-jupyter-notebooks.html,179,'a' tag is missing a reference
_site/pt/licoes/introducao-jupyter-notebooks.html,238,'a' tag is missing a reference
_site/pt/licoes/introducao-linha-comando-bash.html,121,'a' tag is missing a reference
_site/pt/licoes/introducao-linha-comando-bash.html,140,'a' tag is missing a reference
_site/pt/licoes/introducao-linha-comando-bash.html,177,'a' tag is missing a reference
_site/pt/licoes/introducao-linha-comando-bash.html,236,'a' tag is missing a reference
_site/pt/licoes/introducao-mysql-r.html,119,'a' tag is missing a reference
_site/pt/licoes/introducao-mysql-r.html,138,'a' tag is missing a reference
_site/pt/licoes/introducao-mysql-r.html,175,'a' tag is missing a reference
_site/pt/licoes/introducao-mysql-r.html,234,'a' tag is missing a reference
_site/pt/licoes/introducao-omeka-net.html,119,'a' tag is missing a reference
_site/pt/licoes/introducao-omeka-net.html,138,'a' tag is missing a reference
_site/pt/licoes/introducao-omeka-net.html,175,'a' tag is missing a reference
_site/pt/licoes/introducao-omeka-net.html,234,'a' tag is missing a reference
_site/pt/licoes/investigar-literatura-lusofona-literateca.html,117,'a' tag is missing a reference
_site/pt/licoes/investigar-literatura-lusofona-literateca.html,136,'a' tag is missing a reference
_site/pt/licoes/investigar-literatura-lusofona-literateca.html,173,'a' tag is missing a reference
_site/pt/licoes/investigar-literatura-lusofona-literateca.html,232,'a' tag is missing a reference
_site/pt/licoes/limpar-dados-openrefine.html,123,'a' tag is missing a reference
_site/pt/licoes/limpar-dados-openrefine.html,142,'a' tag is missing a reference
_site/pt/licoes/limpar-dados-openrefine.html,179,'a' tag is missing a reference
_site/pt/licoes/limpar-dados-openrefine.html,238,'a' tag is missing a reference
_site/pt/licoes/manipulacao-transformacao-dados-r.html,119,'a' tag is missing a reference
_site/pt/licoes/manipulacao-transformacao-dados-r.html,138,'a' tag is missing a reference
_site/pt/licoes/manipulacao-transformacao-dados-r.html,175,'a' tag is missing a reference
_site/pt/licoes/manipulacao-transformacao-dados-r.html,234,'a' tag is missing a reference
_site/pt/licoes/manipular-strings-python.html,121,'a' tag is missing a reference
_site/pt/licoes/manipular-strings-python.html,140,'a' tag is missing a reference
_site/pt/licoes/manipular-strings-python.html,177,'a' tag is missing a reference
_site/pt/licoes/manipular-strings-python.html,236,'a' tag is missing a reference
_site/pt/licoes/nocoes-basicas-R-dados-tabulares.html,119,'a' tag is missing a reference
_site/pt/licoes/nocoes-basicas-R-dados-tabulares.html,138,'a' tag is missing a reference
_site/pt/licoes/nocoes-basicas-R-dados-tabulares.html,175,'a' tag is missing a reference
_site/pt/licoes/nocoes-basicas-R-dados-tabulares.html,234,'a' tag is missing a reference
_site/pt/licoes/nocoes-basicas-paginas-web-html.html,121,'a' tag is missing a reference
_site/pt/licoes/nocoes-basicas-paginas-web-html.html,140,'a' tag is missing a reference
_site/pt/licoes/nocoes-basicas-paginas-web-html.html,177,'a' tag is missing a reference
_site/pt/licoes/nocoes-basicas-paginas-web-html.html,236,'a' tag is missing a reference
_site/pt/licoes/normalizacao-dados-textuais-python.html,121,'a' tag is missing a reference
_site/pt/licoes/normalizacao-dados-textuais-python.html,140,'a' tag is missing a reference
_site/pt/licoes/normalizacao-dados-textuais-python.html,177,'a' tag is missing a reference
_site/pt/licoes/normalizacao-dados-textuais-python.html,236,'a' tag is missing a reference
_site/pt/licoes/palavras-chave-contexto-usando-n-grams-python.html,121,'a' tag is missing a reference
_site/pt/licoes/palavras-chave-contexto-usando-n-grams-python.html,140,'a' tag is missing a reference
_site/pt/licoes/palavras-chave-contexto-usando-n-grams-python.html,177,'a' tag is missing a reference
_site/pt/licoes/palavras-chave-contexto-usando-n-grams-python.html,236,'a' tag is missing a reference
_site/pt/licoes/preservar-os-seus-dados-de-investigacao.html,119,'a' tag is missing a reference
_site/pt/licoes/preservar-os-seus-dados-de-investigacao.html,138,'a' tag is missing a reference
_site/pt/licoes/preservar-os-seus-dados-de-investigacao.html,175,'a' tag is missing a reference
_site/pt/licoes/preservar-os-seus-dados-de-investigacao.html,234,'a' tag is missing a reference
_site/pt/licoes/processamento-basico-texto-r.html,121,'a' tag is missing a reference
_site/pt/licoes/processamento-basico-texto-r.html,140,'a' tag is missing a reference
_site/pt/licoes/processamento-basico-texto-r.html,177,'a' tag is missing a reference
_site/pt/licoes/processamento-basico-texto-r.html,236,'a' tag is missing a reference
_site/pt/licoes/qgis-camadas.html,123,'a' tag is missing a reference
_site/pt/licoes/qgis-camadas.html,142,'a' tag is missing a reference
_site/pt/licoes/qgis-camadas.html,179,'a' tag is missing a reference
_site/pt/licoes/qgis-camadas.html,238,'a' tag is missing a reference
_site/pt/licoes/reutilizacao-codigo-modularidade-python.html,121,'a' tag is missing a reference
_site/pt/licoes/reutilizacao-codigo-modularidade-python.html,140,'a' tag is missing a reference
_site/pt/licoes/reutilizacao-codigo-modularidade-python.html,177,'a' tag is missing a reference
_site/pt/licoes/reutilizacao-codigo-modularidade-python.html,236,'a' tag is missing a reference
_site/pt/licoes/saida-dados-ficheiro-html-python.html,121,'a' tag is missing a reference
_site/pt/licoes/saida-dados-ficheiro-html-python.html,140,'a' tag is missing a reference
_site/pt/licoes/saida-dados-ficheiro-html-python.html,177,'a' tag is missing a reference
_site/pt/licoes/saida-dados-ficheiro-html-python.html,236,'a' tag is missing a reference
_site/pt/licoes/som-dados-sonificacao-historiadores.html,119,'a' tag is missing a reference
_site/pt/licoes/som-dados-sonificacao-historiadores.html,138,'a' tag is missing a reference
_site/pt/licoes/som-dados-sonificacao-historiadores.html,175,'a' tag is missing a reference
_site/pt/licoes/som-dados-sonificacao-historiadores.html,234,'a' tag is missing a reference
_site/pt/licoes/sumarizacao-narrativas-web-python.html,119,'a' tag is missing a reference
_site/pt/licoes/sumarizacao-narrativas-web-python.html,138,'a' tag is missing a reference
_site/pt/licoes/sumarizacao-narrativas-web-python.html,175,'a' tag is missing a reference
_site/pt/licoes/sumarizacao-narrativas-web-python.html,234,'a' tag is missing a reference
_site/pt/licoes/trabalhando-ficheiros-texto-python.html,121,'a' tag is missing a reference
_site/pt/licoes/trabalhando-ficheiros-texto-python.html,140,'a' tag is missing a reference
_site/pt/licoes/trabalhando-ficheiros-texto-python.html,177,'a' tag is missing a reference
_site/pt/licoes/trabalhando-ficheiros-texto-python.html,236,'a' tag is missing a reference
_site/pt/licoes/transcricao-automatica-grafias-nao-latinas.html,135,'a' tag is missing a reference
_site/pt/licoes/transcricao-automatica-grafias-nao-latinas.html,154,'a' tag is missing a reference
_site/pt/licoes/transcricao-automatica-grafias-nao-latinas.html,191,'a' tag is missing a reference
_site/pt/licoes/transcricao-automatica-grafias-nao-latinas.html,250,'a' tag is missing a reference
_site/pt/licoes/visualizacao-animacao-tabelas-historicas-R.html,119,'a' tag is missing a reference
_site/pt/licoes/visualizacao-animacao-tabelas-historicas-R.html,138,'a' tag is missing a reference
_site/pt/licoes/visualizacao-animacao-tabelas-historicas-R.html,175,'a' tag is missing a reference
_site/pt/licoes/visualizacao-animacao-tabelas-historicas-R.html,234,'a' tag is missing a reference
_site/pt/licoes/visualizacao-basica-dados-tabulares-r.html,117,'a' tag is missing a reference
_site/pt/licoes/visualizacao-basica-dados-tabulares-r.html,136,'a' tag is missing a reference
_site/pt/licoes/visualizacao-basica-dados-tabulares-r.html,173,'a' tag is missing a reference
_site/pt/licoes/visualizacao-basica-dados-tabulares-r.html,232,'a' tag is missing a reference
_site/pt/pesquisa.html,88,'a' tag is missing a reference
_site/pt/pesquisa.html,107,'a' tag is missing a reference
_site/pt/pesquisa.html,144,'a' tag is missing a reference
_site/pt/pesquisa.html,203,'a' tag is missing a reference
_site/pt/politica-de-privacidade.html,88,'a' tag is missing a reference
_site/pt/politica-de-privacidade.html,107,'a' tag is missing a reference
_site/pt/politica-de-privacidade.html,144,'a' tag is missing a reference
_site/pt/politica-de-privacidade.html,203,'a' tag is missing a reference
_site/pt/ppi.html,88,'a' tag is missing a reference
_site/pt/ppi.html,107,'a' tag is missing a reference
_site/pt/ppi.html,144,'a' tag is missing a reference
_site/pt/ppi.html,203,'a' tag is missing a reference
_site/pt/reportar-um-erro.html,88,'a' tag is missing a reference
_site/pt/reportar-um-erro.html,107,'a' tag is missing a reference
_site/pt/reportar-um-erro.html,144,'a' tag is missing a reference
_site/pt/reportar-um-erro.html,203,'a' tag is missing a reference
_site/pt/sobre.html,88,'a' tag is missing a reference
_site/pt/sobre.html,107,'a' tag is missing a reference
_site/pt/sobre.html,144,'a' tag is missing a reference
_site/pt/sobre.html,203,'a' tag is missing a reference
_site/pt/vagas.html,88,'a' tag is missing a reference
_site/pt/vagas.html,107,'a' tag is missing a reference
_site/pt/vagas.html,144,'a' tag is missing a reference
_site/pt/vagas.html,203,'a' tag is missing a reference
_site/translation-concordance.html,86,'a' tag is missing a reference
_site/translation-concordance.html,105,'a' tag is missing a reference
_site/translation-concordance.html,142,'a' tag is missing a reference
_site/translation-concordance.html,168,'a' tag is missing a reference
_site/troubleshooting.html,86,'a' tag is missing a reference
_site/troubleshooting.html,105,'a' tag is missing a reference
_site/troubleshooting.html,142,'a' tag is missing a reference
_site/troubleshooting.html,168,'a' tag is missing a reference
_site/assets/from-html-to-list-of-words-1/obo-t17800628-33.html,198,External link https://markhadley.com failed with something very wrong.
_site/assets/from-html-to-list-of-words-1/obo-t17800628-33.html,199,External link https://www.sheffield.ac.uk/hri/ failed (status code 403)
_site/assets/mapping-with-python-leaflet/exercises/exercise00 - original/mymap.html,3,External link https://cdn.leafletjs.com/leaflet-0.6.4/leaflet.css failed with something very wrong.
_site/assets/mapping-with-python-leaflet/exercises/exercise00 - original/mymap.html,4,External link https://cdn.leafletjs.com/leaflet-0.6.4/leaflet.js failed with something very wrong.
_site/assets/mapping-with-python-leaflet/exercises/exercise01/mymap.html,3,External link https://cdn.leafletjs.com/leaflet-0.6.4/leaflet.css failed with something very wrong.
_site/assets/mapping-with-python-leaflet/exercises/exercise01/mymap.html,4,External link https://cdn.leafletjs.com/leaflet-0.6.4/leaflet.js failed with something very wrong.
_site/assets/mapping-with-python-leaflet/exercises/exercise02/mymap.html,3,External link https://cdn.leafletjs.com/leaflet-0.6.4/leaflet.css failed with something very wrong.
_site/assets/mapping-with-python-leaflet/exercises/exercise02/mymap.html,4,External link https://cdn.leafletjs.com/leaflet-0.6.4/leaflet.js failed with something very wrong.
_site/assets/mapping-with-python-leaflet/exercises/exercise03/mymap.html,3,External link https://cdn.leafletjs.com/leaflet-0.6.4/leaflet.css failed with something very wrong.
_site/assets/mapping-with-python-leaflet/exercises/exercise03/mymap.html,4,External link https://cdn.leafletjs.com/leaflet-0.6.4/leaflet.js failed with something very wrong.
_site/assets/mapping-with-python-leaflet/exercises/exercise04/mymap.html,3,External link https://cdn.leafletjs.com/leaflet-0.6.4/leaflet.css failed with something very wrong.
_site/assets/mapping-with-python-leaflet/exercises/exercise04/mymap.html,4,External link https://cdn.leafletjs.com/leaflet-0.6.4/leaflet.js failed with something very wrong.
_site/assets/mapping-with-python-leaflet/exercises/exercise05/mymap.html,3,External link https://cdn.leafletjs.com/leaflet-0.6.4/leaflet.css failed with something very wrong.
_site/assets/mapping-with-python-leaflet/exercises/exercise05/mymap.html,4,External link https://cdn.leafletjs.com/leaflet-0.6.4/leaflet.js failed with something very wrong.
_site/assets/mapping-with-python-leaflet/map/mymap-onepage.html,3,External link https://cdn.leafletjs.com/leaflet-0.6.4/leaflet.css failed with something very wrong.
_site/assets/mapping-with-python-leaflet/map/mymap-onepage.html,4,External link https://cdn.leafletjs.com/leaflet-0.6.4/leaflet.js failed with something very wrong.
_site/assets/mapping-with-python-leaflet/map/mymap.html,3,External link https://cdn.leafletjs.com/leaflet-0.6.4/leaflet.css failed with something very wrong.
_site/assets/mapping-with-python-leaflet/map/mymap.html,4,External link https://cdn.leafletjs.com/leaflet-0.6.4/leaflet.js failed with something very wrong.
_site/assets/normaliser-donnees-textuelles-python/obo-t17800628-33.html,198,External link https://markhadley.com failed with something very wrong.
_site/assets/normaliser-donnees-textuelles-python/obo-t17800628-33.html,199,External link https://www.sheffield.ac.uk/hri/ failed (status code 403)
_site/blog/page17/index.html,326,External link https://www.eventbrite.co.uk/e/digital-day-of-ideas-2015-tickets-16428789953 failed (status code 404)
_site/en/about.html,264,External link https://dhawards.org/dhawards2017/results/ failed with something very wrong.
_site/en/about.html,264,External link https://openpublishingawards.org/results/2021/index.html failed with something very wrong.
_site/en/about.html,264,External link https://dhawards.org/dhawards2022/results/ failed with something very wrong.
_site/en/about.html,264,External link https://dhawards.org/dhawards2016/results/ failed with something very wrong.
_site/en/author-guidelines.html,261,"External link https://docs.google.com/spreadsheets/d/1vrvZTygZLfQRoQildD667Xcgzhf_reQC8Nq4OD-BRIA/edit#gid=0 failed: https://docs.google.com/spreadsheets/d/1vrvZTygZLfQRoQildD667Xcgzhf_reQC8Nq4OD-BRIA/edit exists, but the hash 'gid=0' does not (status code 200)"
_site/en/contribute.html,298,External link https://www.worldcat.org/title/programming-historian/oclc/951537099 failed (status code 403)
_site/en/contribute.html,298,External link https://www.worldcat.org/title/programming-historian-en-espanol/oclc/1061292935&referer=brief_results failed (status code 403)
_site/en/editor-guidelines.html,486,"External link https://zenodo.org/record/49873#.V0lazGaGa7o failed: https://zenodo.org/record/49873 exists, but the hash '.V0lazGaGa7o' does not (status code 200)"
_site/en/editor-guidelines.html,614,"External link https://docs.google.com/spreadsheets/d/1o-C-3WwfcEYWipIFb112tkuM-XOI8pVVpA9_sag9Ph8/edit#gid=1625380994 failed: https://docs.google.com/spreadsheets/d/1o-C-3WwfcEYWipIFb112tkuM-XOI8pVVpA9_sag9Ph8/edit exists, but the hash 'gid=1625380994' does not (status code 200)"
_site/en/feedback.html,254,External link https://github.com/orgs/programminghistorian/projects/6 failed (status code 429)
_site/en/individual.html,263,External link https://www.patreon.com/join/theprogramminghistorian failed (status code 403)
_site/en/individual.html,272,External link https://www.paypal.com/cgi-bin/webscr?cmd=_s-xclick&hosted_button_id=7BGHUZRVS4LYL&source=url failed (status code 403)
_site/en/ipp.html,269,External link https://www.oecd.org/en/topics/sub-issues/oda-eligibility-and-conditions/dac-list-of-oda-recipients.html failed (status code 403)
_site/en/lessons/analyzing-documents-with-tfidf.html,1478,External link https://jonathanstray.com/a-full-text-visualization-of-the-iraq-war-logs failed with something very wrong.
_site/en/lessons/analyzing-documents-with-tfidf.html,1510,External link https://machinelearningmastery.com/vector-norms-machine-learning/ failed (status code 403)
_site/en/lessons/analyzing-documents-with-tfidf.html,1633,External link https://www.nytimes.com/2019/01/02/obituaries/karen-sparck-jones-overlooked.html failed (status code 403)
_site/en/lessons/analyzing-documents-with-tfidf.html,1651,External link https://jonathanstray.com/a-full-text-visualization-of-the-iraq-war-logs failed with something very wrong.
_site/en/lessons/analyzing-multilingual-text-nltk-spacy-stanza.html,602,"External link https://stanfordnlp.github.io/stanza/models.html#human-languages-supported-by-stanza failed: https://stanfordnlp.github.io/stanza/models.html exists, but the hash 'human-languages-supported-by-stanza' does not (status code 200)"
_site/en/lessons/applied-archival-downloading-with-wget.html,471,External link https://www.activehistory.ca failed (status code 403)
_site/en/lessons/applied-archival-downloading-with-wget.html,480,External link https://chronicle.com/blogs/profhacker/download-a-sequential-range-of-urls-with-curl/41055 failed (status code 403)
_site/en/lessons/applied-archival-downloading-with-wget.html,631,External link https://nla.gov.au/nla.ms-ms5393-1-s1-v.jpg failed (status code 500)
_site/en/lessons/applied-archival-downloading-with-wget.html,633,External link https://nla.gov.au/nla.ms-ms5393-1-s127-v.jpg failed (status code 500)
_site/en/lessons/applied-archival-downloading-with-wget.html,680,External link https://memory.loc.gov/cgi-bin/ampage?collId=mtj1&fileName=mtj1page001.db&recNum=1&itemLink=/ammem/collections/jefferson_papers/mtjser1.html&linkText=6 failed (status code 404)
_site/en/lessons/applied-archival-downloading-with-wget.html,689,External link https://memory.loc.gov/master/mss/mtj/mtj1/001/0000/ failed (status code 403)
_site/en/lessons/applied-archival-downloading-with-wget.html,701,External link https://memory.loc.gov/master/mss/mtj/mtj1/001/0000/ failed (status code 403)
_site/en/lessons/applied-archival-downloading-with-wget.html,703,External link https://memory.loc.gov/master/mss/mtj/mtj1/001/0100/ failed (status code 403)
_site/en/lessons/applied-archival-downloading-with-wget.html,705,External link https://memory.loc.gov/master/mss/mtj/mtj1/001/0200/ failed (status code 403)
_site/en/lessons/applied-archival-downloading-with-wget.html,709,External link https://memory.loc.gov/master/mss/mtj/mtj1/001/1400 failed (status code 403)
_site/en/lessons/applied-archival-downloading-with-wget.html,735,External link https://cushing.med.yale.edu/gsdl/collect/mdposter/ failed with something very wrong.
_site/en/lessons/applied-archival-downloading-with-wget.html,748,External link https://cushing.med.yale.edu/images/mdposter/full/poster0001.jpg failed with something very wrong.
_site/en/lessons/applied-archival-downloading-with-wget.html,753,External link https://cushing.med.yale.edu/images/mdposter/full/poster0637.jpg failed with something very wrong.
_site/en/lessons/basic-text-processing-in-r.html,530,"External link https://www.rstudio.com/products/rstudio/#Desktop failed: https://www.rstudio.com/products/rstudio/ exists, but the hash 'Desktop' does not (status code 200)"
_site/en/lessons/beginners-guide-to-twitter-data.html,500,External link https://tweetsets.library.gwu.edu/ failed with something very wrong.
_site/en/lessons/beginners-guide-to-twitter-data.html,864,External link https://tweetsets.library.gwu.edu/full-dataset/ failed with something very wrong.
_site/en/lessons/beginners-guide-to-twitter-data.html,864,External link https://tweetsets.library.gwu.edu failed with something very wrong.
_site/en/lessons/building-static-sites-with-jekyll-github-pages.html,1334,External link https://support.native-instruments.com/hc/en-us/articles/360020012418-Accessing-the-Hidden-User-Library-macOS failed (status code 403)
_site/en/lessons/building-static-sites-with-jekyll-github-pages.html,1474,External link https://jekyllthemes.org/ failed with something very wrong.
_site/en/lessons/building-static-sites-with-jekyll-github-pages.html,1545,External link https://jekyll-windows.juthilo.com/ failed with something very wrong.
_site/en/lessons/building-static-sites-with-jekyll-github-pages.html,1548,External link https://chronicle.com/blogs/profhacker/jekyll1/60913 failed (status code 403)
_site/en/lessons/calibrating-radiocarbon-dates-r.html,785,External link https://calib.org failed: got a time out (response code 0) (status code 0)
_site/en/lessons/calibrating-radiocarbon-dates-r.html,1209,External link https://doi.org/10.1126/science.105.2735.576 failed (status code 403)
_site/en/lessons/calibrating-radiocarbon-dates-r.html,1224,External link https://doi.org/10.1126/science.110.2869.678 failed (status code 403)
_site/en/lessons/calibrating-radiocarbon-dates-r.html,1239,External link https://doi.org/10.2307/2684423 failed (status code 403)
_site/en/lessons/calibrating-radiocarbon-dates-r.html,1248,External link https://doi.org/10.1111/j.1475-4754.1978.tb00208.x failed (status code 403)
_site/en/lessons/cleaning-data-with-openrefine.html,579,External link https://vis.stanford.edu/papers/wrangler/ failed with something very wrong.
_site/en/lessons/clustering-visualizing-word-embeddings.html,653,External link https://bl.iro.bl.uk/catalog?locale=en&q=%22UK+Doctoral+Thesis+Metadata+from+EThOS%22&search_field=all_fields&sort=year_published_isi+desc&_ga=2.85833567.757719569.1646905901-495121888.1646905901 failed (status code 403)
_site/en/lessons/clustering-visualizing-word-embeddings.html,892,External link https://doi.org/10.1098/rsta.2015.0202 failed (status code 403)
_site/en/lessons/clustering-visualizing-word-embeddings.html,1727,External link https://doi.org/10.1207/s15327906mbr1603_7 failed (status code 403)
_site/en/lessons/code-reuse-and-modularity.html,634,External link https://users.astro.ufl.edu/~warner/prog/python.html failed with something very wrong.
_site/en/lessons/collaborative-blog-with-jekyll-github.html,1508,"External link https://github.com/scholarslab/scholarslab.org/blob/master/docs/authoring-and-editing.md#markdown--formatting failed: https://github.com/scholarslab/scholarslab.org/blob/master/docs/authoring-and-editing.md exists, but the hash 'markdown--formatting' does not (status code 200)"
_site/en/lessons/collaborative-blog-with-jekyll-github.html,1521,External link https://chronicle.com/blogs/profhacker/jekyll1/60913 failed (status code 403)
_site/en/lessons/collaborative-blog-with-jekyll-github.html,1528,External link https://jekyll-windows.juthilo.com/ failed with something very wrong.
_site/en/lessons/common-similarity-measures.html,701,"External link https://en.wikipedia.org/wiki/Trigonometric_functions#cos failed: https://en.wikipedia.org/wiki/Trigonometric_functions exists, but the hash 'cos' does not (status code 200)"
_site/en/lessons/common-similarity-measures.html,802,External link https://pandas.pydata.org/docs/getting_started/dsintro.html#dataframe failed (status code 404)
_site/en/lessons/computer-vision-deep-learning-pt1.html,357,External link https://github.com/programminghistorian/ph-submissions/issues/342 failed (status code 429)
_site/en/lessons/computer-vision-deep-learning-pt1.html,1208,External link https://doi.org/10.1111/1468-229X.12969 failed (status code 403)
_site/en/lessons/computer-vision-deep-learning-pt1.html,1214,External link https://doi.org/10.1093/llc/fqy085 failed (status code 403)
_site/en/lessons/computer-vision-deep-learning-pt1.html,1220,External link https://doi.org/10.1145/3351095.3372829 failed (status code 403)
_site/en/lessons/computer-vision-deep-learning-pt2.html,357,External link https://github.com/programminghistorian/ph-submissions/issues/342 failed (status code 429)
_site/en/lessons/computer-vision-deep-learning-pt2.html,1699,External link https://doi.org/10.1177/1470357221992097 failed (status code 403)
_site/en/lessons/corpus-analysis-with-antconc.html,580,External link https://academic.oup.com/dsh/article-abstract/8/4/243/928942 failed (status code 403)
_site/en/lessons/corpus-analysis-with-spacy.html,333,External link https://github.com/programminghistorian/ph-submissions/issues/546 failed (status code 429)
_site/en/lessons/corpus-analysis-with-spacy.html,2014,External link https://doi.org/10.3366/cor.2012.0015 failed (status code 403)
_site/en/lessons/corpus-analysis-with-spacy.html,2017,External link https://doi.org/10.3366/cor.2013.0040 failed (status code 403)
_site/en/lessons/corpus-analysis-with-spacy.html,2020,External link https://doi.org/10.1177/0741088318819472 failed (status code 403)
_site/en/lessons/corpus-analysis-with-spacy.html,2038,External link https://doi.org/10.3366/cor.2013.0040 failed (status code 403)
_site/en/lessons/correspondence-analysis-in-R.html,354,External link https://github.com/programminghistorian/ph-submissions/issues/78 failed (status code 429)
_site/en/lessons/correspondence-analysis-in-R.html,665,External link https://factominer.free.fr/ failed: got a time out (response code 0) (status code 0)
_site/en/lessons/correspondence-analysis-in-R.html,1125,External link https://www.cbc.ca/news/indigenous/mmiw-inquiry-not-reaching-out-to-families-says-advocates-1.4053694 failed with something very wrong.
_site/en/lessons/creating-apis-with-python-and-flask.html,337,External link https://github.com/programminghistorian/ph-submissions/issues/106 failed (status code 429)
_site/en/lessons/creating-apis-with-python-and-flask.html,635,External link https://chroniclingamerica.loc.gov/search/pages/results/?format=json&proxtext=fire failed (status code 404)
_site/en/lessons/creating-apis-with-python-and-flask.html,667,External link https://flask.pocoo.org/ failed with something very wrong.
_site/en/lessons/creating-apis-with-python-and-flask.html,1239,External link https://hds.essex.ac.uk/ failed with something very wrong.
_site/en/lessons/creating-guis-in-python-for-digital-humanities-projects.html,333,External link https://github.com/programminghistorian/ph-submissions/issues/479 failed (status code 429)
_site/en/lessons/creating-mobile-augmented-reality-experiences-in-unity.html,333,External link https://github.com/programminghistorian/ph-submissions/issues/175 failed (status code 429)
_site/en/lessons/creating-mobile-augmented-reality-experiences-in-unity.html,562,External link https://learn.unity.com/tutorial/live-sessions-on-unity-interface-and-essentials failed (status code 404)
_site/en/lessons/creating-mobile-augmented-reality-experiences-in-unity.html,564,External link https://www.hpreveal.com/ failed with something very wrong.
_site/en/lessons/creating-mobile-augmented-reality-experiences-in-unity.html,599,External link https://www.hpreveal.com/ failed with something very wrong.
_site/en/lessons/creating-network-diagrams-from-historical-sources.html,948,External link https://www.cambridge.org/us/academic/subjects/sociology/research-methods-sociology-and-criminology/exploratory-social-network-analysis-pajek-2nd-edition failed (status code 403)
_site/en/lessons/creating-network-diagrams-from-historical-sources.html,948,External link https://pajek.imfm.si/doku.php failed: got a time out (response code 0) (status code 0)
_site/en/lessons/crowdsourced-data-normalization-with-pandas.html,333,External link https://github.com/programminghistorian/ph-submissions/issues/301 failed (status code 429)
_site/en/lessons/crowdsourced-data-normalization-with-pandas.html,509,External link https://www.netflixprize.com/ failed with something very wrong.
_site/en/lessons/crowdsourced-data-normalization-with-pandas.html,883,External link https://pandas-docs.github.io/pandas-docs-travis/user_guide/timeseries.html#timestamp-limitations failed (status code 404)
_site/en/lessons/crowdsourced-data-normalization-with-pandas.html,990,External link https://curatingmenus.org/articles/against-cleaning/ failed: got a time out (response code 0) (status code 0)
_site/en/lessons/data-mining-the-internet-archive.html,569,"External link https://archive.org/stream/lettertowilliaml00doug/39999066767938#page/n0/mode/2up failed: https://archive.org/stream/lettertowilliaml00doug/39999066767938 exists, but the hash 'page/n0/mode/2up' does not (status code 200)"
_site/en/lessons/data-mining-the-internet-archive.html,622,External link https://internetarchive.readthedocs.io/en/latest/quickstart.html#searching failed (status code 404)
_site/en/lessons/data-mining-the-internet-archive.html,653,External link https://internetarchive.readthedocs.io/en/latest/quickstart.html#downloading failed (status code 404)
_site/en/lessons/data-mining-the-internet-archive.html,794,External link https://internetarchive.readthedocs.io/en/latest/quickstart.html#downloading failed (status code 404)
_site/en/lessons/data-mining-the-internet-archive.html,802,"External link https://archive.org/about/faqs.php#140 failed: https://archive.org/about/faqs.php exists, but the hash '140' does not (status code 200)"
_site/en/lessons/data-wrangling-and-management-in-r.html,333,External link https://github.com/programminghistorian/ph-submissions/issues/60 failed (status code 429)
_site/en/lessons/dealing-with-big-data-and-network-analysis-using-neo4j.html,333,External link https://github.com/programminghistorian/ph-submissions/issues/87 failed (status code 429)
_site/en/lessons/dealing-with-big-data-and-network-analysis-using-neo4j.html,985,External link https://localhost:7474/browser/ failed with something very wrong.
_site/en/lessons/dealing-with-big-data-and-network-analysis-using-neo4j.html,1048,External link https://localhost:7474 failed with something very wrong.
_site/en/lessons/designing-a-timeline-tabletop-simulator.html,333,External link https://github.com/programminghistorian/ph-submissions/issues/553 failed (status code 429)
_site/en/lessons/designing-a-timeline-tabletop-simulator.html,1321,External link https://doi.org/10.1080/03004279.2018.1483804 failed (status code 403)
_site/en/lessons/designing-a-timeline-tabletop-simulator.html,1333,External link https://doi.org/10.1177/1046878116646693 failed (status code 403)
_site/en/lessons/designing-a-timeline-tabletop-simulator.html,1342,External link https://www.nytimes.com/2023/08/06/briefing/a-new-times-quiz.html failed (status code 403)
_site/en/lessons/designing-a-timeline-tabletop-simulator.html,1345,External link https://ssrn.com/abstract=1580079 failed (status code 403)
_site/en/lessons/detecting-text-reuse-with-passim.html,335,External link https://github.com/programminghistorian/ph-submissions/issues/305 failed (status code 429)
_site/en/lessons/detecting-text-reuse-with-passim.html,573,External link https://www.java.com/fr/download/ failed (status code 403)
_site/en/lessons/detecting-text-reuse-with-passim.html,1487,External link https://dx.doi.org/10.1093/alh/ajv029 failed (status code 403)
_site/en/lessons/detecting-text-reuse-with-passim.html,1488,External link https://dx.doi.org/10.1093/alh/ajv028 failed (status code 403)
_site/en/lessons/detecting-text-reuse-with-passim.html,1489,External link https://dx.doi.org/10.1080/1461670x.2020.1761865 failed (status code 403)
_site/en/lessons/detecting-text-reuse-with-passim.html,1495,External link https://dx.doi.org/10.1145/2682571.2797068 failed (status code 403)
_site/en/lessons/displaying-georeferenced-map-knightlab-storymap-js.html,335,External link https://github.com/programminghistorian/ph-submissions/issues/349 failed (status code 429)
_site/en/lessons/editing-audio-with-audacity.html,333,External link https://github.com/programminghistorian/ph-submissions/issues/15 failed (status code 429)
_site/en/lessons/editing-audio-with-audacity.html,525,External link https://web.archive.org/web/20161119231053/https://www.indiana.edu:80/~emusic/acoustics/amplitude.htm failed (status code 404)
_site/en/lessons/exploring-and-analyzing-network-data-with-python.html,343,External link https://github.com/programminghistorian/ph-submissions/issues/92 failed (status code 429)
_site/en/lessons/exploring-and-analyzing-network-data-with-python.html,580,External link https://www.sixdegreesoffrancisbacon.com failed with something very wrong.
_site/en/lessons/exploring-and-analyzing-network-data-with-python.html,852,External link https://sixdegreesoffrancisbacon.com/ failed with something very wrong.
_site/en/lessons/extracting-illustrated-pages.html,333,External link https://github.com/programminghistorian/ph-submissions/issues/193 failed (status code 429)
_site/en/lessons/extracting-illustrated-pages.html,541,External link https://babel.hathitrust.org/cgi/pt?id=osu.32435078698222%3Bview=thumb%3Bseq=1 failed (status code 403)
_site/en/lessons/extracting-illustrated-pages.html,670,External link https://anaconda.org/ failed (status code 403)
_site/en/lessons/extracting-illustrated-pages.html,739,External link https://babel.hathitrust.org/cgi/kgs/request failed (status code 403)
_site/en/lessons/extracting-illustrated-pages.html,760,External link https://babel.hathitrust.org/cgi/mb?colltype=updated failed (status code 403)
_site/en/lessons/extracting-illustrated-pages.html,800,External link https://www.hathitrust.org/documents/hathitrust-data-api-v2_20150526.pdf failed (status code 403)
_site/en/lessons/extracting-illustrated-pages.html,989,External link https://iiif.archivelab.org/iiif/documentation failed with something very wrong.
_site/en/lessons/facial-recognition-ai-python.html,335,External link https://github.com/programminghistorian/ph-submissions/issues/552 failed (status code 429)
_site/en/lessons/facial-recognition-ai-python.html,537,External link https://cdm16120.contentdm.oclc.org/digital/collection/p16120coll2/id/4062/rec/49 failed: got a time out (response code 0) (status code 0)
_site/en/lessons/facial-recognition-ai-python.html,836,External link https://www.nytimes.com/2019/04/25/lens/sarah-lewis-racial-bias-photography.html failed (status code 403)
_site/en/lessons/facial-recognition-ai-python.html,1120,External link https://www.tandfonline.com/doi/abs/10.1080/0739318042000331853 failed (status code 403)
_site/en/lessons/facial-recognition-ai-python.html,1123,"External link https://ieeexplore.ieee.org/document/990517/authors#authors failed: https://ieeexplore.ieee.org/document/990517/authors exists, but the hash 'authors' does not (status code 200)"
_site/en/lessons/fetch-and-parse-data-with-openrefine.html,333,External link https://github.com/programminghistorian/ph-submissions/issues/69 failed (status code 429)
_site/en/lessons/fetch-and-parse-data-with-openrefine.html,570,External link https://www.gutenberg.org/wiki/Gutenberg:Feeds failed (status code 404)
_site/en/lessons/fetch-and-parse-data-with-openrefine.html,1086,External link https://chroniclingamerica.loc.gov/search/pages/opensearch.xml failed (status code 404)
_site/en/lessons/fetch-and-parse-data-with-openrefine.html,1086,"External link https://chroniclingamerica.loc.gov/#tab=tab_advanced_search failed: https://chroniclingamerica.loc.gov/ exists, but the hash 'tab=tab_advanced_search' does not (status code 200)"
_site/en/lessons/fetch-and-parse-data-with-openrefine.html,1440,External link https://sentiment.vivekn.com/docs/api/ failed: got a time out (response code 0) (status code 0)
_site/en/lessons/finding-places-world-historical-gazetteer.html,335,External link https://github.com/programminghistorian/ph-submissions/issues/383 failed (status code 429)
_site/en/lessons/finding-places-world-historical-gazetteer.html,614,"External link https://www.openstreetmap.org/search?query=Gryazovets#map=12/58.8695/40.2395 failed: https://www.openstreetmap.org/search?query=Gryazovets exists, but the hash 'map=12/58.8695/40.2395' does not (status code 200)"
_site/en/lessons/geocoding-qgis.html,334,External link https://github.com/programminghistorian/ph-submissions/issues/27 failed (status code 429)
_site/en/lessons/geocoding-qgis.html,729,External link https://epns.nottingham.ac.uk/browse failed (status code 404)
_site/en/lessons/geoparsing-text-with-edinburgh.html,333,External link https://github.com/programminghistorian/ph-submissions/issues/26 failed (status code 429)
_site/en/lessons/geoparsing-text-with-edinburgh.html,659,"External link https://en.wikipedia.org/wiki/Lexical_analysis#Tokenization_ failed: https://en.wikipedia.org/wiki/Lexical_analysis exists, but the hash 'Tokenization_' does not (status code 200)"
_site/en/lessons/geoparsing-text-with-edinburgh.html,982,External link https://litlong.org/ failed with something very wrong.
_site/en/lessons/geoparsing-text-with-edinburgh.html,982,External link https://palimpsest.blogs.edina.ac.uk/ failed with something very wrong.
_site/en/lessons/geoparsing-text-with-edinburgh.html,985,External link https://tradingconsequences.blogs.edina.ac.uk/ failed with something very wrong.
_site/en/lessons/geoparsing-text-with-edinburgh.html,993,External link https://www.lrec-conf.org/proceedings/lrec2016/pdf/129_Paper.pdf failed with something very wrong.
_site/en/lessons/geoparsing-text-with-edinburgh.html,995,External link https://www.euppublishing.com/doi/pdfplus/10.3366/ijhac.2015.0136 failed (status code 403)
_site/en/lessons/geoparsing-text-with-edinburgh.html,1005,External link https://direct.mit.edu/leon/article/45/1/82/46956/GAP-A-NeoGeo-Approach-to-Classical-Resources#.U48IuXWx15Q failed (status code 403)
_site/en/lessons/geospatial-data-analysis.html,337,External link https://github.com/programminghistorian/ph-submissions/issues/102 failed (status code 429)
_site/en/lessons/geospatial-data-analysis.html,495,External link https://www.datacamp.com/ failed (status code 403)
_site/en/lessons/geospatial-data-analysis.html,495,External link https://www.ats.ucla.edu/stat/r/default.htm failed: got a time out (response code 0) (status code 0)
_site/en/lessons/geospatial-data-analysis.html,603,External link https://www.statmethods.net/advgraphs/parameters.html failed (status code 403)
_site/en/lessons/geospatial-data-analysis.html,772,External link https://www.statisticshowto.com/probability-and-statistics/normal-distributions/ failed (status code 403)
_site/en/lessons/geospatial-data-analysis.html,775,External link https://www.sciencedirect.com/science/article/pii/S0031405608000073 failed (status code 403)
_site/en/lessons/getting-started-with-mysql-using-r.html,333,External link https://github.com/programminghistorian/ph-submissions/issues/153 failed (status code 429)
_site/en/lessons/getting-started-with-mysql-using-r.html,611,"External link https://www.rstudio.com/products/rstudio/#Desktop failed: https://www.rstudio.com/products/rstudio/ exists, but the hash 'Desktop' does not (status code 200)"
_site/en/lessons/getting-started-with-mysql-using-r.html,1686,External link https://www.jeffblackadar.ca/graham_fellowship/corpus_entities_equity/ failed (status code 301)
_site/en/lessons/googlemaps-googleearth.html,1284,External link https://github.com/programminghistorian/jekyll/issues/2456 failed (status code 429)
_site/en/lessons/gravity-model.html,349,External link https://github.com/programminghistorian/ph-submissions/issues/204 failed (status code 429)
_site/en/lessons/gravity-model.html,566,External link https://doi.org/10.1111/ehr.12569 failed (status code 403)
_site/en/lessons/gravity-model.html,635,External link https://doi.org/10.1111/ehr.12569 failed (status code 403)
_site/en/lessons/gravity-model.html,842,External link https://www.statisticshowto.com/population-mean/ failed (status code 403)
_site/en/lessons/image-classification-neural-networks.html,333,External link https://github.com/programminghistorian/ph-submissions/issues/414 failed (status code 429)
_site/en/lessons/image-classification-neural-networks.html,777,External link https://learn.ml5js.org/#/ failed with something very wrong.
_site/en/lessons/installing-omeka.html,333,External link https://github.com/programminghistorian/ph-submissions/issues/6 failed (status code 429)
_site/en/lessons/installing-omeka.html,484,External link https://www.hostgator.com/ failed (status code 403)
_site/en/lessons/installing-omeka.html,499,External link https://help.dreamhost.com/hc/en-us/articles/216041267-SSH-overview failed (status code 403)
_site/en/lessons/installing-omeka.html,500,External link https://support.hostgator.com/articles/hosting-guide/lets-get-started/how-do-i-get-and-use-ssh-access failed (status code 403)
_site/en/lessons/interactive-data-visualization-dashboard.html,333,External link https://github.com/programminghistorian/ph-submissions/issues/609 failed (status code 429)
_site/en/lessons/interactive-data-visualization-dashboard.html,1301,External link https://doi.org/10.1177/1077699015607338 failed (status code 403)
_site/en/lessons/interactive-data-visualization-dashboard.html,1304,External link https://doi.org/10.1111/j.1468-2958.2002.tb00826.x failed (status code 403)
_site/en/lessons/interactive-data-visualization-dashboard.html,1313,External link https://doi.org/10.1080/1553118x.2022.2144324 failed (status code 403)
_site/en/lessons/interactive-data-visualization-dashboard.html,1316,External link https://doi.org/10.1080/00947679.1977.12066850 failed (status code 403)
_site/en/lessons/interactive-data-visualization-dashboard.html,1319,External link https://doi.org/10.1080/00947679.1977.12066850 failed (status code 403)
_site/en/lessons/interactive-data-visualization-dashboard.html,1322,External link https://doi.org/10.1080/00437956.1988.11435789 failed (status code 403)
_site/en/lessons/interactive-data-visualization-dashboard.html,1325,External link https://doi.org/10.1080/08854300308428349 failed (status code 403)
_site/en/lessons/interactive-data-visualization-dashboard.html,1328,External link https://doi.org/10.1207/s15327825mcs0301_03 failed (status code 403)
_site/en/lessons/interactive-text-games-using-twine.html,333,External link https://github.com/programminghistorian/ph-submissions/issues/348 failed (status code 429)
_site/en/lessons/interactive-text-games-using-twine.html,576,External link https://www.depressionquest.com/ failed with something very wrong.
_site/en/lessons/interactive-text-games-using-twine.html,1076,External link https://www.depressionquest.com/ failed with something very wrong.
_site/en/lessons/interactive-text-games-using-twine.html,1117,External link https://doi.org/10.1177/1461444811410394 failed (status code 403)
_site/en/lessons/interactive-visualization-with-plotly.html,333,External link https://github.com/programminghistorian/ph-submissions/issues/518 failed (status code 429)
_site/en/lessons/interrogating-national-narrative-gpt.html,333,External link https://github.com/programminghistorian/ph-submissions/issues/418 failed (status code 429)
_site/en/lessons/interrogating-national-narrative-gpt.html,691,External link https://www.researchgate.net/profile/Jesper-Christensen-8/publication/284419329/figure/fig8/AS:669960540004354@1536742448305/example-of-a-continuous-convex-function.jpg failed (status code 403)
_site/en/lessons/interrogating-national-narrative-gpt.html,931,External link https://doi.org/10.1080/01419870.2017.1361544 failed (status code 403)
_site/en/lessons/interrogating-national-narrative-gpt.html,934,External link https://doi.org/10.1093/pa/gsaa008 failed (status code 403)
_site/en/lessons/interrogating-national-narrative-gpt.html,955,External link https://doi.org/10.1145/3442188.3445922 failed (status code 403)
_site/en/lessons/intro-to-bash.html,738,External link https://www.viemu.com/a-why-vi-vim.html failed with something very wrong.
_site/en/lessons/intro-to-linked-data.html,334,External link https://github.com/programminghistorian/ph-submissions/issues/33 failed (status code 429)
_site/en/lessons/intro-to-linked-data.html,531,External link https://linkeddatacatalog.dws.informatik.uni-mannheim.de/state/ failed with something very wrong.
_site/en/lessons/intro-to-linked-data.html,574,External link https://repository.jisc.ac.uk/6544/ failed (status code 403)
_site/en/lessons/intro-to-linked-data.html,673,External link https://www.history.ac.uk/projects/digital/tobias failed (status code 403)
_site/en/lessons/intro-to-linked-data.html,707,External link https://semanticweb.org/wiki/Main_Page.html failed: got a time out (response code 0) (status code 0)
_site/en/lessons/intro-to-linked-data.html,862,External link https://www.history.ac.uk/projects/digital/tobias failed (status code 403)
_site/en/lessons/intro-to-linked-data.html,1038,External link https://linkeddata.org/guides-and-tutorials failed with something very wrong.
_site/en/lessons/intro-to-linked-data.html,1040,External link https://linkeddatacatalog.dws.informatik.uni-mannheim.de/state/ failed with something very wrong.
_site/en/lessons/intro-to-linked-data.html,1046,External link https://www.history.ac.uk/projects/digital/tobias failed (status code 403)
_site/en/lessons/intro-to-powershell.html,333,External link https://github.com/programminghistorian/ph-submissions/issues/18 failed (status code 429)
_site/en/lessons/intro-to-twitterbots.html,339,External link https://github.com/programminghistorian/ph-submissions/issues/75 failed (status code 429)
_site/en/lessons/intro-to-twitterbots.html,521,External link https://www.sciencedirect.com/science/article/pii/S0747563213003129 failed (status code 403)
_site/en/lessons/intro-to-twitterbots.html,845,External link https://unicode.org/emoji/charts/full-emoji-list.html failed with something very wrong.
_site/en/lessons/introduction-map-warper.html,339,External link https://github.com/programminghistorian/ph-submissions/issues/426 failed (status code 429)
_site/en/lessons/introduction-to-ffmpeg.html,333,External link https://github.com/programminghistorian/ph-submissions/issues/186 failed (status code 429)
_site/en/lessons/introduction-to-ffmpeg.html,557,"External link https://training.ashleyblewer.com/presentations/ffmpeg.html#10 failed: https://training.ashleyblewer.com/presentations/ffmpeg.html exists, but the hash '10' does not (status code 200)"
_site/en/lessons/introduction-to-ffmpeg.html,865,External link https://filmcolors.org/ failed (status code 403)
_site/en/lessons/introduction-to-populating-a-website-with-api-data.html,337,External link https://github.com/programminghistorian/ph-submissions/issues/196 failed (status code 429)
_site/en/lessons/introduction-to-populating-a-website-with-api-data.html,575,External link https://www.europeana.eu/ failed (status code 403)
_site/en/lessons/introduction-to-populating-a-website-with-api-data.html,617,External link https://www.europeana.eu failed (status code 403)
_site/en/lessons/introduction-to-populating-a-website-with-api-data.html,732,External link https://www.europeana.eu/portal/record/90402/RP_P_OB_84_508.html failed (status code 403)
_site/en/lessons/introduction-to-populating-a-website-with-api-data.html,750,External link https://pro.europeana.eu/page/europeana-rest-api#console failed (status code 404)
_site/en/lessons/introduction-to-populating-a-website-with-api-data.html,800,"External link https://windowsreport.com/xampp-port-80-443-in-use-skype-fix/#.XDM6XGlCfIU failed: https://windowsreport.com/xampp-port-80-443-in-use-skype-fix/ exists, but the hash '.XDM6XGlCfIU' does not (status code 200)"
_site/en/lessons/introduction-to-populating-a-website-with-api-data.html,821,External link https://localhost/dashboard failed with something very wrong.
_site/en/lessons/introduction-to-populating-a-website-with-api-data.html,859,External link https://localhost/helloworld.php failed with something very wrong.
_site/en/lessons/introduction-to-stylometry-with-python.html,337,External link https://github.com/programminghistorian/ph-submissions/issues/147 failed (status code 429)
_site/en/lessons/introduction-to-stylometry-with-python.html,1046,"External link https://en.wikipedia.org/wiki/Array_data_structure#Two-dimensional_arrays failed: https://en.wikipedia.org/wiki/Array_data_structure exists, but the hash 'Two-dimensional_arrays' does not (status code 200)"
_site/en/lessons/json-and-jq.html,333,External link https://github.com/programminghistorian/ph-submissions/issues/23 failed (status code 429)
_site/en/lessons/json-and-jq.html,615,"External link https://stedolan.github.io/jq/manual/#Invokingjq failed: https://stedolan.github.io/jq/manual/ exists, but the hash 'Invokingjq' does not (status code 200)"
_site/en/lessons/json-and-jq.html,814,"External link https://stedolan.github.io/jq/manual/#ConditionalsandComparisons failed: https://stedolan.github.io/jq/manual/ exists, but the hash 'ConditionalsandComparisons' does not (status code 200)"
_site/en/lessons/json-and-jq.html,1053,"External link https://stedolan.github.io/jq/manual/#join(str) failed: https://stedolan.github.io/jq/manual/#join(str) exists, but the hash 'join(str)' does not (status code 200)"
_site/en/lessons/json-and-jq.html,1462,"External link https://stedolan.github.io/jq/manual/#Math failed: https://stedolan.github.io/jq/manual/ exists, but the hash 'Math' does not (status code 200)"
_site/en/lessons/json-and-jq.html,1466,"External link https://stedolan.github.io/jq/manual/#Reduce failed: https://stedolan.github.io/jq/manual/ exists, but the hash 'Reduce' does not (status code 200)"
_site/en/lessons/json-and-jq.html,1466,"External link https://stedolan.github.io/jq/manual/#if-then-else failed: https://stedolan.github.io/jq/manual/ exists, but the hash 'if-then-else' does not (status code 200)"
_site/en/lessons/json-and-jq.html,1466,"External link https://stedolan.github.io/jq/manual/#Recursion failed: https://stedolan.github.io/jq/manual/ exists, but the hash 'Recursion' does not (status code 200)"
_site/en/lessons/jupyter-notebooks.html,337,External link https://github.com/programminghistorian/ph-submissions/issues/251 failed (status code 429)
_site/en/lessons/linear-regression.html,349,External link https://github.com/programminghistorian/ph-submissions/issues/436 failed (status code 429)
_site/en/lessons/linear-regression.html,1696,External link https://doi.org/10.1257/jel.20181020 failed (status code 403)
_site/en/lessons/logistic-regression.html,349,External link https://github.com/programminghistorian/ph-submissions/issues/436 failed (status code 429)
_site/en/lessons/logistic-regression.html,2028,External link https://doi.org/10.1002/1097-4679(198811)44:6%3C1013::AID-JCLP2270440627%3E3.0.CO;2-Z failed (status code 403)
_site/en/lessons/mapping-with-python-leaflet.html,333,External link https://github.com/programminghistorian/ph-submissions/issues/85 failed (status code 429)
_site/en/lessons/mapping-with-python-leaflet.html,511,"External link https://pandas.pydata.org/pandas-docs/stable/dsintro.html#dataframe failed: https://pandas.pydata.org/pandas-docs/stable/dsintro.html exists, but the hash 'dataframe' does not (status code 200)"
_site/en/lessons/mapping-with-python-leaflet.html,555,"External link https://pandas.pydata.org/pandas-docs/stable/dsintro.html#dataframe failed: https://pandas.pydata.org/pandas-docs/stable/dsintro.html exists, but the hash 'dataframe' does not (status code 200)"
_site/en/lessons/mapping-with-python-leaflet.html,573,"External link https://pandas.pydata.org/pandas-docs/stable/install.html#dependencies failed: https://pandas.pydata.org/pandas-docs/stable/install.html exists, but the hash 'dependencies' does not (status code 200)"
_site/en/lessons/mapping-with-python-leaflet.html,661,External link https://github.com/geopy/geopy/issues/90 failed (status code 429)
_site/en/lessons/mapping-with-python-leaflet.html,1087,"External link https://leafletjs.com/reference.html#map-set-methods failed: https://leafletjs.com/reference.html exists, but the hash 'map-set-methods' does not (status code 200)"
_site/en/lessons/mapping-with-python-leaflet.html,1185,External link https://leafletjs.com/SlavaUkraini/reference-1.2.0.html#geojson-oneachfeature failed (status code 404)
_site/en/lessons/naive-bayesian.html,915,"External link https://support.sas.com/documentation/cdl/en/statug/63033/HTML/default/viewer.htm#statug_introbayes_sect004.htm failed: https://support.sas.com/documentation/cdl/en/statug/63033/HTML/default/viewer.htm exists, but the hash 'statug_introbayes_sect004.htm' does not (status code 200)"
_site/en/lessons/naive-bayesian.html,2014,External link https://snowball.tartarus.org/ failed with something very wrong.
_site/en/lessons/ocr-with-google-vision-and-tesseract.html,333,External link https://github.com/programminghistorian/ph-submissions/issues/457 failed (status code 429)
_site/en/lessons/r-basics-with-tabular-data.html,333,External link https://github.com/programminghistorian/ph-submissions/issues/19 failed (status code 429)
_site/en/lessons/r-basics-with-tabular-data.html,1017,External link https://www.datacamp.com/courses/free-introduction-to-r failed (status code 403)
_site/en/lessons/research-data-with-unix.html,510,External link https://www.worldcat.org/title/unix-and-linux/oclc/308171076&referer=brief_results failed (status code 403)
_site/en/lessons/retired/OCR-and-Machine-Translation.html,303,External link https://github.com/programminghistorian/ph-submissions/issues/285 failed (status code 429)
_site/en/lessons/retired/OCR-and-Machine-Translation.html,493,External link https://digitalarchive.wilsoncenter.org/document/120500 failed (status code 403)
_site/en/lessons/retired/OCR-and-Machine-Translation.html,493,External link https://digitalarchive.wilsoncenter.org/document/119105 failed (status code 403)
_site/en/lessons/retired/OCR-and-Machine-Translation.html,523,External link https://www.fmwconcepts.com/imagemagick/textcleaner/index.php failed with something very wrong.
_site/en/lessons/retired/OCR-and-Machine-Translation.html,540,"External link https://www.apertium.org/index.eng.html?dir=arg-cat#translation failed: https://www.apertium.org/index.eng.html?dir=arg-cat exists, but the hash 'translation' does not (status code 200)"
_site/en/lessons/retired/OCR-with-Tesseract-and-ScanTailor.html,666,External link https://code.google.com/p/tesseract-ocr/wiki/ReadMe failed (status code 500)
_site/en/lessons/retired/OCR-with-Tesseract-and-ScanTailor.html,667,External link https://code.google.com/p/tesseract-ocr/downloads/list failed (status code 500)
_site/en/lessons/retired/counting-frequencies-from-zotero-items.html,415,External link https://github.com/programminghistorian/jekyll/issues/225 failed (status code 429)
_site/en/lessons/retired/creating-new-items-in-zotero.html,415,External link https://github.com/programminghistorian/jekyll/issues/225 failed (status code 429)
_site/en/lessons/retired/getting-started-with-github-desktop.html,303,External link https://github.com/programminghistorian/ph-submissions/issues/14 failed (status code 429)
_site/en/lessons/retired/getting-started-with-github-desktop.html,495,External link https://central.github.com/mac/latest failed (status code 401)
_site/en/lessons/retired/getting-started-with-github-desktop.html,576,External link https://www.chronicle.com/search?q=github failed (status code 403)
_site/en/lessons/retired/getting-started-with-github-desktop.html,595,External link https://central.github.com/mac/latest failed (status code 401)
_site/en/lessons/retired/getting-started-with-github-desktop.html,1056,External link https://www.chronicle.com/search?q=github failed (status code 403)
_site/en/lessons/retired/getting-started-with-github-desktop.html,1057,External link https://www.hastac.org/blogs/harrisonm/2013/10/12/github-academia-and-collaborative-writing failed (status code 404)
_site/en/lessons/retired/graph-databases-and-SPARQL.html,514,External link https://collection.britishmuseum.org failed: got a time out (response code 0) (status code 0)
_site/en/lessons/retired/graph-databases-and-SPARQL.html,514,External link https://labs.europeana.eu/api/linked-open-data-introduction failed with something very wrong.
_site/en/lessons/retired/graph-databases-and-SPARQL.html,590,External link https://palladio.designhumanities.org/ failed with something very wrong.
_site/en/lessons/retired/graph-databases-and-SPARQL.html,794,External link https://collection.britishmuseum.org/sparql failed: got a time out (response code 0) (status code 0)
_site/en/lessons/retired/graph-databases-and-SPARQL.html,816,External link https://collection.britishmuseum.org/id/object/PPA82633 failed: got a time out (response code 0) (status code 0)
_site/en/lessons/retired/graph-databases-and-SPARQL.html,830,External link https://collection.britishmuseum.org/sparql?query=SELECT+*%0D%0AWHERE+%7B%0D%0A++%3Chttp://collection.britishmuseum.org/id/object/PPA82633%3E+?p+?o+.%0D%0A++%7D&_implicit=false&_equivalent=false&_form=/sparql failed: got a time out (response code 0) (status code 0)
_site/en/lessons/retired/graph-databases-and-SPARQL.html,928,External link https://collection.britishmuseum.org/sparql#query=PREFIX+bmo:+%3Chttp://www.researchspace.org/ontology/%3E%0APREFIX+skos:+%3Chttp://www.w3.org/2004/02/skos/core%23%3E%0A%0ASELECT+?object%0AWHERE+%7B%0A%0A++%23+Search+for+all+values+of+?object+that+have+a+given+%22object+type%22%0A++?object+bmo:PX_object_type+?object_type+.%0A%0A++%23+That+object+type+should+have+the+label+%22print%22%0A++?object_type+skos:prefLabel+%22print%22+.%0A%7D%0ALIMIT+10 failed: got a time out (response code 0) (status code 0)
_site/en/lessons/retired/graph-databases-and-SPARQL.html,1017,"External link https://collection.britishmuseum.org/sparql#query=PREFIX+bmo:+%3Chttp://www.researchspace.org/ontology/%3E%0APREFIX+skos:+%3Chttp://www.w3.org/2004/02/skos/core%23%3E%0APREFIX+ecrm:+%3Chttp://www.cidoc-crm.org/cidoc-crm/%3E%0APREFIX+xsd:+%3Chttp://www.w3.org/2001/XMLSchema%23%3E%0A%0A%23+Return+object+links+and+creation+date%0ASELECT+?object+?date%0AWHERE+%7B%0A%0A++%23+We'll+use+our+previous+command+to+search+only+for%0A++%23+objects+of+type+%22print%22%0A++?object+bmo:PX_object_type+?object_type+.%0A++?object_type+skos:prefLabel+%22print%22+.%0A%0A++%23+We+need+to+link+though+several+nodes+to+find+the%0A++%23+creation+date+associated+with+an+object%0A++?object+ecrm:P108i_was_produced_by+?production+.%0A++?production+ecrm:P9_consists_of+?date_node+.%0A++?date_node+ecrm:P4_has_time-span+?timespan+.%0A++?timespan+ecrm:P82a_begin_of_the_begin+?date+.%0A%0A++%23+As+you+can+see,+we+need+to+connect+quite+a+few+dots%0A++%23+to+get+to+the+date+node!+Now+that+we+have+it,+we+can%0A++%23+filter+our+results.+Because+we+are+filtering+by+date,%0A++%23+we+must+attach+the+tag+%5E%5Exsd:date+after+our+date+strings.%0A++%23+This+tag+tells+the+database+to+interpret+the+string%0A++%23+%221580-01-01%22+as+the+date+1+January+1580.%0A%0A++FILTER(?date+%3E=+%221580-01-01%22%5E%5Exsd:date+&&%0A+++++++++?date+%3C=+%221600-01-01%22%5E%5Exsd:date)%0A%7D failed: got a time out (response code 0) (status code 0)"
_site/en/lessons/retired/graph-databases-and-SPARQL.html,1074,"External link https://collection.britishmuseum.org/sparql#query=PREFIX+bmo:+%3Chttp://www.researchspace.org/ontology/%3E%0APREFIX+skos:+%3Chttp://www.w3.org/2004/02/skos/core%23%3E%0APREFIX+ecrm:+%3Chttp://www.cidoc-crm.org/cidoc-crm/%3E%0APREFIX+xsd:+%3Chttp://www.w3.org/2001/XMLSchema%23%3E%0A%0ASELECT+?type+(COUNT(?type)+as+?n)%0AWHERE+%7B%0A++%23+We+still+need+to+indicate+the+?object_type+variable,%0A++%23+however+we+will+not+require+it+to+match+%22print%22+this+time%0A%0A++?object+bmo:PX_object_type+?object_type+.%0A++?object_type+skos:prefLabel+?type+.%0A%0A++%23+Once+again,+we+will+also+filter+by+date%0A++?object+ecrm:P108i_was_produced_by+?production+.%0A++?production+ecrm:P9_consists_of+?date_node+.%0A++?date_node+ecrm:P4_has_time-span+?timespan+.%0A++?timespan+ecrm:P82a_begin_of_the_begin+?date+.%0A++FILTER(?date+%3E=+%221580-01-01%22%5E%5Exsd:date+&&%0A+++++++++?date+%3C=+%221600-01-01%22%5E%5Exsd:date)%0A%7D%0A%23+The+GROUP+BY+command+designates+the+variable+to+tally+by,%0A%23+and+the+ORDER+BY+DESC()+command+sorts+the+results+by%0A%23+descending+number.%0AGROUP+BY+?type%0AORDER+BY+DESC(?n) failed: got a time out (response code 0) (status code 0)"
_site/en/lessons/retired/graph-databases-and-SPARQL.html,1200,External link https://palladio.designhumanities.org/ failed with something very wrong.
_site/en/lessons/retired/graph-databases-and-SPARQL.html,1230,"External link https://collection.britishmuseum.org/sparql?query=%23+Return+object+links+and+creation+date%0D%0APREFIX+bmo:+%3Chttp://collection.britishmuseum.org/id/ontology/%3E%0D%0APREFIX+skos:+%3Chttp://www.w3.org/2004/02/skos/core%23%3E%0D%0APREFIX+ecrm:+%3Chttp://erlangen-crm.org/current/%3E%0D%0APREFIX+xsd:+%3Chttp://www.w3.org/2001/XMLSchema%23%3E%0D%0ASELECT+DISTINCT+?object+?date+?image%0D%0AWHERE+%7B%0D%0A%0D%0A++%23+We'll+use+our+previous+command+to+search+only+for+objects+of+type+%22print%22%0D%0A++?object+bmo:PX_object_type+?object_type+.%0D%0A++?object_type+skos:prefLabel+%22print%22+.%0D%0A%0D%0A++%23+We+need+to+link+though+several+nodes+to+find+the+creation+date+associated%0D%0A++%23+with+an+object%0D%0A++?object+ecrm:P108i_was_produced_by+?production+.%0D%0A++?production+ecrm:P9_consists_of+?date_node+.%0D%0A++?date_node+ecrm:P4_has_time-span+?timespan+.%0D%0A++?timespan+ecrm:P82a_begin_of_the_begin+?date+.%0D%0A%0D%0A++%23+Yes,+we+need+to+connect+quite+a+few+dots+to+get+to+the+date+node!+Now+that%0D%0A++%23+we+have+it,+we+can+filter+our+results.+Because+we+are+filtering+a+date,+we%0D%0A++%23+must+attach+the+xsd:date+tag+to+our+date+strings+so+that+SPARQL+knows+how+to%0D%0A++%23+parse+them.%0D%0A%0D%0A++FILTER(?date+%3E=+%221580-01-01%22%5E%5Exsd:date+%26%26+?date+%3C=+%221600-01-01%22%5E%5Exsd:date)%0D%0A++%0D%0A++?object+bmo:PX_has_main_representation+?image+.%0D%0A%7D%0D%0ALIMIT+100#query=%23+Return+object+links+and+creation+date%0APREFIX+bmo:+%3Chttp://www.researchspace.org/ontology/%3E%0APREFIX+skos:+%3Chttp://www.w3.org/2004/02/skos/core%23%3E%0APREFIX+xsd:+%3Chttp://www.w3.org/2001/XMLSchema%23%3E%0APREFIX+ecrm:+%3Chttp://www.cidoc-crm.org/cidoc-crm/%3E%0ASELECT+DISTINCT+?object+?date+?image%0AWHERE+%7B%0A++%0A++%23+We'll+use+our+previous+command+to+search+only+for+objects+of+type+%22print%22%0A++?object+bmo:PX_object_type+?object_type+.%0A++?object_type+skos:prefLabel+%22print%22+.%0A%0A++%23+We+need+to+link+though+several+nodes+to+find+the+creation+date+associated%0A++%23+with+an+object%0A++?object+ecrm:P108i_was_produced_by+?production+.%0A++?production+ecrm:P9_consists_of+?date_node+.%0A++?date_node+ecrm:P4_has_time-span+?timespan+.%0A++?timespan+ecrm:P82a_begin_of_the_begin+?date+.%0A%0A++%0A++%23+Yes,+we+need+to+connect+quite+a+few+dots+to+get+to+the+date+node!+Now+that%0A++%23+we+have+it,+we+can+filter+our+results.+Because+we+are+filtering+a+date,+we%0A++%23+must+attach+the+xsd:date+tag+to+our+date+strings+so+that+SPARQL+knows+how+to%0A++%23+parse+them.%0A%0A++FILTER(?date+%3E=+%221580-01-01%22%5E%5Exsd:date+&&+?date+%3C=+%221600-01-01%22%5E%5Exsd:date)%0A++%0A++?object+bmo:PX_has_main_representation+?image+.%0A%7D%0ALIMIT+100 failed: got a time out (response code 0) (status code 0)"
_site/en/lessons/retired/graph-databases-and-SPARQL.html,1281,External link https://labs.europeana.eu/api/linked-open-data-SPARQL-endpoint failed with something very wrong.
_site/en/lessons/retired/intro-to-augmented-reality-with-unity.html,303,External link https://github.com/programminghistorian/ph-submissions/issues/17 failed (status code 429)
_site/en/lessons/retired/intro-to-augmented-reality-with-unity.html,437,External link https://github.com/programminghistorian/jekyll/issues/717 failed (status code 429)
_site/en/lessons/retired/intro-to-augmented-reality-with-unity.html,490,External link https://www.digi-capital.com/news/2015/04/augmentedvirtual-reality-to-hit-150-billion-disrupting-mobile-by-2020/#.VbetCU1VhHw failed with something very wrong.
_site/en/lessons/retired/intro-to-augmented-reality-with-unity.html,510,External link https://play.google.com/store/apps/details?id=com.Trace.Dollars&hl=en failed (status code 404)
_site/en/lessons/retired/intro-to-augmented-reality-with-unity.html,516,External link https://learn.unity.com/tutorial/live-sessions-on-unity-interface-and-essentials failed (status code 404)
_site/en/lessons/retired/intro-to-augmented-reality-with-unity.html,516,External link https://docs.unity3d.com/Manual/LearningtheInterface.html failed (status code 404)
_site/en/lessons/retired/intro-to-augmented-reality-with-unity.html,520,External link https://www.aurasma.com/ failed with something very wrong.
_site/en/lessons/retired/intro-to-augmented-reality-with-unity.html,571,External link https://www.aurasma.com/ failed with something very wrong.
_site/en/lessons/retired/intro-to-augmented-reality-with-unity.html,678,"External link https://developer.android.com/sdk/index.html#Other failed: https://developer.android.com/sdk/index.html exists, but the hash 'Other' does not (status code 200)"
_site/en/lessons/retired/intro-to-augmented-reality-with-unity.html,1335,External link https://docs.unity3d.com/Manual/Transforms.html failed (status code 404)
_site/en/lessons/retired/intro-to-beautiful-soup.html,609,External link https://bioguide.congress.gov/biosearch/biosearch.asp failed (status code 403)
_site/en/lessons/retired/intro-to-the-zotero-api.html,415,External link https://github.com/programminghistorian/jekyll/issues/225 failed (status code 429)
_site/en/lessons/scalable-reading-of-structured-data.html,341,External link https://github.com/programminghistorian/ph-submissions/issues/419 failed (status code 429)
_site/en/lessons/sentiment-analysis-syuzhet.html,337,External link https://github.com/programminghistorian/ph-submissions/issues/478 failed (status code 429)
_site/en/lessons/sentiment-analysis.html,337,External link https://github.com/programminghistorian/ph-submissions/issues/108 failed (status code 429)
_site/en/lessons/sentiment-analysis.html,549,External link https://journals.sagepub.com/doi/abs/10.1177/1749975514542486 failed (status code 403)
_site/en/lessons/sentiment-analysis.html,549,External link https://www.emeraldinsight.com/doi/abs/10.1108/S0733-558X(2014)0000040001 failed (status code 403)
_site/en/lessons/shiny-leaflet-newspaper-map-tutorial.html,333,External link https://github.com/programminghistorian/ph-submissions/issues/416 failed (status code 429)
_site/en/lessons/simulating-historical-communication-networks-python.html,339,External link https://github.com/programminghistorian/ph-submissions/issues/605 failed (status code 429)
_site/en/lessons/simulating-historical-communication-networks-python.html,1551,External link https://doi.org/10.1177/1059712320922915 failed (status code 403)
_site/en/lessons/simulating-historical-communication-networks-python.html,1557,External link https://doi.org/10.1093/oso/9780192857828.001.0001 failed (status code 403)
_site/en/lessons/simulating-historical-communication-networks-python.html,1575,External link https://doi.org/10.1098/rsif.2014.0881 failed (status code 403)
_site/en/lessons/sonification.html,333,External link https://github.com/programminghistorian/ph-submissions/issues/4 failed (status code 429)
_site/en/lessons/sonification.html,521,External link https://blog.taracopplestone.co.uk/making-things-photobashing-as-archaeological-remediation/ failed with something very wrong.
_site/en/lessons/sonification.html,548,External link https://www.researchgate.net/publication/282504359_Listen_to_the_Sound_of_Data failed (status code 403)
_site/en/lessons/sonification.html,550,External link https://www.researchgate.net/publication/282504359_Listen_to_the_Sound_of_Data failed (status code 403)
_site/en/lessons/sonification.html,625,External link https://www.lynda.com/GarageBand-tutorials/Importing-audio-tracks/156620/164050-4.html failed (status code 404)
_site/en/lessons/sonification.html,997,External link https://puffin.creighton.edu/jesuit/relations/ failed with something very wrong.
_site/en/lessons/sonification.html,1060,External link https://www.lilypond.org/ failed with something very wrong.
_site/en/lessons/sonification.html,1083,External link https://www.jstor.org/stable/734136 failed (status code 403)
_site/en/lessons/sonification.html,1089,External link https://www.researchgate.net/publication/282504359_Listen_to_the_Sound_of_Data failed (status code 403)
_site/en/lessons/space-place-gazetteers.html,335,External link https://github.com/programminghistorian/ph-submissions/issues/580 failed (status code 429)
_site/en/lessons/space-place-gazetteers.html,547,"External link https://bombsight.org/#17/51.50595/-0.10680 failed: https://bombsight.org/ exists, but the hash '17/51.50595/-0.10680' does not (status code 200)"
_site/en/lessons/space-place-gazetteers.html,1451,External link https://doi.org/10.1145/3485447.3512026 failed (status code 403)
_site/en/lessons/space-place-gazetteers.html,1463,External link https://doi.org/10.1111/j.1467-8306.2005.00481.x failed (status code 403)
_site/en/lessons/sustainable-authorship-in-plain-text-using-pandoc-and-markdown.html,1204,"External link https://groups.google.com/forum/#!forum/pandoc-discuss failed: https://groups.google.com/forum/ exists, but the hash '!forum/pandoc-discuss' does not (status code 200)"
_site/en/lessons/sustainable-authorship-in-plain-text-using-pandoc-and-markdown.html,1218,External link https://mouapp.com/ failed with something very wrong.
_site/en/lessons/sustainable-authorship-in-plain-text-using-pandoc-and-markdown.html,1223,External link https://www.authorea.com failed (status code 403)
_site/en/lessons/sustainable-authorship-in-plain-text-using-pandoc-and-markdown.html,1224,External link https://www.draftin.com failed with something very wrong.
_site/en/lessons/sustainable-authorship-in-plain-text-using-pandoc-and-markdown.html,1269,External link https://github.com/programminghistorian/jekyll/issues/46#issuecomment-59219906 failed (status code 429)
_site/en/lessons/temporal-network-analysis-with-r.html,338,External link https://github.com/programminghistorian/ph-submissions/issues/179 failed (status code 429)
_site/en/lessons/text-mining-with-extracted-features.html,352,External link https://github.com/programminghistorian/ph-submissions/issues/29 failed (status code 429)
_site/en/lessons/text-mining-with-extracted-features.html,517,External link https://www.hathitrust.org failed (status code 403)
_site/en/lessons/text-mining-with-extracted-features.html,545,External link https://wiki.htrc.illinois.edu/display/COM/Extracted+Features+in+the+Wild failed with something very wrong.
_site/en/lessons/text-mining-with-extracted-features.html,846,External link https://www.hathitrust.org/bib_api failed (status code 403)
_site/en/lessons/text-mining-with-extracted-features.html,930,External link https://hdl.handle.net/2027/nyp.33433074811310 failed (status code 403)
_site/en/lessons/text-mining-with-extracted-features.html,1854,External link https://wiki.ucop.edu/display/Curation/PairTree failed with something very wrong.
_site/en/lessons/text-mining-with-extracted-features.html,1860,External link https://data.analytics.hathitrust.org/genre/fiction_paths.txt failed with something very wrong.
_site/en/lessons/text-mining-youtube-comments.html,337,External link https://github.com/programminghistorian/ph-submissions/issues/374 failed (status code 429)
_site/en/lessons/text-mining-youtube-comments.html,524,External link https://www.allsides.com failed (status code 403)
_site/en/lessons/text-mining-youtube-comments.html,876,External link https://www.wordfish.org/ failed with something very wrong.
_site/en/lessons/text-mining-youtube-comments.html,876,External link https://www.wordfish.org/software.html failed with something very wrong.
_site/en/lessons/text-mining-youtube-comments.html,906,External link https://www.wordfish.org/software.html failed with something very wrong.
_site/en/lessons/text-mining-youtube-comments.html,906,External link https://www.wordfish.org/ failed with something very wrong.
_site/en/lessons/text-mining-youtube-comments.html,988,External link https://doi.org/10.1111/j.1540-5907.2008.00338.x failed (status code 403)
_site/en/lessons/text-mining-youtube-comments.html,1181,External link https://doi.org/10.1073/pnas.2101967118 failed (status code 403)
_site/en/lessons/text-mining-youtube-comments.html,1181,External link https://doi.org/10.1080/14799855.2012.669207 failed (status code 403)
_site/en/lessons/text-mining-youtube-comments.html,1184,External link https://doi.org/10.1093/esr/jcaa053 failed (status code 403)
_site/en/lessons/text-mining-youtube-comments.html,1184,External link https://doi.org/10.1080/13691180903497060 failed (status code 403)
_site/en/lessons/text-mining-youtube-comments.html,1184,External link https://doi.org/10.1177/1461444815611593 failed (status code 403)
_site/en/lessons/text-mining-youtube-comments.html,1187,External link https://doi.org/10.1177/1461444818792393 failed (status code 403)
_site/en/lessons/text-mining-youtube-comments.html,1199,External link https://www.datacamp.com/community/tutorials/r-packages-guide failed (status code 403)
_site/en/lessons/text-mining-youtube-comments.html,1202,External link https://doi.org/10.1111/j.1540-5907.2008.00338.x failed (status code 403)
_site/en/lessons/topic-modeling-and-mallet.html,545,External link https://www.worldcat.org/title/reading-machines-toward-an-algorithmic-criticism/oclc/708761605&referer=brief_results failed (status code 403)
_site/en/lessons/topic-modeling-and-mallet.html,1225,External link https://web.archive.org/web/20160704150726/https://www.lisarhody.com:80/some-assembly-required/ failed (status code 404)
_site/en/lessons/topic-modeling-and-mallet.html,1228,External link https://dl.acm.org/citation.cfm?id=944937 failed (status code 403)
_site/en/lessons/transcribing-handwritten-text-with-python-and-azure.html,333,External link https://github.com/programminghistorian/ph-submissions/issues/511 failed (status code 429)
_site/en/lessons/transforming-xml-with-xsl.html,333,External link https://github.com/programminghistorian/ph-submissions/issues/11 failed (status code 429)
_site/en/lessons/transforming-xml-with-xsl.html,535,External link https://irt.kcl.ac.uk/irt2009/ failed with something very wrong.
_site/en/lessons/transforming-xml-with-xsl.html,685,External link https://www.java.com/en/download/ failed (status code 403)
_site/en/lessons/transforming-xml-with-xsl.html,728,External link https://scissors-and-paste.net failed with something very wrong.
_site/en/lessons/transforming-xml-with-xsl.html,1279,External link https://www.computerhope.com/issues/ch000549.htm failed (status code 403)
_site/en/lessons/transliterating.html,481,External link https://lists.memo.ru failed (status code 403)
_site/en/lessons/transliterating.html,522,External link https://lists.memo.ru failed (status code 403)
_site/en/lessons/transliterating.html,530,External link https://lists.memo.ru/d1/f1.htm failed (status code 403)
_site/en/lessons/understanding-creating-word-embeddings.html,337,External link https://github.com/programminghistorian/ph-submissions/issues/555 failed (status code 429)
_site/en/lessons/understanding-creating-word-embeddings.html,989,External link https://doi.org/10.1080/01615440.2020.1760157 failed (status code 403)
_site/en/lessons/understanding-regular-expressions.html,628,"External link https://archive.org/stream/jstor-4560629/4560629#page/n0/mode/2up failed: https://archive.org/stream/jstor-4560629/4560629 exists, but the hash 'page/n0/mode/2up' does not (status code 200)"
_site/en/lessons/understanding-regular-expressions.html,1430,External link https://dh.obdurodon.org/regex.html failed with something very wrong.
_site/en/lessons/urban-demographic-data-r-ggplot2.html,335,External link https://github.com/programminghistorian/ph-submissions/issues/606 failed (status code 429)
_site/en/lessons/urban-demographic-data-r-ggplot2.html,1203,External link https://doi.org/10.1198/jcgs.2009.07098 failed (status code 403)
_site/en/lessons/urban-demographic-data-r-ggplot2.html,1227,External link https://www.cookbook-r.com/Graphs/ failed with something very wrong.
_site/en/lessons/using-javascript-to-create-maps.html,340,External link https://github.com/programminghistorian/ph-submissions/issues/32 failed (status code 429)
_site/en/lessons/using-javascript-to-create-maps.html,496,External link https://wcm1.web.rice.edu/mining-bpl-antislavery.html failed: got a time out (response code 0) (status code 0)
_site/en/lessons/vector-layers-qgis.html,683,External link https://www.lib.uwaterloo.ca/locations/umd/digital/clump_classes.html failed (status code 404)
_site/en/lessons/visualizing-with-bokeh.html,333,External link https://github.com/programminghistorian/ph-submissions/issues/152 failed (status code 429)
_site/en/lessons/visualizing-with-bokeh.html,1101,"External link https://pandas.pydata.org/pandas-docs/stable/timeseries.html#offset-aliases failed: https://pandas.pydata.org/pandas-docs/stable/timeseries.html exists, but the hash 'offset-aliases' does not (status code 200)"
_site/en/lessons/visualizing-with-bokeh.html,1190,"External link https://pandas.pydata.org/pandas-docs/stable/timeseries.html#offset-aliases failed: https://pandas.pydata.org/pandas-docs/stable/timeseries.html exists, but the hash 'offset-aliases' does not (status code 200)"
_site/en/lessons/working-with-batches-of-pdf-files.html,333,External link https://github.com/programminghistorian/ph-submissions/issues/258 failed (status code 429)
_site/en/lessons/working-with-batches-of-pdf-files.html,707,"External link https://manpages.ubuntu.com/manpages/bionic/en/man1/grep.1.html#regular%20expressions failed: https://manpages.ubuntu.com/manpages/bionic/en/man1/grep.1.html exists, but the hash 'regular%20expressions' does not (status code 200)"
_site/en/project-team.html,1270,External link https://www.nabeelsiddiqui.net/ failed with something very wrong.
_site/en/project-team.html,2057,External link https://www.mariajoseafanador.com failed with something very wrong.
_site/en/research.html,262,External link https://www.hsozkult.de/webreview/id/rezwww-184 failed (status code 400)
_site/en/research.html,264,External link https://academic.oup.com/jah/article-abstract/103/1/299/1751315 failed (status code 403)
_site/en/research.html,280,External link https://novaresearch.unl.pt/files/32228034/Ensinar_Humanidades_Digitais.pdf failed (status code 403)
_site/en/research.html,283,External link https://www.tandfonline.com/doi/full/10.1080/13555502.2017.1301179 failed (status code 403)
_site/en/research.html,284,External link https://www.herts.ac.uk/__data/assets/pdf_file/0016/138013/Blip-2016-Autumn-2016-Final-Autumn-2016.pdf failed (status code 403)
_site/en/research.html,327,External link https://www.history.ac.uk/our-century/centenary-events/training-teacher-giving-your-first-digital-history-workshop failed (status code 403)
_site/en/research.html,363,External link https://www.caurj.gov.br/seminario-solare-reune-desenvolvedores-internacionais-de-software-livre-para-arquitetura-e-urbanismo/ failed (status code 403)
_site/en/research.html,370,External link https://www.jisc.ac.uk/events/digifest-2023/programme failed (status code 404)
_site/en/research.html,376,External link https://dcdcconference.com/ failed with something very wrong.
_site/en/research.html,377,External link https://www.meshs.fr/page/dhnord2022.5 failed: Not Found (status code 404)
_site/en/research.html,377,External link https://www.meshs.fr/page/dhnord2022_session5 failed: Not Found (status code 404)
_site/en/research.html,387,External link https://openpublishingfest.org/calendar.html#event-69/ failed: got a time out (response code 0) (status code 0)
_site/en/research.html,391,External link https://2021.dhbenelux.org/schedule/ failed with something very wrong.
_site/en/research.html,393,"External link https://msuglobaldh.org/abstracts/#programming-historian failed: https://msuglobaldh.org/abstracts/ exists, but the hash 'programming-historian' does not (status code 200)"
_site/en/research.html,422,External link https://www.hsozkult.de/webreview/id/rezwww-184 failed (status code 400)
_site/en/research.html,426,External link https://fredgibbs.net/posts/reflections-former-PH-editor failed (status code 404)
_site/en/supporters.html,280,External link https://www.sas.ac.uk/ failed (status code 403)
_site/en/supporters.html,292,External link https://www.tilburguniversity.edu/ failed (status code 403)
_site/en/supporters.html,304,External link https://www.history.ac.uk/library-digital failed (status code 403)
_site/en/supporters.html,334,"External link https://www.sussex.ac.uk/collaborate/business/public-funds#:~:text=Impact%20accelerator%20funds,-From%20law%20to&text=The%20ESRC%20and%20AHRC%20Impact,businesses%20through%20to%20large%20companies failed: https://www.sussex.ac.uk/collaborate/business/public-funds exists, but the hash ':~:text=Impact%20accelerator%20funds,-From%20law%20to&text=The%20ESRC%20and%20AHRC%20Impact,businesses%20through%20to%20large%20companies' does not (status code 200)"
_site/en/supporters.html,335,External link https://www.thebritishacademy.ac.uk/projects/writing-workshops-2018-digital-humanities/ failed (status code 403)
_site/en/supporters.html,342,External link https://www.paypal.com/cgi-bin/webscr?cmd=_s-xclick&hosted_button_id=7BGHUZRVS4LYL&source=url failed (status code 403)
_site/es/acerca-de.html,269,External link https://dhawards.org/dhawards2022/results/ failed with something very wrong.
_site/es/acerca-de.html,269,External link https://dhawards.org/dhawards2017/results/ failed with something very wrong.
_site/es/acerca-de.html,269,External link https://openpublishingawards.org/results/2021/index.html failed with something very wrong.
_site/es/acerca-de.html,269,External link https://dhawards.org/dhawards2016/results/ failed with something very wrong.
_site/es/colaboradores.html,281,External link https://www.sas.ac.uk/ failed (status code 403)
_site/es/colaboradores.html,293,External link https://www.tilburguniversity.edu/ failed (status code 403)
_site/es/colaboradores.html,305,External link https://www.history.ac.uk/library-digital failed (status code 403)
_site/es/colaboradores.html,335,"External link https://www.sussex.ac.uk/collaborate/business/public-funds#:~:text=Impact%20accelerator%20funds,-From%20law%20to&text=The%20ESRC%20and%20AHRC%20Impact,businesses%20through%20to%20large%20companies failed: https://www.sussex.ac.uk/collaborate/business/public-funds exists, but the hash ':~:text=Impact%20accelerator%20funds,-From%20law%20to&text=The%20ESRC%20and%20AHRC%20Impact,businesses%20through%20to%20large%20companies' does not (status code 200)"
_site/es/colaboradores.html,336,External link https://www.thebritishacademy.ac.uk/projects/writing-workshops-2018-digital-humanities/ failed (status code 403)
_site/es/colaboradores.html,343,External link https://www.paypal.com/cgi-bin/webscr?cmd=_s-xclick&hosted_button_id=7BGHUZRVS4LYL&source=url failed (status code 403)
_site/es/contribuciones.html,258,External link https://www.mecd.gob.es/planes-nacionales/dam/jcr:f20a4ba1-0ed2-445d-9be9-b8b0382562ea/mex-glosario-interpares-total0112.pdf failed with something very wrong.
_site/es/contribuciones.html,303,External link https://www.worldcat.org/title/programming-historian-en-espanol/oclc/1061292935&referer=brief_results failed (status code 403)
_site/es/contribuciones.html,303,External link https://www.worldcat.org/title/programming-historian/oclc/951537099 failed (status code 403)
_site/es/donaciones.html,265,External link https://www.patreon.com/join/theprogramminghistorian failed (status code 403)
_site/es/donaciones.html,273,External link https://www.paypal.com/cgi-bin/webscr?cmd=_s-xclick&hosted_button_id=7BGHUZRVS4LYL&source=url failed (status code 403)
_site/es/equipo-de-proyecto.html,1268,External link https://www.nabeelsiddiqui.net/ failed with something very wrong.
_site/es/equipo-de-proyecto.html,2055,External link https://www.mariajoseafanador.com failed with something very wrong.
_site/es/guia-editor.html,505,"External link https://zenodo.org/record/49873#.V0lazGaGa7o failed: https://zenodo.org/record/49873 exists, but the hash '.V0lazGaGa7o' does not (status code 200)"
_site/es/guia-editor.html,617,External link https://www.europeana.eu/portal/en failed (status code 403)
_site/es/guia-editor.html,645,"External link https://docs.google.com/spreadsheets/d/1o-C-3WwfcEYWipIFb112tkuM-XOI8pVVpA9_sag9Ph8/edit#gid=904817529 failed: https://docs.google.com/spreadsheets/d/1o-C-3WwfcEYWipIFb112tkuM-XOI8pVVpA9_sag9Ph8/edit exists, but the hash 'gid=904817529' does not (status code 200)"
_site/es/guia-para-autores.html,265,"External link https://docs.google.com/spreadsheets/d/1vrvZTygZLfQRoQildD667Xcgzhf_reQC8Nq4OD-BRIA/edit#gid=0 failed: https://docs.google.com/spreadsheets/d/1vrvZTygZLfQRoQildD667Xcgzhf_reQC8Nq4OD-BRIA/edit exists, but the hash 'gid=0' does not (status code 200)"
_site/es/guia-para-revisores.html,336,External link https://www.mecd.gob.es/planes-nacionales/dam/jcr:f20a4ba1-0ed2-445d-9be9-b8b0382562ea/mex-glosario-interpares-total0112.pdf failed with something very wrong.
_site/es/investigacion.html,262,External link https://www.hsozkult.de/webreview/id/rezwww-184 failed (status code 400)
_site/es/investigacion.html,280,External link https://novaresearch.unl.pt/files/32228034/Ensinar_Humanidades_Digitais.pdf failed (status code 403)
_site/es/investigacion.html,283,External link https://www.tandfonline.com/doi/full/10.1080/13555502.2017.1301179 failed (status code 403)
_site/es/investigacion.html,284,External link https://www.herts.ac.uk/__data/assets/pdf_file/0016/138013/Blip-2016-Autumn-2016-Final-Autumn-2016.pdf failed (status code 403)
_site/es/investigacion.html,326,External link https://www.history.ac.uk/our-century/centenary-events/training-teacher-giving-your-first-digital-history-workshop failed (status code 403)
_site/es/investigacion.html,362,External link https://www.caurj.gov.br/seminario-solare-reune-desenvolvedores-internacionais-de-software-livre-para-arquitetura-e-urbanismo/ failed (status code 403)
_site/es/investigacion.html,369,External link https://www.jisc.ac.uk/events/digifest-2023/programme failed (status code 404)
_site/es/investigacion.html,375,External link https://dcdcconference.com/ failed with something very wrong.
_site/es/investigacion.html,376,External link https://www.meshs.fr/page/dhnord2022.5 failed: Not Found (status code 404)
_site/es/investigacion.html,376,External link https://www.meshs.fr/page/dhnord2022_session5 failed: Not Found (status code 404)
_site/es/investigacion.html,386,External link https://openpublishingfest.org/calendar.html#event-69/ failed: got a time out (response code 0) (status code 0)
_site/es/investigacion.html,390,External link https://2021.dhbenelux.org/schedule/ failed with something very wrong.
_site/es/investigacion.html,392,"External link https://msuglobaldh.org/abstracts/#programming-historian failed: https://msuglobaldh.org/abstracts/ exists, but the hash 'programming-historian' does not (status code 200)"
_site/es/investigacion.html,427,External link https://fredgibbs.net/posts/reflections-former-PH-editor failed (status code 404)
_site/es/lecciones/administracion-de-datos-en-r.html,337,External link https://github.com/programminghistorian/ph-submissions/issues/199 failed (status code 429)
_site/es/lecciones/analisis-de-corpus-con-antconc.html,337,External link https://github.com/programminghistorian/ph-submissions/issues/170 failed (status code 429)
_site/es/lecciones/analisis-de-corpus-con-antconc.html,630,External link https://academic.oup.com/dsh/article-abstract/8/4/243/928942 failed (status code 403)
_site/es/lecciones/analisis-de-corpus-con-antconc.html,1132,External link https://elies.rediris.es/elies18/ failed with something very wrong.
_site/es/lecciones/analisis-de-correspondencia-en-r.html,358,External link https://github.com/programminghistorian/ph-submissions/issues/331 failed (status code 429)
_site/es/lecciones/analisis-de-sentimientos-r.html,333,External link https://github.com/programminghistorian/ph-submissions/issues/286 failed (status code 429)
_site/es/lecciones/analisis-redes-sociales-teatro-1.html,333,External link https://github.com/programminghistorian/ph-submissions/issues/517 failed (status code 429)
_site/es/lecciones/analisis-redes-sociales-teatro-1.html,1448,External link https://doi.org/10.5944/rhd.vol.4.2019.25187 failed: got a time out (response code 302) (status code 302)
_site/es/lecciones/analisis-redes-sociales-teatro-1.html,1468,External link https://doi.org/10.5944/rhd.vol.3.2019.23144 failed: got a time out (response code 302) (status code 302)
_site/es/lecciones/analisis-redes-sociales-teatro-2.html,333,External link https://github.com/programminghistorian/ph-submissions/issues/547 failed (status code 429)
_site/es/lecciones/analisis-redes-sociales-teatro-2.html,511,"External link https://gephi.org/plugins/#/ failed: https://gephi.org/plugins/ exists, but the hash '/' does not (status code 200)"
_site/es/lecciones/analisis-redes-sociales-teatro-2.html,1101,External link https://doi.org/10.1093/llc/fqaa015 failed (status code 403)
_site/es/lecciones/analisis-temporal-red.html,341,External link https://github.com/programminghistorian/ph-submissions/issues/218 failed (status code 429)
_site/es/lecciones/analisis-voyant-tools.html,337,External link https://github.com/programminghistorian/ph-submissions/issues/211 failed (status code 429)
_site/es/lecciones/analisis-voyant-tools.html,1275,"External link https://voyant-tools.org/docs/#!/guide/corpuscreator failed: https://voyant-tools.org/docs/ exists, but the hash '!/guide/corpuscreator' does not (status code 200)"
_site/es/lecciones/construir-repositorio-de-fuentes.html,337,External link https://github.com/programminghistorian/ph-submissions/issues/188 failed (status code 429)
_site/es/lecciones/construir-repositorio-de-fuentes.html,623,External link https://localhost/phpmyadmin/ failed with something very wrong.
_site/es/lecciones/construir-repositorio-de-fuentes.html,693,External link https://localhost/phpmyadmin failed with something very wrong.
_site/es/lecciones/construir-repositorio-de-fuentes.html,915,"External link https://omeka.org/codex/Plugin_Writing_Best_Practices#Plugin_Directory_Structure failed: https://omeka.org/codex/Plugin_Writing_Best_Practices exists, but the hash 'Plugin_Directory_Structure' does not (status code 200)"
_site/es/lecciones/construir-repositorio-de-fuentes.html,1334,External link https://www.transifex.com/omeka/omeka/ failed (status code 404)
_site/es/lecciones/contar-frecuencias.html,339,External link https://github.com/programminghistorian/ph-submissions/issues/47 failed (status code 429)
_site/es/lecciones/corpus-paralelo-lfaligner.html,338,External link https://github.com/programminghistorian/ph-submissions/issues/197 failed (status code 429)
_site/es/lecciones/corpus-paralelo-lfaligner.html,489,External link https://github.com/danielvarga/hunalign failed (status code 429)
_site/es/lecciones/corpus-paralelo-lfaligner.html,1667,External link https://github.com/programminghistorian/jekyll/commits/gh-pages/es/lecciones/corpus-paralelo-lfaligner.md failed (status code 429)
_site/es/lecciones/creacion-de-aplicacion-shiny.html,337,External link https://github.com/programminghistorian/ph-submissions/issues/542 failed (status code 429)
_site/es/lecciones/creacion-de-aplicacion-shiny.html,1700,External link https://github.com/programminghistorian/jekyll/commits/gh-pages/es/lecciones/creacion-de-aplicacion-shiny.md failed (status code 429)
_site/es/lecciones/creando-diagramas-de-redes-desde-fuentes-historicas.html,337,External link https://github.com/programminghistorian/ph-submissions/issues/58 failed (status code 429)
_site/es/lecciones/creando-diagramas-de-redes-desde-fuentes-historicas.html,993,External link https://pajek.imfm.si/doku.php failed: got a time out (response code 0) (status code 0)
_site/es/lecciones/creando-diagramas-de-redes-desde-fuentes-historicas.html,993,External link https://www.cambridge.org/us/academic/subjects/sociology/research-methods-sociology-and-criminology/exploratory-social-network-analysis-pajek-2nd-edition failed (status code 403)
_site/es/lecciones/creando-diagramas-de-redes-desde-fuentes-historicas.html,1543,External link https://github.com/programminghistorian/jekyll/commits/gh-pages/es/lecciones/creando-diagramas-de-redes-desde-fuentes-historicas.md failed (status code 429)
_site/es/lecciones/crear-exposicion-con-omeka.html,339,External link https://github.com/programminghistorian/ph-submissions/issues/156 failed (status code 429)
_site/es/lecciones/crear-exposicion-con-omeka.html,1611,External link https://github.com/programminghistorian/jekyll/commits/gh-pages/es/lecciones/crear-exposicion-con-omeka.md failed (status code 429)
_site/es/lecciones/crear-y-ver-archivos-html-con-python.html,339,External link https://github.com/programminghistorian/ph-submissions/issues/48 failed (status code 429)
_site/es/lecciones/crear-y-ver-archivos-html-con-python.html,1669,External link https://github.com/programminghistorian/jekyll/commits/gh-pages/es/lecciones/crear-y-ver-archivos-html-con-python.md failed (status code 429)
_site/es/lecciones/datos-abiertos-enlazados-wikidata.html,335,External link https://github.com/programminghistorian/ph-submissions/issues/589 failed (status code 429)
_site/es/lecciones/datos-abiertos-enlazados-wikidata.html,979,External link https://doi.org/10.22134/trace.82.2022.819 failed (status code 302)
_site/es/lecciones/datos-abiertos-enlazados-wikidata.html,1976,External link https://github.com/programminghistorian/jekyll/commits/gh-pages/es/lecciones/datos-abiertos-enlazados-wikidata.md failed (status code 429)
_site/es/lecciones/datos-de-investigacion-con-unix.html,339,External link https://github.com/programminghistorian/ph-submissions/issues/138 failed (status code 429)
_site/es/lecciones/datos-de-investigacion-con-unix.html,560,External link https://www.worldcat.org/title/unix-y-linux-gua-prctica/oclc/970524006&referer=brief_results failed (status code 403)
_site/es/lecciones/datos-de-investigacion-con-unix.html,560,External link https://www.worldcat.org/title/unix-and-linux/oclc/308171076&referer=brief_results failed (status code 403)
_site/es/lecciones/datos-de-investigacion-con-unix.html,1631,External link https://github.com/programminghistorian/jekyll/commits/gh-pages/es/lecciones/datos-de-investigacion-con-unix.md failed (status code 429)
_site/es/lecciones/datos-tabulares-en-r.html,337,External link https://github.com/programminghistorian/ph-submissions/issues/164 failed (status code 429)
_site/es/lecciones/datos-tabulares-en-r.html,1047,External link https://www.datacamp.com/community/open-courses/introduccion-a-r failed (status code 403)
_site/es/lecciones/datos-tabulares-en-r.html,1613,External link https://github.com/programminghistorian/jekyll/commits/gh-pages/es/lecciones/datos-tabulares-en-r.md failed (status code 429)
_site/es/lecciones/de-html-a-lista-de-palabras-1.html,339,External link https://github.com/programminghistorian/ph-submissions/issues/44 failed (status code 429)
_site/es/lecciones/de-html-a-lista-de-palabras-1.html,1666,External link https://github.com/programminghistorian/jekyll/commits/gh-pages/es/lecciones/de-html-a-lista-de-palabras-1.md failed (status code 429)
_site/es/lecciones/de-html-a-lista-de-palabras-2.html,339,External link https://github.com/programminghistorian/ph-submissions/issues/45 failed (status code 429)
_site/es/lecciones/de-html-a-lista-de-palabras-2.html,1770,External link https://github.com/programminghistorian/jekyll/commits/gh-pages/es/lecciones/de-html-a-lista-de-palabras-2.md failed (status code 429)
_site/es/lecciones/descarga-automatizada-con-wget.html,1382,External link https://github.com/programminghistorian/jekyll/commits/gh-pages/es/lecciones/descarga-automatizada-con-wget.md failed (status code 429)
_site/es/lecciones/descarga-multiples-registros-usando-cadenas-de-consulta.html,337,External link https://github.com/programminghistorian/ph-submissions/issues/205 failed (status code 429)
_site/es/lecciones/descarga-multiples-registros-usando-cadenas-de-consulta.html,2270,External link https://github.com/programminghistorian/jekyll/commits/gh-pages/es/lecciones/descarga-multiples-registros-usando-cadenas-de-consulta.md failed (status code 429)
_site/es/lecciones/editar-audio-con-audacity.html,337,External link https://github.com/programminghistorian/ph-submissions/issues/134 failed (status code 429)
_site/es/lecciones/editar-audio-con-audacity.html,555,External link https://web.archive.org/web/20161119231053/https://www.indiana.edu:80/~emusic/acoustics/amplitude.htm failed (status code 404)
_site/es/lecciones/editar-audio-con-audacity.html,603,External link https://github.com/mattingalls/Soundflower/ failed (status code 429)
_site/es/lecciones/editar-audio-con-audacity.html,1238,External link https://github.com/programminghistorian/jekyll/commits/gh-pages/es/lecciones/editar-audio-con-audacity.md failed (status code 429)
_site/es/lecciones/escritura-sostenible-usando-pandoc-y-markdown.html,339,External link https://github.com/programminghistorian/ph-submissions/issues/57 failed (status code 429)
_site/es/lecciones/escritura-sostenible-usando-pandoc-y-markdown.html,577,External link https://atoms.io/ failed with something very wrong.
_site/es/lecciones/escritura-sostenible-usando-pandoc-y-markdown.html,887,"External link https://groups.google.com/forum/#!forum/pandoc-discuss failed: https://groups.google.com/forum/ exists, but the hash '!forum/pandoc-discuss' does not (status code 200)"
_site/es/lecciones/escritura-sostenible-usando-pandoc-y-markdown.html,889,External link https://mouapp.com/ failed with something very wrong.
_site/es/lecciones/escritura-sostenible-usando-pandoc-y-markdown.html,889,External link https://www.draftin.com failed with something very wrong.
_site/es/lecciones/escritura-sostenible-usando-pandoc-y-markdown.html,889,External link https://www.authorea.com failed (status code 403)
_site/es/lecciones/escritura-sostenible-usando-pandoc-y-markdown.html,919,External link https://github.com/programminghistorian/jekyll/issues/46#issuecomment-59219906 failed (status code 429)
_site/es/lecciones/escritura-sostenible-usando-pandoc-y-markdown.html,1906,External link https://github.com/programminghistorian/jekyll/commits/gh-pages/es/lecciones/escritura-sostenible-usando-pandoc-y-markdown.md failed (status code 429)
_site/es/lecciones/exhibicion-con-collection-builder.html,333,External link https://github.com/programminghistorian/ph-submissions/issues/407 failed (status code 429)
_site/es/lecciones/exhibicion-con-collection-builder.html,574,External link https://github.com/CollectionBuilder/collectionbuilder-gh failed (status code 429)
_site/es/lecciones/exhibicion-con-collection-builder.html,584,External link https://dna.nust.na/heritage_week/ failed: got a time out (response code 0) (status code 0)
_site/es/lecciones/exhibicion-con-collection-builder.html,592,External link https://www.gimp.org.es/descargar-gimp.html failed with something very wrong.
_site/es/lecciones/exhibicion-con-collection-builder.html,611,"External link https://docs.google.com/spreadsheets/d/1Uv9ytll0hysMOH1j-VL1lZx6PWvc1zf3L35sK_4IuzI/edit#gid=0 failed: https://docs.google.com/spreadsheets/d/1Uv9ytll0hysMOH1j-VL1lZx6PWvc1zf3L35sK_4IuzI/edit exists, but the hash 'gid=0' does not (status code 200)"
_site/es/lecciones/exhibicion-con-collection-builder.html,713,External link https://github.com/CollectionBuilder/collectionbuilder-gh failed (status code 429)
_site/es/lecciones/exhibicion-con-collection-builder.html,1878,External link https://github.com/programminghistorian/jekyll/commits/gh-pages/es/lecciones/exhibicion-con-collection-builder.md failed (status code 429)
_site/es/lecciones/generadores-aventura.html,333,External link https://github.com/programminghistorian/ph-submissions/issues/509 failed (status code 429)
_site/es/lecciones/generadores-aventura.html,488,External link https://github.com/srsergiorodriguez/aventura failed (status code 429)
_site/es/lecciones/generadores-aventura.html,488,External link https://github.com/srsergiorodriguez/aventura/blob/master/README_es.md failed (status code 429)
_site/es/lecciones/generadores-aventura.html,534,External link https://www.spoonbill.org/n+7/ failed with something very wrong.
_site/es/lecciones/generadores-aventura.html,586,External link https://github.com/srsergiorodriguez/aventura/blob/master/README_es.md failed (status code 429)
_site/es/lecciones/generadores-aventura.html,608,External link https://github.com/srsergiorodriguez/aventura/blob/master/README_es.md failed (status code 429)
_site/es/lecciones/generadores-aventura.html,608,External link https://github.com/srsergiorodriguez/aventura/blob/master/README.md failed (status code 429)
_site/es/lecciones/generadores-aventura.html,608,External link https://github.com/srsergiorodriguez/aventura failed (status code 429)
_site/es/lecciones/generadores-aventura.html,1019,External link https://github.com/srsergiorodriguez/aventura/releases/tag/v2.4.1 failed (status code 429)
_site/es/lecciones/generadores-aventura.html,1582,External link https://github.com/programminghistorian/jekyll/commits/gh-pages/es/lecciones/generadores-aventura.md failed (status code 429)
_site/es/lecciones/georreferenciacion-visualizacion-con-recogito-y-visone.html,335,External link https://github.com/programminghistorian/ph-submissions/issues/570 failed (status code 429)
_site/es/lecciones/georreferenciacion-visualizacion-con-recogito-y-visone.html,777,External link https://www.java.com/en/download/ failed (status code 403)
_site/es/lecciones/georreferenciacion-visualizacion-con-recogito-y-visone.html,1030,External link https://visone.info/wiki/index.php/Tutorials#Basic_tutorials failed with something very wrong.
_site/es/lecciones/georreferenciacion-visualizacion-con-recogito-y-visone.html,2021,External link https://github.com/programminghistorian/jekyll/commits/gh-pages/es/lecciones/georreferenciacion-visualizacion-con-recogito-y-visone.md failed (status code 429)
_site/es/lecciones/georreferenciar-qgis.html,345,External link https://github.com/programminghistorian/ph-submissions/issues/163 failed (status code 429)
_site/es/lecciones/georreferenciar-qgis.html,732,External link https://web.archive.org/web/20180922004858/https://www.islandimagined.ca:80/fedora/repository/imagined:208687 failed (status code 404)
_site/es/lecciones/georreferenciar-qgis.html,909,External link https://web.archive.org/web/20180922004858/https://www.islandimagined.ca:80/fedora/repository/imagined:208687 failed (status code 404)
_site/es/lecciones/georreferenciar-qgis.html,2484,External link https://github.com/programminghistorian/jekyll/commits/gh-pages/es/lecciones/georreferenciar-qgis.md failed (status code 429)
_site/es/lecciones/index.html,2850,External link https://github.com/programminghistorian/jekyll/commits/gh-pages/es/lecciones.md failed (status code 429)
_site/es/lecciones/instalacion-linux.html,339,External link https://github.com/programminghistorian/ph-submissions/issues/38 failed (status code 429)
_site/es/lecciones/instalacion-linux.html,1624,External link https://github.com/programminghistorian/jekyll/commits/gh-pages/es/lecciones/instalacion-linux.md failed (status code 429)
_site/es/lecciones/instalacion-mac.html,339,External link https://github.com/programminghistorian/ph-submissions/issues/36 failed (status code 429)
_site/es/lecciones/instalacion-mac.html,1650,External link https://github.com/programminghistorian/jekyll/commits/gh-pages/es/lecciones/instalacion-mac.md failed (status code 429)
_site/es/lecciones/instalacion-windows.html,339,External link https://github.com/programminghistorian/ph-submissions/issues/37 failed (status code 429)
_site/es/lecciones/instalacion-windows.html,1732,External link https://github.com/programminghistorian/jekyll/commits/gh-pages/es/lecciones/instalacion-windows.md failed (status code 429)
_site/es/lecciones/instalar-modulos-python-pip.html,337,External link https://github.com/programminghistorian/ph-submissions/issues/63 failed (status code 429)
_site/es/lecciones/instalar-modulos-python-pip.html,1151,External link https://github.com/programminghistorian/jekyll/commits/gh-pages/es/lecciones/instalar-modulos-python-pip.md failed (status code 429)
_site/es/lecciones/intro-a-google-maps-y-google-earth.html,345,External link https://github.com/programminghistorian/ph-submissions/issues/130 failed (status code 429)
_site/es/lecciones/intro-a-google-maps-y-google-earth.html,1355,External link https://github.com/programminghistorian/jekyll/issues/2456 failed (status code 429)
_site/es/lecciones/intro-a-google-maps-y-google-earth.html,3107,External link https://github.com/programminghistorian/jekyll/commits/gh-pages/es/lecciones/intro-a-google-maps-y-google-earth.md failed (status code 429)
_site/es/lecciones/introduccion-a-bash.html,339,External link https://github.com/programminghistorian/ph-submissions/issues/62 failed (status code 429)
_site/es/lecciones/introduccion-a-bash.html,779,External link https://www.viemu.com/a-why-vi-vim.html failed with something very wrong.
_site/es/lecciones/introduccion-a-bash.html,2064,External link https://github.com/programminghistorian/jekyll/commits/gh-pages/es/lecciones/introduccion-a-bash.md failed (status code 429)
_site/es/lecciones/introduccion-a-ffmpeg.html,337,External link https://github.com/programminghistorian/ph-submissions/issues/302 failed (status code 429)
_site/es/lecciones/introduccion-a-ffmpeg.html,605,"External link https://training.ashleyblewer.com/presentations/ffmpeg.html#10 failed: https://training.ashleyblewer.com/presentations/ffmpeg.html exists, but the hash '10' does not (status code 200)"
_site/es/lecciones/introduccion-a-ffmpeg.html,912,External link https://filmcolors.org/ failed (status code 403)
_site/es/lecciones/introduccion-a-ffmpeg.html,1741,External link https://github.com/programminghistorian/jekyll/commits/gh-pages/es/lecciones/introduccion-a-ffmpeg.md failed (status code 429)
_site/es/lecciones/introduccion-a-imageplot-y-la-visualizacion-de-metadatos.html,338,External link https://github.com/programminghistorian/ph-submissions/issues/254 failed (status code 429)
_site/es/lecciones/introduccion-a-imageplot-y-la-visualizacion-de-metadatos.html,536,External link https://github.com/programminghistorian/jekyll/tree/Issue-3275/assets/introduccion-a-imageplot-y-la-visualizacion-de-metadatos/ failed (status code 429)
_site/es/lecciones/introduccion-a-imageplot-y-la-visualizacion-de-metadatos.html,606,External link https://github.com/culturevis/imageplot failed (status code 429)
_site/es/lecciones/introduccion-a-imageplot-y-la-visualizacion-de-metadatos.html,1157,External link https://github.com/programminghistorian/jekyll/commits/gh-pages/es/lecciones/introduccion-a-imageplot-y-la-visualizacion-de-metadatos.md failed (status code 429)
_site/es/lecciones/introduccion-a-markdown.html,341,External link https://github.com/programminghistorian/ph-submissions/issues/56 failed (status code 429)
_site/es/lecciones/introduccion-a-markdown.html,1403,External link https://github.com/programminghistorian/jekyll/commits/gh-pages/es/lecciones/introduccion-a-markdown.md failed (status code 429)
_site/es/lecciones/introduccion-a-powershell.html,337,External link https://github.com/programminghistorian/ph-submissions/issues/146 failed (status code 429)
_site/es/lecciones/introduccion-a-powershell.html,1779,External link https://github.com/programminghistorian/jekyll/commits/gh-pages/es/lecciones/introduccion-a-powershell.md failed (status code 429)
_site/es/lecciones/introduccion-a-tei-1.html,333,External link https://github.com/programminghistorian/ph-submissions/issues/366 failed (status code 429)
_site/es/lecciones/introduccion-a-tei-1.html,527,External link https://github.com/microsoft/vscode failed (status code 429)
_site/es/lecciones/introduccion-a-tei-1.html,1621,External link https://github.com/programminghistorian/jekyll/commits/gh-pages/es/lecciones/introduccion-a-tei-1.md failed (status code 429)
_site/es/lecciones/introduccion-a-tei-2.html,333,External link https://github.com/programminghistorian/ph-submissions/issues/386 failed (status code 429)
_site/es/lecciones/introduccion-a-tei-2.html,1819,External link https://github.com/TEIC/CETEIcean failed (status code 429)
_site/es/lecciones/introduccion-a-tei-2.html,1820,External link https://github.com/TEIC/CETEIcean failed (status code 429)
_site/es/lecciones/introduccion-a-tei-2.html,1823,External link https://github.com/sebastianrahtz/oxgarage failed (status code 429)
_site/es/lecciones/introduccion-a-tei-2.html,2021,External link https://github.com/dxvidmr failed (status code 429)
_site/es/lecciones/introduccion-a-tei-2.html,2594,External link https://github.com/programminghistorian/jekyll/commits/gh-pages/es/lecciones/introduccion-a-tei-2.md failed (status code 429)
_site/es/lecciones/introduccion-al-web-scraping-usando-r.html,333,External link https://github.com/programminghistorian/ph-submissions/issues/493 failed (status code 429)
_site/es/lecciones/introduccion-al-web-scraping-usando-r.html,1610,External link https://github.com/programminghistorian/jekyll/commits/gh-pages/es/lecciones/introduccion-al-web-scraping-usando-r.md failed (status code 429)
_site/es/lecciones/introduccion-datos-abiertos-enlazados.html,337,External link https://github.com/programminghistorian/ph-submissions/issues/142 failed (status code 429)
_site/es/lecciones/introduccion-datos-abiertos-enlazados.html,556,External link https://linkeddatacatalog.dws.informatik.uni-mannheim.de/state/ failed with something very wrong.
_site/es/lecciones/introduccion-datos-abiertos-enlazados.html,605,External link https://repository.jisc.ac.uk/6544/ failed (status code 403)
_site/es/lecciones/introduccion-datos-abiertos-enlazados.html,701,External link https://www.history.ac.uk/projects/digital/tobias failed (status code 403)
_site/es/lecciones/introduccion-datos-abiertos-enlazados.html,733,External link https://semanticweb.org/wiki/Main_Page.html failed: got a time out (response code 0) (status code 0)
_site/es/lecciones/introduccion-datos-abiertos-enlazados.html,887,External link https://www.history.ac.uk/projects/digital/tobias failed (status code 403)
_site/es/lecciones/introduccion-datos-abiertos-enlazados.html,1077,External link https://linkeddata.org/guides-and-tutorials failed with something very wrong.
_site/es/lecciones/introduccion-datos-abiertos-enlazados.html,1083,External link https://linkeddatacatalog.dws.informatik.uni-mannheim.de/state/ failed with something very wrong.
_site/es/lecciones/introduccion-datos-abiertos-enlazados.html,1098,External link https://www.history.ac.uk/projects/digital/tobias failed (status code 403)
_site/es/lecciones/introduccion-datos-abiertos-enlazados.html,1645,External link https://github.com/programminghistorian/jekyll/commits/gh-pages/es/lecciones/introduccion-datos-abiertos-enlazados.md failed (status code 429)
_site/es/lecciones/introduccion-e-instalacion.html,339,External link https://github.com/programminghistorian/ph-submissions/issues/35 failed (status code 429)
_site/es/lecciones/introduccion-e-instalacion.html,1561,External link https://github.com/programminghistorian/jekyll/commits/gh-pages/es/lecciones/introduccion-e-instalacion.md failed (status code 429)
_site/es/lecciones/introduccion-map-warper.html,339,External link https://github.com/programminghistorian/ph-submissions/issues/212 failed (status code 429)
_site/es/lecciones/introduccion-map-warper.html,1752,External link https://github.com/programminghistorian/jekyll/commits/gh-pages/es/lecciones/introduccion-map-warper.md failed (status code 429)
_site/es/lecciones/lectura-escalable-de-datos-estructurados.html,345,External link https://github.com/programminghistorian/ph-submissions/issues/541 failed (status code 429)
_site/es/lecciones/lectura-escalable-de-datos-estructurados.html,952,"External link https://posit.co/products/open-source/rstudio/#Desktop failed: https://posit.co/products/open-source/rstudio/ exists, but the hash 'Desktop' does not (status code 200)"
_site/es/lecciones/lectura-escalable-de-datos-estructurados.html,3412,External link https://github.com/programminghistorian/jekyll/commits/gh-pages/es/lecciones/lectura-escalable-de-datos-estructurados.md failed (status code 429)
_site/es/lecciones/limpieza-de-datos-con-OpenRefine.html,341,External link https://github.com/programminghistorian/ph-submissions/issues/73 failed (status code 429)
_site/es/lecciones/limpieza-de-datos-con-OpenRefine.html,591,External link https://vis.stanford.edu/papers/wrangler/ failed with something very wrong.
_site/es/lecciones/limpieza-de-datos-con-OpenRefine.html,2154,External link https://github.com/programminghistorian/jekyll/commits/gh-pages/es/lecciones/limpieza-de-datos-con-OpenRefine.md failed (status code 429)
_site/es/lecciones/manipular-cadenas-de-caracteres-en-python.html,339,External link https://github.com/programminghistorian/ph-submissions/issues/43 failed (status code 429)
_site/es/lecciones/manipular-cadenas-de-caracteres-en-python.html,1732,External link https://github.com/programminghistorian/jekyll/commits/gh-pages/es/lecciones/manipular-cadenas-de-caracteres-en-python.md failed (status code 429)
_site/es/lecciones/mineria-de-datos-en-internet-archive.html,337,External link https://github.com/programminghistorian/ph-submissions/issues/59 failed (status code 429)
_site/es/lecciones/mineria-de-datos-en-internet-archive.html,570,"External link https://archive.org/stream/lettertowilliaml00doug/39999066767938#page/n0/mode/2up failed: https://archive.org/stream/lettertowilliaml00doug/39999066767938 exists, but the hash 'page/n0/mode/2up' does not (status code 200)"
_site/es/lecciones/mineria-de-datos-en-internet-archive.html,595,External link https://internetarchive.readthedocs.io/en/latest/quickstart.html#searching failed (status code 404)
_site/es/lecciones/mineria-de-datos-en-internet-archive.html,613,External link https://internetarchive.readthedocs.io/en/latest/quickstart.html#downloading failed (status code 404)
_site/es/lecciones/mineria-de-datos-en-internet-archive.html,698,External link https://internetarchive.readthedocs.io/en/latest/quickstart.html#downloading failed (status code 404)
_site/es/lecciones/mineria-de-datos-en-internet-archive.html,705,"External link https://archive.org/about/faqs.php#140 failed: https://archive.org/about/faqs.php exists, but the hash '140' does not (status code 200)"
_site/es/lecciones/mineria-de-datos-en-internet-archive.html,1420,External link https://github.com/programminghistorian/jekyll/commits/gh-pages/es/lecciones/mineria-de-datos-en-internet-archive.md failed (status code 429)
_site/es/lecciones/normalizar-datos.html,339,External link https://github.com/programminghistorian/ph-submissions/issues/46 failed (status code 429)
_site/es/lecciones/normalizar-datos.html,1681,External link https://github.com/programminghistorian/jekyll/commits/gh-pages/es/lecciones/normalizar-datos.md failed (status code 429)
_site/es/lecciones/palabras-clave-en-contexto-n-grams.html,339,External link https://github.com/programminghistorian/ph-submissions/issues/50 failed (status code 429)
_site/es/lecciones/palabras-clave-en-contexto-n-grams.html,1671,External link https://github.com/programminghistorian/jekyll/commits/gh-pages/es/lecciones/palabras-clave-en-contexto-n-grams.md failed (status code 429)
_site/es/lecciones/poniendo-omeka-a-funcionar.html,337,External link https://github.com/programminghistorian/ph-submissions/issues/61 failed (status code 429)
_site/es/lecciones/poniendo-omeka-a-funcionar.html,1497,External link https://github.com/programminghistorian/jekyll/commits/gh-pages/es/lecciones/poniendo-omeka-a-funcionar.md failed (status code 429)
_site/es/lecciones/preservar-datos-de-investigacion.html,337,External link https://github.com/programminghistorian/ph-submissions/issues/55 failed (status code 429)
_site/es/lecciones/preservar-datos-de-investigacion.html,1332,External link https://github.com/programminghistorian/jekyll/commits/gh-pages/es/lecciones/preservar-datos-de-investigacion.md failed (status code 429)
_site/es/lecciones/procesamiento-basico-de-textos-en-r.html,339,External link https://github.com/programminghistorian/ph-submissions/issues/172 failed (status code 429)
_site/es/lecciones/procesamiento-basico-de-textos-en-r.html,568,"External link https://www.rstudio.com/products/rstudio/#Desktop failed: https://www.rstudio.com/products/rstudio/ exists, but the hash 'Desktop' does not (status code 200)"
_site/es/lecciones/procesamiento-basico-de-textos-en-r.html,2192,External link https://github.com/programminghistorian/jekyll/commits/gh-pages/es/lecciones/procesamiento-basico-de-textos-en-r.md failed (status code 429)
_site/es/lecciones/publicar-archivos-tei-ceteicean.html,335,External link https://github.com/programminghistorian/ph-submissions/issues/373 failed (status code 429)
_site/es/lecciones/publicar-archivos-tei-ceteicean.html,472,External link https://github.com/TEIC/CETEIcean failed (status code 429)
_site/es/lecciones/publicar-archivos-tei-ceteicean.html,508,External link https://github.com/TEIC/CETEIcean failed (status code 429)
_site/es/lecciones/publicar-archivos-tei-ceteicean.html,1776,External link https://github.com/programminghistorian/jekyll/commits/gh-pages/es/lecciones/publicar-archivos-tei-ceteicean.md failed (status code 429)
_site/es/lecciones/retirada/introduccion-control-versiones-github-desktop.html,307,External link https://github.com/programminghistorian/ph-submissions/issues/64 failed (status code 429)
_site/es/lecciones/retirada/introduccion-control-versiones-github-desktop.html,537,External link https://central.github.com/mac/latest failed (status code 401)
_site/es/lecciones/retirada/introduccion-control-versiones-github-desktop.html,616,External link https://www.chronicle.com/search?q=github failed (status code 403)
_site/es/lecciones/retirada/introduccion-control-versiones-github-desktop.html,635,External link https://central.github.com/mac/latest failed (status code 401)
_site/es/lecciones/retirada/introduccion-control-versiones-github-desktop.html,1073,External link https://www.hastac.org/blogs/harrisonm/2013/10/12/github-academia-and-collaborative-writing failed (status code 404)
_site/es/lecciones/retirada/introduccion-control-versiones-github-desktop.html,1622,External link https://github.com/programminghistorian/jekyll/commits/gh-pages/es/lecciones/retirada/introduccion-control-versiones-github-desktop.md failed (status code 429)
_site/es/lecciones/retirada/sparql-datos-abiertos-enlazados.html,309,External link https://github.com/programminghistorian/ph-submissions/issues/67 failed (status code 429)
_site/es/lecciones/retirada/sparql-datos-abiertos-enlazados.html,545,External link https://collection.britishmuseum.org/ failed: got a time out (response code 0) (status code 0)
_site/es/lecciones/retirada/sparql-datos-abiertos-enlazados.html,545,External link https://labs.europeana.eu/api/linked-open-data-introduction failed with something very wrong.
_site/es/lecciones/retirada/sparql-datos-abiertos-enlazados.html,754,External link https://collection.britishmuseum.org/sparql failed: got a time out (response code 0) (status code 0)
_site/es/lecciones/retirada/sparql-datos-abiertos-enlazados.html,772,External link https://collection.britishmuseum.org/resource?uri=https://collection.britishmuseum.org/id/object/PPA82633 failed: got a time out (response code 0) (status code 0)
_site/es/lecciones/retirada/sparql-datos-abiertos-enlazados.html,782,External link https://collection.britishmuseum.org/sparql?query=SELECT+*%0D%0AWHERE+%7B%0D%0A++%3Chttp://collection.britishmuseum.org/id/object/PPA82633%3E+?p+?o+.%0D%0A++%7D&_implicit=false&_equivalent=false&_form=/sparql failed: got a time out (response code 0) (status code 0)
_site/es/lecciones/retirada/sparql-datos-abiertos-enlazados.html,859,External link https://collection.britishmuseum.org/sparql#query=PREFIX+bmo:+%3Chttp://www.researchspace.org/ontology/%3E%0APREFIX+skos:+%3Chttp://www.w3.org/2004/02/skos/core%23%3E%0A%0ASELECT+?object%0AWHERE+%7B%0A%0A++%23+Search+for+all+values+of+?object+that+have+a+given+%22object+type%22%0A++?object+bmo:PX_object_type+?object_type+.%0A%0A++%23+That+object+type+should+have+the+label+%22print%22%0A++?object_type+skos:prefLabel+%22print%22+.%0A%7D%0ALIMIT+10 failed: got a time out (response code 0) (status code 0)
_site/es/lecciones/retirada/sparql-datos-abiertos-enlazados.html,936,"External link https://collection.britishmuseum.org/sparql#query=PREFIX+bmo:+%3Chttp://www.researchspace.org/ontology/%3E%0APREFIX+skos:+%3Chttp://www.w3.org/2004/02/skos/core%23%3E%0APREFIX+ecrm:+%3Chttp://www.cidoc-crm.org/cidoc-crm/%3E%0APREFIX+xsd:+%3Chttp://www.w3.org/2001/XMLSchema%23%3E%0A%0A%23+Return+object+links+and+creation+date%0ASELECT+?object+?date%0AWHERE+%7B%0A%0A++%23+We'll+use+our+previous+command+to+search+only+for%0A++%23+objects+of+type+%22print%22%0A++?object+bmo:PX_object_type+?object_type+.%0A++?object_type+skos:prefLabel+%22print%22+.%0A%0A++%23+We+need+to+link+though+several+nodes+to+find+the%0A++%23+creation+date+associated+with+an+object%0A++?object+ecrm:P108i_was_produced_by+?production+.%0A++?production+ecrm:P9_consists_of+?date_node+.%0A++?date_node+ecrm:P4_has_time-span+?timespan+.%0A++?timespan+ecrm:P82a_begin_of_the_begin+?date+.%0A%0A++%23+As+you+can+see,+we+need+to+connect+quite+a+few+dots%0A++%23+to+get+to+the+date+node!+Now+that+we+have+it,+we+can%0A++%23+filter+our+results.+Because+we+are+filtering+by+date,%0A++%23+we+must+attach+the+tag+%5E%5Exsd:date+after+our+date+strings.%0A++%23+This+tag+tells+the+database+to+interpret+the+string%0A++%23+%221580-01-01%22+as+the+date+1+January+1580.%0A%0A++FILTER(?date+%3E=+%221580-01-01%22%5E%5Exsd:date+&&%0A+++++++++?date+%3C=+%221600-01-01%22%5E%5Exsd:date)%0A%7D failed: got a time out (response code 0) (status code 0)"
_site/es/lecciones/retirada/sparql-datos-abiertos-enlazados.html,989,"External link https://collection.britishmuseum.org/sparql#query=PREFIX+bmo:+%3Chttp://www.researchspace.org/ontology/%3E%0APREFIX+skos:+%3Chttp://www.w3.org/2004/02/skos/core%23%3E%0APREFIX+ecrm:+%3Chttp://www.cidoc-crm.org/cidoc-crm/%3E%0APREFIX+xsd:+%3Chttp://www.w3.org/2001/XMLSchema%23%3E%0A%0ASELECT+?type+(COUNT(?type)+as+?n)%0AWHERE+%7B%0A++%23+We+still+need+to+indicate+the+?object_type+variable,%0A++%23+however+we+will+not+require+it+to+match+%22print%22+this+time%0A%0A++?object+bmo:PX_object_type+?object_type+.%0A++?object_type+skos:prefLabel+?type+.%0A%0A++%23+Once+again,+we+will+also+filter+by+date%0A++?object+ecrm:P108i_was_produced_by+?production+.%0A++?production+ecrm:P9_consists_of+?date_node+.%0A++?date_node+ecrm:P4_has_time-span+?timespan+.%0A++?timespan+ecrm:P82a_begin_of_the_begin+?date+.%0A++FILTER(?date+%3E=+%221580-01-01%22%5E%5Exsd:date+&&%0A+++++++++?date+%3C=+%221600-01-01%22%5E%5Exsd:date)%0A%7D%0A%23+The+GROUP+BY+command+designates+the+variable+to+tally+by,%0A%23+and+the+ORDER+BY+DESC()+command+sorts+the+results+by%0A%23+descending+number.%0AGROUP+BY+?type%0AORDER+BY+DESC(?n) failed: got a time out (response code 0) (status code 0)"
_site/es/lecciones/retirada/sparql-datos-abiertos-enlazados.html,1099,"External link https://collection.britishmuseum.org/sparql?query=%23+Return+object+links+and+creation+date%0D%0APREFIX+bmo:+%3Chttp://collection.britishmuseum.org/id/ontology/%3E%0D%0APREFIX+skos:+%3Chttp://www.w3.org/2004/02/skos/core%23%3E%0D%0APREFIX+ecrm:+%3Chttp://erlangen-crm.org/current/%3E%0D%0APREFIX+xsd:+%3Chttp://www.w3.org/2001/XMLSchema%23%3E%0D%0ASELECT+DISTINCT+?object+?date+?image%0D%0AWHERE+%7B%0D%0A%0D%0A++%23+We'll+use+our+previous+command+to+search+only+for+objects+of+type+%22print%22%0D%0A++?object+bmo:PX_object_type+?object_type+.%0D%0A++?object_type+skos:prefLabel+%22print%22+.%0D%0A%0D%0A++%23+We+need+to+link+though+several+nodes+to+find+the+creation+date+associated%0D%0A++%23+with+an+object%0D%0A++?object+ecrm:P108i_was_produced_by+?production+.%0D%0A++?production+ecrm:P9_consists_of+?date_node+.%0D%0A++?date_node+ecrm:P4_has_time-span+?timespan+.%0D%0A++?timespan+ecrm:P82a_begin_of_the_begin+?date+.%0D%0A%0D%0A++%23+Yes,+we+need+to+connect+quite+a+few+dots+to+get+to+the+date+node!+Now+that%0D%0A++%23+we+have+it,+we+can+filter+our+results.+Because+we+are+filtering+a+date,+we%0D%0A++%23+must+attach+the+xsd:date+tag+to+our+date+strings+so+that+SPARQL+knows+how+to%0D%0A++%23+parse+them.%0D%0A%0D%0A++FILTER(?date+%3E=+%221580-01-01%22%5E%5Exsd:date+%26%26+?date+%3C=+%221600-01-01%22%5E%5Exsd:date)%0D%0A++%0D%0A++?object+bmo:PX_has_main_representation+?image+.%0D%0A%7D%0D%0ALIMIT+100#query=%23+Return+object+links+and+creation+date%0APREFIX+bmo:+%3Chttp://www.researchspace.org/ontology/%3E%0APREFIX+skos:+%3Chttp://www.w3.org/2004/02/skos/core%23%3E%0APREFIX+xsd:+%3Chttp://www.w3.org/2001/XMLSchema%23%3E%0APREFIX+ecrm:+%3Chttp://www.cidoc-crm.org/cidoc-crm/%3E%0ASELECT+DISTINCT+?object+?date+?image%0AWHERE+%7B%0A++%0A++%23+We'll+use+our+previous+command+to+search+only+for+objects+of+type+%22print%22%0A++?object+bmo:PX_object_type+?object_type+.%0A++?object_type+skos:prefLabel+%22print%22+.%0A%0A++%23+We+need+to+link+though+several+nodes+to+find+the+creation+date+associated%0A++%23+with+an+object%0A++?object+ecrm:P108i_was_produced_by+?production+.%0A++?production+ecrm:P9_consists_of+?date_node+.%0A++?date_node+ecrm:P4_has_time-span+?timespan+.%0A++?timespan+ecrm:P82a_begin_of_the_begin+?date+.%0A%0A++%0A++%23+Yes,+we+need+to+connect+quite+a+few+dots+to+get+to+the+date+node!+Now+that%0A++%23+we+have+it,+we+can+filter+our+results.+Because+we+are+filtering+a+date,+we%0A++%23+must+attach+the+xsd:date+tag+to+our+date+strings+so+that+SPARQL+knows+how+to%0A++%23+parse+them.%0A%0A++FILTER(?date+%3E=+%221580-01-01%22%5E%5Exsd:date+&&+?date+%3C=+%221600-01-01%22%5E%5Exsd:date)%0A++%0A++?object+bmo:PX_has_main_representation+?image+.%0A%7D%0ALIMIT+100 failed: got a time out (response code 0) (status code 0)"
_site/es/lecciones/retirada/sparql-datos-abiertos-enlazados.html,1133,External link https://labs.europeana.eu/api/linked-open-data-SPARQL-endpoint failed with something very wrong.
_site/es/lecciones/retirada/sparql-datos-abiertos-enlazados.html,1134,"External link https://vocab.getty.edu/queries#Finding_Subjects failed: https://vocab.getty.edu/queries exists, but the hash 'Finding_Subjects' does not (status code 200)"
_site/es/lecciones/retirada/sparql-datos-abiertos-enlazados.html,1682,External link https://github.com/programminghistorian/jekyll/commits/gh-pages/es/lecciones/retirada/sparql-datos-abiertos-enlazados.md failed (status code 429)
_site/es/lecciones/reutilizacion-de-codigo-y-modularidad.html,339,External link https://github.com/programminghistorian/ph-submissions/issues/41 failed (status code 429)
_site/es/lecciones/reutilizacion-de-codigo-y-modularidad.html,616,External link https://users.astro.ufl.edu/~warner/prog/python.html failed with something very wrong.
_site/es/lecciones/reutilizacion-de-codigo-y-modularidad.html,1602,External link https://github.com/programminghistorian/jekyll/commits/gh-pages/es/lecciones/reutilizacion-de-codigo-y-modularidad.md failed (status code 429)
_site/es/lecciones/reutilizando-colecciones-digitales-glam-labs.html,339,External link https://github.com/programminghistorian/ph-submissions/issues/313 failed (status code 429)
_site/es/lecciones/reutilizando-colecciones-digitales-glam-labs.html,497,External link https://labs.bl.uk failed with something very wrong.
_site/es/lecciones/reutilizando-colecciones-digitales-glam-labs.html,523,External link https://data.cervantesvirtual.com/blog/notebooks/ failed: Service Unavailable (status code 503)
_site/es/lecciones/reutilizando-colecciones-digitales-glam-labs.html,557,External link https://data.cervantesvirtual.com/blog/labs failed: Service Unavailable (status code 503)
_site/es/lecciones/reutilizando-colecciones-digitales-glam-labs.html,776,External link https://datos.gob.es/es/catalogo/e00123904-bibliografia-espanola-de-cartografia-2017 failed: Not Found (status code 404)
_site/es/lecciones/reutilizando-colecciones-digitales-glam-labs.html,782,"External link https://es.wikipedia.org/wiki/Datos_enlazados#Proyecto_de_comunidad_para_la_inter-conexi%C3%B3n_de_datos_abiertos failed: https://es.wikipedia.org/wiki/Datos_enlazados exists, but the hash 'Proyecto_de_comunidad_para_la_inter-conexi%C3%B3n_de_datos_abiertos' does not (status code 200)"
_site/es/lecciones/reutilizando-colecciones-digitales-glam-labs.html,784,External link https://bnb.data.bl.uk/ failed with something very wrong.
_site/es/lecciones/reutilizando-colecciones-digitales-glam-labs.html,784,External link https://bnb.data.bl.uk/ failed with something very wrong.
_site/es/lecciones/reutilizando-colecciones-digitales-glam-labs.html,802,External link https://bnb.data.bl.uk/flint-sparql failed with something very wrong.
_site/es/lecciones/reutilizando-colecciones-digitales-glam-labs.html,3023,External link https://github.com/programminghistorian/jekyll/commits/gh-pages/es/lecciones/reutilizando-colecciones-digitales-glam-labs.md failed (status code 429)
_site/es/lecciones/salida-de-datos-como-archivo-html.html,339,External link https://github.com/programminghistorian/ph-submissions/issues/49 failed (status code 429)
_site/es/lecciones/salida-de-datos-como-archivo-html.html,1727,External link https://github.com/programminghistorian/jekyll/commits/gh-pages/es/lecciones/salida-de-datos-como-archivo-html.md failed (status code 429)
_site/es/lecciones/salida-palabras-clave-contexto-ngrams.html,339,External link https://github.com/programminghistorian/ph-submissions/issues/51 failed (status code 429)
_site/es/lecciones/salida-palabras-clave-contexto-ngrams.html,1751,External link https://github.com/programminghistorian/jekyll/commits/gh-pages/es/lecciones/salida-palabras-clave-contexto-ngrams.md failed (status code 429)
_site/es/lecciones/sitios-estaticos-con-jekyll-y-github-pages.html,337,External link https://github.com/programminghistorian/ph-submissions/issues/303 failed (status code 429)
_site/es/lecciones/sitios-estaticos-con-jekyll-y-github-pages.html,1481,External link https://support.native-instruments.com/hc/en-us/articles/360020012418-Accessing-the-Hidden-User-Library-macOS failed (status code 403)
_site/es/lecciones/sitios-estaticos-con-jekyll-y-github-pages.html,1755,External link https://github.com/juthilo/run-jekyll-on-windows failed (status code 429)
_site/es/lecciones/sitios-estaticos-con-jekyll-y-github-pages.html,1758,External link https://chronicle.com/blogs/profhacker/jekyll1/60913 failed (status code 403)
_site/es/lecciones/sitios-estaticos-con-jekyll-y-github-pages.html,2310,External link https://github.com/programminghistorian/jekyll/commits/gh-pages/es/lecciones/sitios-estaticos-con-jekyll-y-github-pages.md failed (status code 429)
_site/es/lecciones/topic-modeling-y-mallet.html,341,External link https://github.com/programminghistorian/ph-submissions/issues/191#issuecomment-432826840 failed (status code 429)
_site/es/lecciones/topic-modeling-y-mallet.html,571,External link https://www.worldcat.org/title/reading-machines-toward-an-algorithmic-criticism/oclc/708761605&referer=brief_results failed (status code 403)
_site/es/lecciones/topic-modeling-y-mallet.html,1009,External link https://web.archive.org/web/20160704150726/https://www.lisarhody.com:80/some-assembly-required/ failed (status code 404)
_site/es/lecciones/topic-modeling-y-mallet.html,1011,External link https://dl.acm.org/citation.cfm?id=944937 failed (status code 403)
_site/es/lecciones/topic-modeling-y-mallet.html,1055,External link https://www.morethanbooks.eu/topic-modeling-introduccion/ failed (status code 500)
_site/es/lecciones/topic-modeling-y-mallet.html,2479,External link https://github.com/programminghistorian/jekyll/commits/gh-pages/es/lecciones/topic-modeling-y-mallet.md failed (status code 429)
_site/es/lecciones/trabajar-con-archivos-de-texto.html,339,External link https://github.com/programminghistorian/ph-submissions/issues/40 failed (status code 429)
_site/es/lecciones/trabajar-con-archivos-de-texto.html,1658,External link https://github.com/programminghistorian/jekyll/commits/gh-pages/es/lecciones/trabajar-con-archivos-de-texto.md failed (status code 429)
_site/es/lecciones/trabajar-con-paginas-web.html,339,External link https://github.com/programminghistorian/ph-submissions/issues/42 failed (status code 429)
_site/es/lecciones/trabajar-con-paginas-web.html,1704,External link https://github.com/programminghistorian/jekyll/commits/gh-pages/es/lecciones/trabajar-con-paginas-web.md failed (status code 429)
_site/es/lecciones/transformacion-datos-xml-xsl.html,337,External link https://github.com/programminghistorian/ph-submissions/issues/162 failed (status code 429)
_site/es/lecciones/transformacion-datos-xml-xsl.html,576,External link https://irt.kcl.ac.uk/irt2009/ failed with something very wrong.
_site/es/lecciones/transformacion-datos-xml-xsl.html,777,External link https://scissors-and-paste.net failed with something very wrong.
_site/es/lecciones/transformacion-datos-xml-xsl.html,1338,External link https://www.computerhope.com/issues/ch000549.htm failed (status code 403)
_site/es/lecciones/transformacion-datos-xml-xsl.html,1911,External link https://github.com/programminghistorian/jekyll/commits/gh-pages/es/lecciones/transformacion-datos-xml-xsl.md failed (status code 429)
_site/es/lecciones/uso-las-colecciones-hathitrust-mineria-textual-R.html,333,External link https://github.com/programminghistorian/ph-submissions/issues/579 failed (status code 429)
_site/es/lecciones/uso-las-colecciones-hathitrust-mineria-textual-R.html,492,External link https://www.hathitrust.org/ failed (status code 403)
_site/es/lecciones/uso-las-colecciones-hathitrust-mineria-textual-R.html,506,External link https://www.hathitrust.org/ failed (status code 403)
_site/es/lecciones/uso-las-colecciones-hathitrust-mineria-textual-R.html,516,"External link https://www.rstudio.com/products/rstudio/download/#download failed: https://www.rstudio.com/products/rstudio/download/ exists, but the hash 'download' does not (status code 200)"
_site/es/lecciones/uso-las-colecciones-hathitrust-mineria-textual-R.html,520,External link https://github.com/xmarquez/hathiTools failed (status code 429)
_site/es/lecciones/uso-las-colecciones-hathitrust-mineria-textual-R.html,545,External link https://hdl.handle.net/2027/uc1.31175010656638 failed (status code 403)
_site/es/lecciones/uso-las-colecciones-hathitrust-mineria-textual-R.html,863,External link https://www.hathitrust.org/ failed (status code 403)
_site/es/lecciones/uso-las-colecciones-hathitrust-mineria-textual-R.html,866,External link https://babel.hathitrust.org/cgi/wayf failed (status code 403)
_site/es/lecciones/uso-las-colecciones-hathitrust-mineria-textual-R.html,885,External link https://babel.hathitrust.org/cgi/wayf failed (status code 403)
_site/es/lecciones/uso-las-colecciones-hathitrust-mineria-textual-R.html,909,External link https://catalog.hathitrust.org/Record/001051962 failed (status code 403)
_site/es/lecciones/uso-las-colecciones-hathitrust-mineria-textual-R.html,951,External link https://catalog.hathitrust.org/Record/101206130 failed (status code 403)
_site/es/lecciones/uso-las-colecciones-hathitrust-mineria-textual-R.html,954,External link https://catalog.hathitrust.org/Record/006716936 failed (status code 403)
_site/es/lecciones/uso-las-colecciones-hathitrust-mineria-textual-R.html,980,External link https://babel.hathitrust.org/cgi/mb?a=listis&c=665267101 failed (status code 403)
_site/es/lecciones/uso-las-colecciones-hathitrust-mineria-textual-R.html,1709,External link https://github.com/programminghistorian/jekyll/commits/gh-pages/es/lecciones/uso-las-colecciones-hathitrust-mineria-textual-R.md failed (status code 429)
_site/es/lecciones/ver-archivos-html.html,339,External link https://github.com/programminghistorian/ph-submissions/issues/39 failed (status code 429)
_site/es/lecciones/ver-archivos-html.html,1630,External link https://github.com/programminghistorian/jekyll/commits/gh-pages/es/lecciones/ver-archivos-html.md failed (status code 429)
_site/es/lecciones/visualizacion-y-animacion-de-tablas-historicas-con-R.html,337,External link https://github.com/programminghistorian/ph-submissions/issues/330 failed (status code 429)
_site/es/lecciones/visualizacion-y-animacion-de-tablas-historicas-con-R.html,1500,External link https://github.com/programminghistorian/jekyll/commits/gh-pages/es/lecciones/visualizacion-y-animacion-de-tablas-historicas-con-R.md failed (status code 429)
_site/es/pia.html,271,External link https://www.oecd.org/en/topics/sub-issues/oda-eligibility-and-conditions/dac-list-of-oda-recipients.html failed (status code 403)
_site/es/pia.html,432,External link https://github.com/programminghistorian/jekyll/commits/gh-pages/es/pia.md failed (status code 429)
_site/es/politica-de-privacidad.html,358,External link https://github.com/programminghistorian/jekyll/commits/gh-pages/es/politica-de-privacidad.md failed (status code 429)
_site/es/politica-retirada-lecciones.html,367,External link https://github.com/programminghistorian/jekyll/commits/gh-pages/es/politica-retirada-lecciones.md failed (status code 429)
_site/es/retroalimentacion.html,256,External link https://github.com/orgs/programminghistorian/projects/6 failed (status code 429)
_site/es/retroalimentacion.html,337,External link https://github.com/programminghistorian/jekyll/commits/gh-pages/es/retroalimentacion.md failed (status code 429)
_site/es/vacantes.html,302,External link https://github.com/programminghistorian/jekyll/commits/gh-pages/es/vacantes.md failed (status code 429)
_site/fr/apropos.html,259,"External link https://fr.wikipedia.org/wiki/Libre_acc%C3%A8s_(%C3%A9dition_scientifique)#La_voie_diamant failed: https://fr.wikipedia.org/wiki/Libre_acc%C3%A8s_(%C3%A9dition_scientifique) exists, but the hash 'La_voie_diamant' does not (status code 200)"
_site/fr/apropos.html,266,External link https://dhawards.org/dhawards2017/results/ failed with something very wrong.
_site/fr/apropos.html,266,External link https://dhawards.org/dhawards2016/results/ failed with something very wrong.
_site/fr/apropos.html,266,External link https://openpublishingawards.org/results/2021/index.html failed with something very wrong.
_site/fr/apropos.html,266,External link https://dhawards.org/dhawards2022/results/ failed with something very wrong.
_site/fr/apropos.html,333,External link https://github.com/programminghistorian/jekyll/commits/gh-pages/fr/apropos.md failed (status code 429)
_site/fr/consignes-auteurs.html,266,"External link https://docs.google.com/spreadsheets/d/1vrvZTygZLfQRoQildD667Xcgzhf_reQC8Nq4OD-BRIA/edit#gid=0 failed: https://docs.google.com/spreadsheets/d/1vrvZTygZLfQRoQildD667Xcgzhf_reQC8Nq4OD-BRIA/edit exists, but the hash 'gid=0' does not (status code 200)"
_site/fr/consignes-auteurs.html,669,External link https://github.com/programminghistorian/ph-submissions/tree/gh-pages/fr/en-cours failed (status code 429)
_site/fr/consignes-auteurs.html,769,External link https://github.com/programminghistorian/jekyll/commits/gh-pages/fr/consignes-auteurs.md failed (status code 429)
_site/fr/consignes-evaluateurs.html,414,External link https://github.com/programminghistorian/jekyll/commits/gh-pages/fr/consignes-evaluateurs.md failed (status code 429)
_site/fr/consignes-redacteurs.html,333,External link https://github.com/programminghistorian/ph-submissions/tree/gh-pages/fr/en-cours failed (status code 429)
_site/fr/consignes-redacteurs.html,333,External link https://github.com/programminghistorian/ph-submissions/tree/gh-pages/fr/en-cours/traductions failed (status code 429)
_site/fr/consignes-redacteurs.html,484,"External link https://zenodo.org/record/49873#.V0lazGaGa7o failed: https://zenodo.org/record/49873 exists, but the hash '.V0lazGaGa7o' does not (status code 200)"
_site/fr/consignes-redacteurs.html,579,External link https://www.europeana.eu failed (status code 403)
_site/fr/consignes-redacteurs.html,592,External link https://github.com/programminghistorian/jekyll/tree/gh-pages/gallery failed (status code 429)
_site/fr/consignes-redacteurs.html,592,External link https://github.com/programminghistorian/jekyll/tree/gh-pages/gallery/originals failed (status code 429)
_site/fr/consignes-redacteurs.html,608,"External link https://docs.google.com/spreadsheets/d/1o-C-3WwfcEYWipIFb112tkuM-XOI8pVVpA9_sag9Ph8/edit#gid=1625380994 failed: https://docs.google.com/spreadsheets/d/1o-C-3WwfcEYWipIFb112tkuM-XOI8pVVpA9_sag9Ph8/edit exists, but the hash 'gid=1625380994' does not (status code 200)"
_site/fr/consignes-redacteurs.html,767,External link https://github.com/programminghistorian/jekyll/commits/gh-pages/fr/consignes-redacteurs.md failed (status code 429)
_site/fr/consignes-traducteurs.html,277,External link https://github.com/programminghistorian/ph-submissions/tree/gh-pages/fr/en-cours/traductions failed (status code 429)
_site/fr/consignes-traducteurs.html,390,External link https://github.com/programminghistorian/jekyll/commits/gh-pages/fr/consignes-traducteurs.md failed (status code 429)
_site/fr/contribuer.html,298,External link https://www.worldcat.org/title/programming-historian-en-espanol/oclc/1061292935&referer=brief_results failed (status code 403)
_site/fr/contribuer.html,298,External link https://www.worldcat.org/title/programming-historian/oclc/951537099 failed (status code 403)
_site/fr/contribuer.html,363,External link https://github.com/programminghistorian/jekyll/commits/gh-pages/fr/contribuer.md failed (status code 429)
_site/fr/dons.html,265,External link https://www.patreon.com/join/theprogramminghistorian failed (status code 403)
_site/fr/dons.html,274,External link https://www.paypal.com/cgi-bin/webscr?cmd=_s-xclick&hosted_button_id=7BGHUZRVS4LYL&source=url failed (status code 403)
_site/fr/dons.html,332,External link https://github.com/programminghistorian/jekyll/commits/gh-pages/fr/dons.md failed (status code 429)
_site/fr/equipe-projet.html,1272,External link https://www.nabeelsiddiqui.net/ failed with something very wrong.
_site/fr/equipe-projet.html,2059,External link https://www.mariajoseafanador.com failed with something very wrong.
_site/fr/equipe-projet.html,10051,External link https://github.com/programminghistorian/jekyll/commits/gh-pages/fr/equipe-projet.md failed (status code 429)
_site/fr/evenements.html,306,External link https://github.com/programminghistorian/jekyll/commits/gh-pages/fr/evenements.md failed (status code 429)
_site/fr/index.html,336,External link https://github.com/programminghistorian/jekyll/commits/gh-pages/fr/index.md failed (status code 429)
_site/fr/jisc-tna-partenariat.html,346,External link https://github.com/programminghistorian/jekyll/commits/gh-pages/fr/jisc-tna-partenariat.md failed (status code 429)
_site/fr/lecons/analyse-corpus-antconc.html,338,External link https://github.com/programminghistorian/ph-submissions/issues/240 failed (status code 429)
_site/fr/lecons/analyse-corpus-antconc.html,631,External link https://academic.oup.com/dsh/article-abstract/8/4/243/928942 failed (status code 403)
_site/fr/lecons/analyse-corpus-antconc.html,1092,External link https://explorationdecorpus.corpusecrits.huma-num.fr/antconc/ failed with something very wrong.
_site/fr/lecons/analyse-corpus-antconc.html,1093,External link https://cid.ens-lyon.fr/ac_article.asp?fic=antconc.asp failed with something very wrong.
_site/fr/lecons/analyse-corpus-antconc.html,1095,External link https://www.lexi-co.com/ failed with something very wrong.
_site/fr/lecons/analyse-corpus-antconc.html,1095,External link https://textometrie.ens-lyon.fr/?lang=fr failed with something very wrong.
_site/fr/lecons/analyse-corpus-antconc.html,1095,External link https://ancilla.unice.fr/ failed with something very wrong.
_site/fr/lecons/analyse-corpus-antconc.html,1095,External link https://iramuteq.org/ failed with something very wrong.
_site/fr/lecons/analyse-corpus-antconc.html,1099,External link https://lexicometrica.univ-paris3.fr/livre/st94/st94-tdm.html failed with something very wrong.
_site/fr/lecons/analyse-corpus-antconc.html,1649,External link https://github.com/programminghistorian/jekyll/commits/gh-pages/fr/lecons/analyse-corpus-antconc.md failed (status code 429)
_site/fr/lecons/analyse-de-documents-avec-tfidf.html,353,External link https://github.com/programminghistorian/ph-submissions/issues/454 failed (status code 429)
_site/fr/lecons/analyse-de-documents-avec-tfidf.html,2282,External link https://github.com/programminghistorian/jekyll/commits/gh-pages/fr/lecons/analyse-de-documents-avec-tfidf.md failed (status code 429)
_site/fr/lecons/analyse-donnees-tabulaires-R.html,337,External link https://github.com/programminghistorian/ph-submissions/issues/561 failed (status code 429)
_site/fr/lecons/analyse-donnees-tabulaires-R.html,1100,External link https://www.datacamp.com/courses/introduction-a-r failed (status code 403)
_site/fr/lecons/analyse-donnees-tabulaires-R.html,1663,External link https://github.com/programminghistorian/jekyll/commits/gh-pages/fr/lecons/analyse-donnees-tabulaires-R.md failed (status code 429)
_site/fr/lecons/analyse-reseau-python.html,343,External link https://github.com/programminghistorian/ph-submissions/issues/582 failed (status code 429)
_site/fr/lecons/analyse-reseau-python.html,2994,External link https://github.com/programminghistorian/jekyll/commits/gh-pages/fr/lecons/analyse-reseau-python.md failed (status code 429)
_site/fr/lecons/calibration-radiocarbone-avec-r.html,351,External link https://github.com/programminghistorian/ph-submissions/issues/329 failed (status code 429)
_site/fr/lecons/calibration-radiocarbone-avec-r.html,709,External link https://calib.org failed: got a time out (response code 0) (status code 0)
_site/fr/lecons/calibration-radiocarbone-avec-r.html,715,"External link https://fr.wikipedia.org/wiki/Suaire_de_Turin#La_datation_par_le_carbone_14_(1988-1989) failed: https://fr.wikipedia.org/wiki/Suaire_de_Turin#La_datation_par_le_carbone_14_(1988-1989) exists, but the hash 'La_datation_par_le_carbone_14_(1988-1989)' does not (status code 200)"
_site/fr/lecons/calibration-radiocarbone-avec-r.html,2191,External link https://github.com/programminghistorian/jekyll/commits/gh-pages/fr/lecons/calibration-radiocarbone-avec-r.md failed (status code 429)
_site/fr/lecons/comprendre-les-expressions-regulieres.html,337,External link https://github.com/programminghistorian/ph-submissions/issues/264 failed (status code 429)
_site/fr/lecons/comprendre-les-expressions-regulieres.html,668,"External link https://archive.org/stream/jstor-4560629/4560629#page/n0/mode/2up failed: https://archive.org/stream/jstor-4560629/4560629 exists, but the hash 'page/n0/mode/2up' does not (status code 200)"
_site/fr/lecons/comprendre-les-expressions-regulieres.html,1466,External link https://dh.obdurodon.org/regex.html failed with something very wrong.
_site/fr/lecons/comprendre-les-expressions-regulieres.html,2015,External link https://github.com/programminghistorian/jekyll/commits/gh-pages/fr/lecons/comprendre-les-expressions-regulieres.md failed (status code 429)
_site/fr/lecons/comprendre-les-pages-web.html,339,External link https://github.com/programminghistorian/ph-submissions/issues/228 failed (status code 429)
_site/fr/lecons/comprendre-les-pages-web.html,1645,External link https://github.com/programminghistorian/jekyll/commits/gh-pages/fr/lecons/comprendre-les-pages-web.md failed (status code 429)
_site/fr/lecons/concevoir-base-donnees-nodegoat.html,333,External link https://github.com/programminghistorian/ph-submissions/issues/459 failed (status code 429)
_site/fr/lecons/concevoir-base-donnees-nodegoat.html,1223,External link https://doi.org/10.3917/dec.lemer.2008.01 failed (status code 403)
_site/fr/lecons/concevoir-base-donnees-nodegoat.html,1792,External link https://github.com/programminghistorian/jekyll/commits/gh-pages/fr/lecons/concevoir-base-donnees-nodegoat.md failed (status code 429)
_site/fr/lecons/debuter-avec-markdown.html,337,External link https://github.com/programminghistorian/ph-submissions/issues/283 failed (status code 429)
_site/fr/lecons/debuter-avec-markdown.html,1422,External link https://github.com/programminghistorian/jekyll/commits/gh-pages/fr/lecons/debuter-avec-markdown.md failed (status code 429)
_site/fr/lecons/decomptes-de-frequences-de-mots-en-python.html,339,External link https://github.com/programminghistorian/ph-submissions/issues/526 failed (status code 429)
_site/fr/lecons/decomptes-de-frequences-de-mots-en-python.html,1861,External link https://github.com/programminghistorian/jekyll/commits/gh-pages/fr/lecons/decomptes-de-frequences-de-mots-en-python.md failed (status code 429)
_site/fr/lecons/demarrer-avec-omeka-classic.html,337,External link https://github.com/programminghistorian/ph-submissions/issues/550 failed (status code 429)
_site/fr/lecons/demarrer-avec-omeka-classic.html,1512,External link https://github.com/programminghistorian/jekyll/commits/gh-pages/fr/lecons/demarrer-avec-omeka-classic.md failed (status code 429)
_site/fr/lecons/detecter-la-reutilisation-de-texte-avec-passim.html,339,External link https://github.com/programminghistorian/ph-submissions/issues/372 failed (status code 429)
_site/fr/lecons/detecter-la-reutilisation-de-texte-avec-passim.html,613,External link https://www.java.com/fr/download/ failed (status code 403)
_site/fr/lecons/detecter-la-reutilisation-de-texte-avec-passim.html,1530,External link https://dx.doi.org/10.1093/alh/ajv029 failed (status code 403)
_site/fr/lecons/detecter-la-reutilisation-de-texte-avec-passim.html,1531,External link https://dx.doi.org/10.1093/alh/ajv028 failed (status code 403)
_site/fr/lecons/detecter-la-reutilisation-de-texte-avec-passim.html,1532,External link https://dx.doi.org/10.1080/1461670x.2020.1761865 failed (status code 403)
_site/fr/lecons/detecter-la-reutilisation-de-texte-avec-passim.html,1538,External link https://dx.doi.org/10.1145/2682571.2797068 failed (status code 403)
_site/fr/lecons/detecter-la-reutilisation-de-texte-avec-passim.html,2525,External link https://github.com/programminghistorian/jekyll/commits/gh-pages/fr/lecons/detecter-la-reutilisation-de-texte-avec-passim.md failed (status code 429)
_site/fr/lecons/du-html-a-une-liste-de-mots-1.html,339,External link https://github.com/programminghistorian/ph-submissions/issues/560 failed (status code 429)
_site/fr/lecons/du-html-a-une-liste-de-mots-1.html,1707,External link https://github.com/programminghistorian/jekyll/commits/gh-pages/fr/lecons/du-html-a-une-liste-de-mots-1.md failed (status code 429)
_site/fr/lecons/du-html-a-une-liste-de-mots-2.html,339,External link https://github.com/programminghistorian/ph-submissions/issues/584 failed (status code 429)
_site/fr/lecons/du-html-a-une-liste-de-mots-2.html,1792,External link https://github.com/programminghistorian/jekyll/commits/gh-pages/fr/lecons/du-html-a-une-liste-de-mots-2.md failed (status code 429)
_site/fr/lecons/generer-jeu-donnees-texte-ocr.html,337,External link https://github.com/programminghistorian/ph-submissions/issues/362 failed (status code 429)
_site/fr/lecons/generer-jeu-donnees-texte-ocr.html,1395,External link https://www.worldcat.org/title/handbook-of-dates-for-students-of-british-history/oclc/41238508 failed (status code 403)
_site/fr/lecons/generer-jeu-donnees-texte-ocr.html,2182,External link https://github.com/programminghistorian/jekyll/commits/gh-pages/fr/lecons/generer-jeu-donnees-texte-ocr.md failed (status code 429)
_site/fr/lecons/gestion-manipulation-donnees-r.html,337,External link https://github.com/programminghistorian/ph-submissions/issues/625 failed (status code 429)
_site/fr/lecons/gestion-manipulation-donnees-r.html,1603,External link https://github.com/programminghistorian/jekyll/commits/gh-pages/fr/lecons/gestion-manipulation-donnees-r.md failed (status code 429)
_site/fr/lecons/index.html,1732,External link https://github.com/programminghistorian/jekyll/commits/gh-pages/fr/lecons.md failed (status code 429)
_site/fr/lecons/installation-modules-python-pip.html,337,External link https://github.com/programminghistorian/ph-submissions/issues/320 failed (status code 429)
_site/fr/lecons/installation-modules-python-pip.html,1144,External link https://github.com/programminghistorian/jekyll/commits/gh-pages/fr/lecons/installation-modules-python-pip.md failed (status code 429)
_site/fr/lecons/installation-windows-py.html,1728,External link https://github.com/programminghistorian/jekyll/commits/gh-pages/fr/lecons/installation-windows-py.md failed (status code 429)
_site/fr/lecons/installer-ide-python-linux.html,339,External link https://github.com/programminghistorian/ph-submissions/issues/359 failed (status code 429)
_site/fr/lecons/installer-ide-python-linux.html,1652,External link https://github.com/programminghistorian/jekyll/commits/gh-pages/fr/lecons/installer-ide-python-linux.md failed (status code 429)
_site/fr/lecons/intro-a-bash-et-zsh.html,339,External link https://github.com/programminghistorian/ph-submissions/issues/568 failed (status code 429)
_site/fr/lecons/intro-a-bash-et-zsh.html,2124,External link https://github.com/programminghistorian/jekyll/commits/gh-pages/fr/lecons/intro-a-bash-et-zsh.md failed (status code 429)
_site/fr/lecons/intro-aux-bots-twitter.html,337,External link https://github.com/programminghistorian/ph-submissions/issues/256 failed (status code 429)
_site/fr/lecons/intro-aux-bots-twitter.html,564,External link https://www.sciencedirect.com/science/article/pii/S0747563213003129 failed (status code 403)
_site/fr/lecons/intro-aux-bots-twitter.html,907,External link https://unicode.org/emoji/charts/full-emoji-list.html failed with something very wrong.
_site/fr/lecons/intro-aux-bots-twitter.html,1013,External link https://github.com/roblanf/phypapers failed (status code 429)
_site/fr/lecons/intro-aux-bots-twitter.html,1592,External link https://github.com/programminghistorian/jekyll/commits/gh-pages/fr/lecons/intro-aux-bots-twitter.md failed (status code 429)
_site/fr/lecons/introduction-a-heurist.html,333,External link https://github.com/programminghistorian/ph-submissions/issues/380 failed (status code 429)
_site/fr/lecons/introduction-a-heurist.html,567,External link https://heuristnetwork.org/installation/ failed (status code 404)
_site/fr/lecons/introduction-a-heurist.html,580,External link https://heuristnetwork.org/tutorials/ failed (status code 404)
_site/fr/lecons/introduction-a-heurist.html,626,External link https://github.com/programminghistorian/jekyll/tree/gh-pages/assets/introduction-a-heurist failed (status code 429)
_site/fr/lecons/introduction-a-heurist.html,626,External link https://github.com/vpaillusson/tuto-heurist/raw/master/donnees_inrap.zip failed (status code 429)
_site/fr/lecons/introduction-a-heurist.html,2167,External link https://heuristnetwork.org/tutorials/ failed (status code 404)
_site/fr/lecons/introduction-a-heurist.html,2759,External link https://github.com/programminghistorian/jekyll/commits/gh-pages/fr/lecons/introduction-a-heurist.md failed (status code 429)
_site/fr/lecons/introduction-a-la-stylometrie-avec-python.html,337,External link https://github.com/programminghistorian/ph-submissions/issues/231 failed (status code 429)
_site/fr/lecons/introduction-a-la-stylometrie-avec-python.html,1920,External link https://github.com/programminghistorian/jekyll/commits/gh-pages/fr/lecons/introduction-a-la-stylometrie-avec-python.md failed (status code 429)
_site/fr/lecons/introduction-aux-carnets-jupyter-notebooks.html,341,External link https://github.com/programminghistorian/ph-submissions/issues/309 failed (status code 429)
_site/fr/lecons/introduction-aux-carnets-jupyter-notebooks.html,2445,External link https://github.com/programminghistorian/jekyll/commits/gh-pages/fr/lecons/introduction-aux-carnets-jupyter-notebooks.md failed (status code 429)
_site/fr/lecons/introduction-et-installation.html,1548,External link https://github.com/programminghistorian/jekyll/commits/gh-pages/fr/lecons/introduction-et-installation.md failed (status code 429)
_site/fr/lecons/manipuler-chaines-caracteres-python.html,339,External link https://github.com/programminghistorian/ph-submissions/issues/284 failed (status code 429)
_site/fr/lecons/manipuler-chaines-caracteres-python.html,1715,External link https://github.com/programminghistorian/jekyll/commits/gh-pages/fr/lecons/manipuler-chaines-caracteres-python.md failed (status code 429)
_site/fr/lecons/nettoyer-ses-donnees-avec-openrefine.html,341,External link https://github.com/programminghistorian/ph-submissions/issues/223 failed (status code 429)
_site/fr/lecons/nettoyer-ses-donnees-avec-openrefine.html,587,External link https://vis.stanford.edu/papers/wrangler/ failed with something very wrong.
_site/fr/lecons/nettoyer-ses-donnees-avec-openrefine.html,592,External link https://api.maas.museum/docs failed with something very wrong.
_site/fr/lecons/nettoyer-ses-donnees-avec-openrefine.html,670,External link https://github.com/OpenRefine/OpenRefine/wiki/GREL-Functions failed (status code 429)
_site/fr/lecons/nettoyer-ses-donnees-avec-openrefine.html,2112,External link https://github.com/programminghistorian/jekyll/commits/gh-pages/fr/lecons/nettoyer-ses-donnees-avec-openrefine.md failed (status code 429)
_site/fr/lecons/normaliser-donnees-textuelles-python.html,339,External link https://github.com/programminghistorian/ph-submissions/issues/564 failed (status code 429)
_site/fr/lecons/normaliser-donnees-textuelles-python.html,1699,External link https://github.com/programminghistorian/jekyll/commits/gh-pages/fr/lecons/normaliser-donnees-textuelles-python.md failed (status code 429)
_site/fr/lecons/preserver-logiciels-recherche.html,337,External link https://github.com/programminghistorian/ph-submissions/issues/616 failed (status code 429)
_site/fr/lecons/preserver-logiciels-recherche.html,754,External link https://github.com/torvalds/linux failed (status code 429)
_site/fr/lecons/preserver-logiciels-recherche.html,781,External link https://github.com/torvalds/linux failed (status code 429)
_site/fr/lecons/preserver-logiciels-recherche.html,789,External link https://github.com/torvalds/linux/blob/master/fs/ext4/resize.c failed (status code 429)
_site/fr/lecons/preserver-logiciels-recherche.html,793,External link https://github.com/torvalds/linux failed (status code 429)
_site/fr/lecons/preserver-logiciels-recherche.html,833,External link https://github.com/CatalaLang/catala failed (status code 429)
_site/fr/lecons/preserver-logiciels-recherche.html,917,External link https://github.com/emacs-citar/citar failed (status code 429)
_site/fr/lecons/preserver-logiciels-recherche.html,967,External link https://gitlab.com/users/sign_in failed (status code 403)
_site/fr/lecons/preserver-logiciels-recherche.html,968,External link https://gitlab.com/projects/new failed (status code 403)
_site/fr/lecons/preserver-logiciels-recherche.html,1107,External link https://zbmath.org/software/ failed (status code 403)
_site/fr/lecons/preserver-logiciels-recherche.html,1240,External link https://doi.org/10.1145/602421.602422 failed (status code 403)
_site/fr/lecons/preserver-logiciels-recherche.html,2689,External link https://github.com/programminghistorian/jekyll/commits/gh-pages/fr/lecons/preserver-logiciels-recherche.md failed (status code 429)
_site/fr/lecons/preserver-ses-donnees-de-recherche.html,337,External link https://github.com/programminghistorian/ph-submissions/issues/263 failed (status code 429)
_site/fr/lecons/preserver-ses-donnees-de-recherche.html,1344,External link https://github.com/programminghistorian/jekyll/commits/gh-pages/fr/lecons/preserver-ses-donnees-de-recherche.md failed (status code 429)
_site/fr/lecons/redaction-durable-avec-pandoc-et-markdown.html,339,External link https://github.com/programminghistorian/ph-submissions/issues/307 failed (status code 429)
_site/fr/lecons/redaction-durable-avec-pandoc-et-markdown.html,896,External link https://www.authorea.com failed (status code 403)
_site/fr/lecons/redaction-durable-avec-pandoc-et-markdown.html,896,External link https://mouapp.com/ failed with something very wrong.
_site/fr/lecons/redaction-durable-avec-pandoc-et-markdown.html,896,External link https://www.draftin.com failed with something very wrong.
_site/fr/lecons/redaction-durable-avec-pandoc-et-markdown.html,898,External link https://github.com/jgm/gitit failed (status code 429)
_site/fr/lecons/redaction-durable-avec-pandoc-et-markdown.html,936,External link https://github.com/programminghistorian/jekyll/issues/46#issuecomment-59219906 failed (status code 429)
_site/fr/lecons/redaction-durable-avec-pandoc-et-markdown.html,1923,External link https://github.com/programminghistorian/jekyll/commits/gh-pages/fr/lecons/redaction-durable-avec-pandoc-et-markdown.md failed (status code 429)
_site/fr/lecons/reutilisation-de-code-et-modularite.html,339,External link https://github.com/programminghistorian/ph-submissions/issues/539 failed (status code 429)
_site/fr/lecons/reutilisation-de-code-et-modularite.html,1586,External link https://github.com/programminghistorian/jekyll/commits/gh-pages/fr/lecons/reutilisation-de-code-et-modularite.md failed (status code 429)
_site/fr/lecons/telecharger-des-pages-web-avec-python.html,339,External link https://github.com/programminghistorian/ph-submissions/issues/364 failed (status code 429)
_site/fr/lecons/telecharger-des-pages-web-avec-python.html,1688,External link https://github.com/programminghistorian/jekyll/commits/gh-pages/fr/lecons/telecharger-des-pages-web-avec-python.md failed (status code 429)
_site/fr/lecons/transcription-automatisee-graphies-non-latines.html,349,External link https://github.com/programminghistorian/ph-submissions/issues/421 failed (status code 429)
_site/fr/lecons/transcription-automatisee-graphies-non-latines.html,2807,External link https://github.com/programminghistorian/jekyll/commits/gh-pages/fr/lecons/transcription-automatisee-graphies-non-latines.md failed (status code 429)
_site/fr/lecons/travailler-avec-des-fichiers-texte.html,339,External link https://github.com/programminghistorian/ph-submissions/issues/232 failed (status code 429)
_site/fr/lecons/travailler-avec-des-fichiers-texte.html,563,"External link https://docs.python.org/fr/2.7/library/functions.html#prin failed: https://docs.python.org/fr/2.7/library/functions.html exists, but the hash 'prin' does not (status code 200)"
_site/fr/lecons/travailler-avec-des-fichiers-texte.html,1767,External link https://github.com/programminghistorian/jekyll/commits/gh-pages/fr/lecons/travailler-avec-des-fichiers-texte.md failed (status code 429)
_site/fr/nos-soutiens.html,282,External link https://www.sas.ac.uk/ failed (status code 403)
_site/fr/nos-soutiens.html,294,External link https://www.tilburguniversity.edu/ failed (status code 403)
_site/fr/nos-soutiens.html,306,External link https://www.history.ac.uk/library-digital failed (status code 403)
_site/fr/nos-soutiens.html,337,"External link https://www.sussex.ac.uk/collaborate/business/public-funds#:~:text=Impact%20accelerator%20funds,-From%20law%20to&text=The%20ESRC%20and%20AHRC%20Impact,businesses%20through%20to%20large%20companies failed: https://www.sussex.ac.uk/collaborate/business/public-funds exists, but the hash ':~:text=Impact%20accelerator%20funds,-From%20law%20to&text=The%20ESRC%20and%20AHRC%20Impact,businesses%20through%20to%20large%20companies' does not (status code 200)"
_site/fr/nos-soutiens.html,338,External link https://www.thebritishacademy.ac.uk/projects/writing-workshops-2018-digital-humanities/ failed (status code 403)
_site/fr/nos-soutiens.html,345,External link https://www.paypal.com/cgi-bin/webscr?cmd=_s-xclick&hosted_button_id=7BGHUZRVS4LYL&source=url failed (status code 403)
_site/fr/nos-soutiens.html,448,External link https://github.com/programminghistorian/jekyll/commits/gh-pages/fr/nos-soutiens.md failed (status code 429)
_site/fr/pi.html,271,External link https://www.oecd.org/fr/topics/sub-issues/oda-eligibility-and-conditions/dac-list-of-oda-recipients.html failed (status code 403)
_site/fr/pi.html,427,External link https://github.com/programminghistorian/jekyll/commits/gh-pages/fr/pi.md failed (status code 429)
_site/fr/politique-retrait-lecons.html,365,External link https://github.com/programminghistorian/jekyll/commits/gh-pages/fr/politique-retrait-lecons.md failed (status code 429)
_site/fr/politique-vie-privee.html,357,External link https://github.com/programminghistorian/jekyll/commits/gh-pages/fr/politique-vie-privee.md failed (status code 429)
_site/fr/postes-vacants.html,302,External link https://github.com/programminghistorian/jekyll/commits/gh-pages/fr/postes-vacants.md failed (status code 429)
_site/fr/reaction.html,256,External link https://github.com/orgs/programminghistorian/projects/6 failed (status code 429)
_site/fr/reaction.html,338,External link https://github.com/programminghistorian/jekyll/commits/gh-pages/fr/reaction.md failed (status code 429)
_site/fr/recherche.html,264,External link https://www.hsozkult.de/webreview/id/rezwww-184 failed (status code 400)
_site/fr/recherche.html,266,External link https://academic.oup.com/jah/article-abstract/103/1/299/1751315 failed (status code 403)
_site/fr/recherche.html,282,External link https://novaresearch.unl.pt/files/32228034/Ensinar_Humanidades_Digitais.pdf failed (status code 403)
_site/fr/recherche.html,285,External link https://www.tandfonline.com/doi/full/10.1080/13555502.2017.1301179 failed (status code 403)
_site/fr/recherche.html,286,External link https://www.herts.ac.uk/__data/assets/pdf_file/0016/138013/Blip-2016-Autumn-2016-Final-Autumn-2016.pdf failed (status code 403)
_site/fr/recherche.html,328,External link https://www.history.ac.uk/our-century/centenary-events/training-teacher-giving-your-first-digital-history-workshop failed (status code 403)
_site/fr/recherche.html,364,External link https://www.caurj.gov.br/seminario-solare-reune-desenvolvedores-internacionais-de-software-livre-para-arquitetura-e-urbanismo/ failed (status code 403)
_site/fr/recherche.html,371,External link https://www.jisc.ac.uk/events/digifest-2023/programme failed (status code 404)
_site/fr/recherche.html,377,External link https://dcdcconference.com/ failed with something very wrong.
_site/fr/recherche.html,378,External link https://www.meshs.fr/page/dhnord2022_session5 failed: Not Found (status code 404)
_site/fr/recherche.html,378,External link https://www.meshs.fr/page/dhnord2022.5 failed: Not Found (status code 404)
_site/fr/recherche.html,388,External link https://openpublishingfest.org/calendar.html#event-69/ failed: got a time out (response code 0) (status code 0)
_site/fr/recherche.html,392,External link https://2021.dhbenelux.org/schedule/ failed with something very wrong.
_site/fr/recherche.html,394,"External link https://msuglobaldh.org/abstracts/#programming-historian failed: https://msuglobaldh.org/abstracts/ exists, but the hash 'programming-historian' does not (status code 200)"
_site/fr/recherche.html,426,External link https://fredgibbs.net/posts/reflections-former-PH-editor failed (status code 404)
_site/fr/recherche.html,492,External link https://github.com/programminghistorian/jekyll/commits/gh-pages/fr/recherche.md failed (status code 429)
_site/index.html,383,External link https://github.com/programminghistorian/jekyll/commits/gh-pages/index.md failed (status code 429)
_site/posts/2022-in-review.html,793,External link https://github.com/programminghistorian/jekyll/commits/gh-pages/_posts/2022-12-16-2022-in-review.md failed (status code 429)
_site/posts/DH-Award-2017.html,281,External link https://dhawards.org/dhawards2017/results/ failed with something very wrong.
_site/posts/DH-Award-2017.html,793,External link https://github.com/programminghistorian/jekyll/commits/gh-pages/_posts/2018-03-04-DH-Award-2017.md failed (status code 429)
_site/posts/FR-team.html,285,External link https://www.iperionch.eu/ failed with something very wrong.
_site/posts/FR-team.html,293,External link https://github.com/programminghistorian/jekyll/wiki/Additional-Language-Sub-Teams-Policy failed (status code 429)
_site/posts/FR-team.html,797,External link https://github.com/programminghistorian/jekyll/commits/gh-pages/_posts/2018-07-13-FR-team.md failed (status code 429)
_site/posts/Open-Education-Week.html,1313,External link https://github.com/programminghistorian/jekyll/commits/gh-pages/_posts/2024-03-07-Open-Education-Week.md failed (status code 429)
_site/posts/PH-TNA-JISC-event-2-annoucement.html,793,External link https://github.com/programminghistorian/jekyll/commits/gh-pages/_posts/2022-04-12-PH-TNA-JISC-event-2-annoucement.md failed (status code 429)
_site/posts/PH-commitment-to-diversity.html,283,External link https://github.com/programminghistorian/jekyll/issues/152 failed (status code 429)
_site/posts/PH-commitment-to-diversity.html,283,External link https://www.surveymonkey.co.uk/r/SFSRHHD failed (status code 404)
_site/posts/PH-commitment-to-diversity.html,377,External link https://femtechnet.org/ failed with something very wrong.
_site/posts/PH-commitment-to-diversity.html,919,External link https://github.com/programminghistorian/jekyll/commits/gh-pages/_posts/2016-05-10-PH-commitment-to-diversity.md failed (status code 429)
_site/posts/PH-contributors.html,812,External link https://github.com/programminghistorian/jekyll/commits/gh-pages/_posts/2019-04-06-PH-contributors.md failed (status code 429)
_site/posts/PH-espanol-in-DH2018.html,289,External link https://github.com/programminghistorian/jekyll/issues/651 failed (status code 429)
_site/posts/PH-espanol-in-DH2018.html,297,External link https://github.com/programminghistorian/jekyll/issues?q=french+label:french failed (status code 429)
_site/posts/PH-espanol-in-DH2018.html,297,External link https://github.com/mpuren failed (status code 429)
_site/posts/PH-espanol-in-DH2018.html,297,External link https://github.com/programminghistorian/jekyll/tree/gh-pages/images/logos failed (status code 429)
_site/posts/PH-espanol-in-DH2018.html,1242,External link https://github.com/programminghistorian/jekyll/commits/gh-pages/_posts/2018-07-09-PH-espanol-in-DH2018.md failed (status code 429)
_site/posts/Uses-Of-The-Programming-Historian.html,293,External link https://lj.libraryjournal.com/2014/09/opinion/not-dead-yet/connecting-researchers-to-new-digital-tools-not-dead-yet/#_ failed (status code 502)
_site/posts/Uses-Of-The-Programming-Historian.html,294,External link https://muse.jhu.edu/login?auth=0&type=summary&url=/journals/ieee_annals_of_the_history_of_computing/v036/36.2.turkel.html failed: Forbidden (status code 403)
_site/posts/Uses-Of-The-Programming-Historian.html,342,External link https://digitalhumanities.rice.edu/fall-2013-syllabus/ failed (status code 404)
_site/posts/Uses-Of-The-Programming-Historian.html,344,External link https://dh.chadblack.net/info/syllabus/ failed with something very wrong.
_site/posts/Uses-Of-The-Programming-Historian.html,880,External link https://github.com/programminghistorian/jekyll/commits/gh-pages/_posts/2018-05-22-Uses-Of-The-Programming-Historian.md failed (status code 429)
_site/posts/ad-hoc-translation.html,284,External link https://github.com/programminghistorian/jekyll/wiki/Additional-Language-Sub-Teams-Policy failed (status code 429)
_site/posts/ad-hoc-translation.html,803,External link https://github.com/programminghistorian/jekyll/commits/gh-pages/_posts/2018-11-30-ad-hoc-translation.md failed (status code 429)
_site/posts/adding-to-library-catalogue.html,800,External link https://github.com/programminghistorian/jekyll/commits/gh-pages/_posts/2016-06-10-adding-to-library-catalogue.md failed (status code 429)
_site/posts/anisa-welcome.html,797,External link https://github.com/programminghistorian/jekyll/commits/gh-pages/_posts/2021-07-07-anisa-welcome.md failed (status code 429)
_site/posts/anna-maria-sichani.html,793,External link https://github.com/programminghistorian/jekyll/commits/gh-pages/_posts/2018-05-24-anna-maria-sichani.md failed (status code 429)
_site/posts/announcing-new-team-spanish-language-editors.html,287,External link https://en.neogranadina.org failed: got a time out (response code 0) (status code 0)
_site/posts/announcing-new-team-spanish-language-editors.html,798,External link https://github.com/programminghistorian/jekyll/commits/gh-pages/_posts/2016-08-22-announcing-new-team-spanish-language-editors.md failed (status code 429)
_site/posts/appel-a-propositions.html,1271,External link https://github.com/programminghistorian/jekyll/commits/gh-pages/_posts/2024-07-04-appel-a-propositions.md failed (status code 429)
_site/posts/appel-a-traductions.html,1255,External link https://github.com/programminghistorian/jekyll/commits/gh-pages/_posts/2025-02-28-appel-a-traductions.md failed (status code 429)
_site/posts/articles-selected-ph-jisc-tna.html,793,External link https://github.com/programminghistorian/jekyll/commits/gh-pages/_posts/2021-11-15-articles-selected-ph-jisc-tna.md failed (status code 429)
_site/posts/bienvenue-ph-fr.html,283,External link https://github.com/programminghistorian/ph-submissions/issues?q=is:issue+is:open+label:French failed (status code 429)
_site/posts/bienvenue-ph-fr.html,283,External link https://github.com/programminghistorian/jekyll/issues/850 failed (status code 429)
_site/posts/bienvenue-ph-fr.html,285,External link https://github.com/mdlincoln failed (status code 429)
_site/posts/bienvenue-ph-fr.html,285,External link https://dsharp.library.cmu.edu/ failed with something very wrong.
_site/posts/bienvenue-ph-fr.html,289,External link https://archives.mundaneum.org/fr/versions-digitalisees/schema-de-paul-otlet-documentation-et-telecommunication failed with something very wrong.
_site/posts/bienvenue-ph-fr.html,793,External link https://github.com/programminghistorian/jekyll/commits/gh-pages/_posts/2019-04-08-bienvenue-ph-fr.md failed (status code 429)
_site/posts/bogota-workshop-report.html,1257,External link https://github.com/programminghistorian/jekyll/commits/gh-pages/_posts/2018-08-08-bogota-workshop-report.md failed (status code 429)
_site/posts/bolentin-informativo.html,304,External link https://github.com/programminghistorian/jekyll/wiki/Privileges-and-Responsibilities-of-Membership failed (status code 429)
_site/posts/bolentin-informativo.html,863,External link https://github.com/programminghistorian/jekyll/commits/gh-pages/_posts/2019-09-30-bolentin-informativo.md failed (status code 429)
_site/posts/boletin-informativo-junio20.html,301,"External link https://programminghistorian.org/es/apoyanos#programa-de-instituciones-asociadas failed: https://programminghistorian.org/es/apoyanos exists, but the hash 'programa-de-instituciones-asociadas' does not (status code 200)"
_site/posts/boletin-informativo-junio20.html,901,External link https://github.com/programminghistorian/jekyll/commits/gh-pages/_posts/2020-07-01-boletin-informativo-junio20.md failed (status code 429)
_site/posts/boletin-informativo-march20.html,853,External link https://github.com/programminghistorian/jekyll/commits/gh-pages/_posts/2020-04-01-boletin-informativo-march20.md failed (status code 429)
_site/posts/boletin-informativo-oct20.html,299,"External link https://programminghistorian.org/es/apoyanos#programa-de-instituciones-asociadas failed: https://programminghistorian.org/es/apoyanos exists, but the hash 'programa-de-instituciones-asociadas' does not (status code 200)"
_site/posts/boletin-informativo-oct20.html,839,External link https://github.com/programminghistorian/jekyll/commits/gh-pages/_posts/2020-10-01-boletin-informativo-oct20.md failed (status code 429)
_site/posts/boletin-informativo.html,303,External link https://cas.au.dk/en/cedhar/events/show/artikel/teaching-digital-history-workshop-a-one-day-seminar/ failed (status code 404)
_site/posts/boletin-informativo.html,844,External link https://github.com/programminghistorian/jekyll/commits/gh-pages/_posts/2019-12-30-boletin-informativo.md failed (status code 429)
_site/posts/buletin-de-information.html,302,External link https://github.com/programminghistorian/jekyll/wiki/Privileges-and-Responsibilities-of-Membership failed (status code 429)
_site/posts/buletin-de-information.html,857,External link https://github.com/programminghistorian/jekyll/commits/gh-pages/_posts/2019-09-30-buletin-de-information.md failed (status code 429)
_site/posts/bulletin-de-information-juin20.html,301,"External link https://programminghistorian.org/fr/nous-soutenir#partenariat-institutionnel failed: https://programminghistorian.org/fr/nous-soutenir exists, but the hash 'partenariat-institutionnel' does not (status code 200)"
_site/posts/bulletin-de-information-juin20.html,901,External link https://github.com/programminghistorian/jekyll/commits/gh-pages/_posts/2020-07-01-bulletin-de-information-juin20.md failed (status code 429)
_site/posts/bulletin-de-information-march20.html,314,"External link https://programminghistorian.org/fr/nous-soutenir#partenariat-institutionnel failed: https://programminghistorian.org/fr/nous-soutenir exists, but the hash 'partenariat-institutionnel' does not (status code 200)"
_site/posts/bulletin-de-information-march20.html,853,External link https://github.com/programminghistorian/jekyll/commits/gh-pages/_posts/2020-04-01-bulletin-de-information-march20.md failed (status code 429)
_site/posts/bulletin-de-information-oct20.html,301,"External link https://programminghistorian.org/fr/nous-soutenir#partenariat-institutionnel failed: https://programminghistorian.org/fr/nous-soutenir exists, but the hash 'partenariat-institutionnel' does not (status code 200)"
_site/posts/bulletin-de-information-oct20.html,307,External link https://github.com/programminghistorian/jekyll/wiki/Privileges-and-Responsibilities-of-Membership failed (status code 429)
_site/posts/bulletin-de-information-oct20.html,841,External link https://github.com/programminghistorian/jekyll/commits/gh-pages/_posts/2020-10-01-bulletin-de-information-oct20.md failed (status code 429)
_site/posts/bulletin-de-information.html,303,External link https://cas.au.dk/en/cedhar/events/show/artikel/teaching-digital-history-workshop-a-one-day-seminar/ failed (status code 404)
_site/posts/bulletin-de-information.html,839,External link https://github.com/programminghistorian/jekyll/commits/gh-pages/_posts/2019-12-30-bulletin-de-information.md failed (status code 429)
_site/posts/bulletin-issue-01.html,287,External link https://dhawards.org/dhawards2022/results/ failed with something very wrong.
_site/posts/bulletin-issue-01.html,1320,External link https://github.com/programminghistorian/jekyll/commits/gh-pages/_posts/2023-12-13-bulletin-issue-01.md failed (status code 429)
_site/posts/bulletin-issue-02.html,330,External link https://campus.dariah.eu/source/programming-historian/page/1 failed (status code 404)
_site/posts/bulletin-issue-02.html,1312,External link https://github.com/programminghistorian/jekyll/commits/gh-pages/_posts/2024-03-27-bulletin-issue-02.md failed (status code 429)
_site/posts/bulletin-issue-03.html,1304,External link https://github.com/programminghistorian/jekyll/commits/gh-pages/_posts/2024-06-28-bulletin-issue-03.md failed (status code 429)
_site/posts/bulletin-issue-04.html,325,External link https://dhawards.org/dhawards2022/results/ failed with something very wrong.
_site/posts/bulletin-issue-04.html,325,External link https://campus.dariah.eu/source/programming-historian/page/1 failed (status code 404)
_site/posts/bulletin-issue-04.html,1294,External link https://github.com/programminghistorian/jekyll/commits/gh-pages/_posts/2024-09-27-bulletin-issue-04.md failed (status code 429)
_site/posts/bulletin-issue-05.html,1317,External link https://github.com/programminghistorian/jekyll/commits/gh-pages/_posts/2024-12-13-bulletin-issue-05.md failed (status code 429)
_site/posts/bulletin-issue-06.html,1310,External link https://github.com/programminghistorian/jekyll/commits/gh-pages/_posts/2025-03-28-bulletin-issue-06.md failed (status code 429)
_site/posts/call-for-editors-en.html,285,External link https://academic.oup.com/jah/article-abstract/103/1/299/1751315 failed (status code 403)
_site/posts/call-for-editors-en.html,827,External link https://github.com/programminghistorian/jekyll/commits/gh-pages/_posts/2021-09-22-call-for-editors-en.md failed (status code 429)
_site/posts/call-for-editors.html,285,External link https://academic.oup.com/jah/article-abstract/103/1/299/1751315 failed (status code 403)
_site/posts/call-for-editors.html,827,External link https://github.com/programminghistorian/jekyll/commits/gh-pages/_posts/2020-05-04-call-for-editors.md failed (status code 429)
_site/posts/call-for-fr-members.html,279,External link https://github.com/programminghistorian/jekyll/wiki/Privileges-and-Responsibilities-of-Membership failed (status code 429)
_site/posts/call-for-fr-members.html,800,External link https://github.com/programminghistorian/jekyll/commits/gh-pages/_posts/2020-09-21-call-for-fr-members.md failed (status code 429)
_site/posts/call-to-action.html,813,External link https://github.com/programminghistorian/jekyll/commits/gh-pages/_posts/2017-01-21-call-to-action.md failed (status code 429)
_site/posts/cfp-jisc-ph.html,349,External link https://historicaltexts.jisc.ac.uk/ failed with something very wrong.
_site/posts/cfp-jisc-ph.html,406,"External link https://programminghistorian.org/fr/consignes-auteurs#proposer-une-nouvelle-le%C3%A7on failed: https://programminghistorian.org/fr/consignes-auteurs exists, but the hash 'proposer-une-nouvelle-le%C3%A7on' does not (status code 200)"
_site/posts/cfp-jisc-ph.html,434,External link https://nationalarchives.gov.uk/archives-sector/projects-and-programmes/plugged-in-powered-up/ failed: Not Found (status code 404)
_site/posts/cfp-jisc-ph.html,1378,External link https://github.com/programminghistorian/jekyll/commits/gh-pages/_posts/2021-09-08-cfp-jisc-ph.md failed (status code 429)
_site/posts/charlotte-welcome.html,791,External link https://github.com/programminghistorian/jekyll/commits/gh-pages/_posts/2023-09-14-charlotte-welcome.md failed (status code 429)
_site/posts/convocatoria-de-tutoriales.html,1228,External link https://github.com/programminghistorian/jekyll/commits/gh-pages/_posts/2018-04-06-convocatoria-de-tutoriales.md failed (status code 429)
_site/posts/convocatoria-editor.html,823,External link https://github.com/programminghistorian/jekyll/commits/gh-pages/_posts/2017-11-20-convocatoria-editor.md failed (status code 429)
_site/posts/convocatoria-editores-2021.html,283,External link https://forms.gle/fauAXdedzUms5ezj7 failed (status code 410)
_site/posts/convocatoria-editores-2021.html,1245,External link https://github.com/programminghistorian/jekyll/commits/gh-pages/_posts/2021-03-22-convocatoria-editores-2021.md failed (status code 429)
_site/posts/convocatoria-para-editores.html,803,External link https://github.com/programminghistorian/jekyll/commits/gh-pages/_posts/2018-10-06-convocatoria-para-editores.md failed (status code 429)
_site/posts/convocatoria-taller-PH-espanol.html,1257,External link https://github.com/programminghistorian/jekyll/commits/gh-pages/_posts/2018-04-12-convocatoria-taller-PH-espanol.md failed (status code 429)
_site/posts/corpus-linguistics-in-action.html,289,"External link https://books.google.co.uk/books?id=o9o4gLzrRPEC&lpg=PP1&pg=PA212#v=onepage&q&f=false failed: https://books.google.co.uk/books?id=o9o4gLzrRPEC&lpg=PP1&pg=PA212 exists, but the hash 'v=onepage&q&f=false' does not (status code 200)"
_site/posts/corpus-linguistics-in-action.html,343,"External link https://books.google.co.uk/books?id=v98rcxoYUbYC&lpg=PP1&dq=mahlberg%20corpus%20stylistics&pg=PA111#v=onepage&q&f=false failed: https://books.google.co.uk/books?id=v98rcxoYUbYC&lpg=PP1&dq=mahlberg%20corpus%20stylistics&pg=PA111 exists, but the hash 'v=onepage&q&f=false' does not (status code 200)"
_site/posts/corpus-linguistics-in-action.html,343,"External link https://books.google.co.uk/books?id=o9o4gLzrRPEC&lpg=PP1&pg=PA212#v=onepage&q&f=false failed: https://books.google.co.uk/books?id=o9o4gLzrRPEC&lpg=PP1&pg=PA212 exists, but the hash 'v=onepage&q&f=false' does not (status code 200)"
_site/posts/corpus-linguistics-in-action.html,358,"External link https://books.google.co.uk/books?id=v98rcxoYUbYC&lpg=PP1&dq=mahlberg%20corpus%20stylistics&pg=PA111#v=onepage&q&f=false failed: https://books.google.co.uk/books?id=v98rcxoYUbYC&lpg=PP1&dq=mahlberg%20corpus%20stylistics&pg=PA111 exists, but the hash 'v=onepage&q&f=false' does not (status code 200)"
_site/posts/corpus-linguistics-in-action.html,430,External link https://www.euppublishing.com/doi/full/10.3366/cor.2016.0102 failed (status code 403)
_site/posts/corpus-linguistics-in-action.html,1808,External link https://github.com/programminghistorian/jekyll/commits/gh-pages/_posts/2017-09-21-corpus-linguistics-in-action.md failed (status code 429)
_site/posts/december-newsletter.html,300,External link https://openpublishingfest.org/calendar.html#event-69/ failed: got a time out (response code 0) (status code 0)
_site/posts/december-newsletter.html,302,External link https://www.history.ac.uk/our-century/centenary-events/training-teacher-giving-your-first-digital-history-workshop failed (status code 403)
_site/posts/december-newsletter.html,320,External link https://openpublishingawards.org/results/2021/index.html failed with something very wrong.
_site/posts/december-newsletter.html,1265,External link https://github.com/programminghistorian/jekyll/commits/gh-pages/_posts/2021-12-22-december-newsletter.md failed (status code 429)
_site/posts/dh-award-2016.html,281,External link https://dhawards.org/dhawards2016/results/ failed with something very wrong.
_site/posts/dh-award-2016.html,805,External link https://github.com/programminghistorian/jekyll/commits/gh-pages/_posts/2017-03-02-dh-award-2016.md failed (status code 429)
_site/posts/dh-publishing-assistant.html,313,External link https://www.coe.int/en/web/common-european-framework-reference-languages/table-1-cefr-3.3-common-reference-levels-global-scale failed (status code 403)
_site/posts/dh-publishing-assistant.html,836,External link https://github.com/programminghistorian/jekyll/commits/gh-pages/_posts/2023-05-05-DH-Publishing-Assistant.md failed (status code 429)
_site/posts/digital-storytelling-immigrant-stories.html,281,External link https://immigrants.mndigital.org/exhibits/show/immigrantstories-exhibit/item/508 failed (status code 403)
_site/posts/digital-storytelling-immigrant-stories.html,285,External link https://immigrants.mndigital.org/exhibits/show/immigrantstories-exhibit failed (status code 403)
_site/posts/digital-storytelling-immigrant-stories.html,285,External link https://immigrants.mndigital.org/items/browse failed (status code 403)
_site/posts/digital-storytelling-immigrant-stories.html,287,External link https://immigrants.mndigital.org/exhibits/show/immigrantstories1975 failed (status code 403)
_site/posts/digital-storytelling-immigrant-stories.html,797,External link https://github.com/programminghistorian/jekyll/commits/gh-pages/_posts/2016-07-20-digital-storytelling-immigrant-stories.md failed (status code 429)
_site/posts/distant-reading-in-the-undergraduate-classroom.html,286,External link https://www.hathitrust.org/ failed (status code 403)
_site/posts/distant-reading-in-the-undergraduate-classroom.html,822,External link https://github.com/programminghistorian/jekyll/commits/gh-pages/_posts/2016-09-19-distant-reading-in-the-undergraduate-classroom.md failed (status code 429)
_site/posts/dois-for-ph.html,292,External link https://github.com/programminghistorian/jekyll/issues/1682 failed (status code 429)
_site/posts/dois-for-ph.html,294,External link https://github.com/programminghistorian/jekyll/blob/4c5201ceb456deab677866886255bbd54500a9de/_layouts/crossref.xml failed (status code 429)
_site/posts/dois-for-ph.html,863,External link https://github.com/programminghistorian/jekyll/commits/gh-pages/_posts/2020-05-14-dois-for-ph.md failed (status code 429)
_site/posts/edinburgh-workshop-2015.html,277,External link https://www.eventbrite.co.uk/e/digital-day-of-ideas-2015-tickets-16428789953 failed (status code 404)
_site/posts/edinburgh-workshop-2015.html,285,External link https://www.eventbrite.co.uk/e/digital-day-of-ideas-2015-tickets-16428789953 failed (status code 404)
_site/posts/edinburgh-workshop-2015.html,790,External link https://github.com/programminghistorian/jekyll/commits/gh-pages/_posts/2015-05-17-edinburgh-workshop-2015.md failed (status code 429)
_site/posts/education-and-community-lead.html,798,External link https://github.com/programminghistorian/jekyll/commits/gh-pages/_posts/2022-04-28-education-and-community-lead.md failed (status code 429)
_site/posts/en-call-for-lessons.html,1291,External link https://github.com/programminghistorian/jekyll/commits/gh-pages/_posts/2023-11-15-en-call-for-lessons.md failed (status code 429)
_site/posts/en-call-for-proposals.html,1296,External link https://github.com/programminghistorian/jekyll/commits/gh-pages/_posts/2024-11-15-en-call-for-proposals.md failed (status code 429)
_site/posts/es-buscamos-revisores.html,321,External link https://github.com/programminghistorian/jekyll/blob/gh-pages/CODE_OF_CONDUCT.md failed (status code 429)
_site/posts/es-buscamos-revisores.html,1280,External link https://github.com/programminghistorian/jekyll/commits/gh-pages/_posts/2024-11-14-es-buscamos-revisores.md failed (status code 429)
_site/posts/fd-laramee.html,794,External link https://github.com/programminghistorian/jekyll/commits/gh-pages/_posts/2018-12-05-fd-laramee.md failed (status code 429)
_site/posts/first-teaching-workshop.html,819,External link https://github.com/programminghistorian/jekyll/commits/gh-pages/_posts/2021-10-18-first-teaching-workshop.md failed (status code 429)
_site/posts/full-text-search.html,340,External link https://github.com/programminghistorian/search-index failed (status code 429)
_site/posts/full-text-search.html,342,External link https://github.com/programminghistorian/jekyll/wiki/Technical-Tutorial-on-Search failed (status code 429)
_site/posts/full-text-search.html,848,External link https://github.com/programminghistorian/jekyll/commits/gh-pages/_posts/2020-05-26-full-text-search.md failed (status code 429)
_site/posts/gisele-welcome.html,789,External link https://github.com/programminghistorian/jekyll/commits/gh-pages/_posts/2022-07-28-gisele-welcome.md failed (status code 429)
_site/posts/history-of-protest.html,285,External link https://politicalmeetingsmapper.co.uk failed with something very wrong.
_site/posts/history-of-protest.html,285,External link https://labs.bl.uk/British+Library+Labs+Competition failed with something very wrong.
_site/posts/history-of-protest.html,289,External link https://www.tandfonline.com/doi/full/10.1080/13555502.2017.1301179 failed (status code 403)
_site/posts/history-of-protest.html,793,External link https://github.com/programminghistorian/jekyll/commits/gh-pages/_posts/2017-03-31-history-of-protest.md failed (status code 429)
_site/posts/how-we-moved-to-github.html,287,External link https://github.com/programminghistorian/oldsite/tree/master/original_html failed (status code 429)
_site/posts/how-we-moved-to-github.html,287,External link https://github.com/programminghistorian/jekyll/tree/gh-pages failed (status code 429)
_site/posts/how-we-moved-to-github.html,287,External link https://github.com/programminghistorian/oldsite/tree/master failed (status code 429)
_site/posts/how-we-moved-to-github.html,305,External link https://github.com/programminghistorian/oldsite/blob/master/original_html/data-mining-the-internet-archive.html failed (status code 429)
_site/posts/how-we-moved-to-github.html,338,External link https://github.com/programminghistorian/oldsite/blob/master/prep_for_pandoc.py failed (status code 429)
_site/posts/how-we-moved-to-github.html,338,External link https://github.com/programminghistorian/oldsite/tree/master/modified_html failed (status code 429)
_site/posts/how-we-moved-to-github.html,338,External link https://github.com/programminghistorian/oldsite/tree/master/original_html failed (status code 429)
_site/posts/how-we-moved-to-github.html,347,External link https://github.com/programminghistorian/oldsite/blob/master/modified_html/data-mining-the-internet-archive.html failed (status code 429)
_site/posts/how-we-moved-to-github.html,544,External link https://github.com/programminghistorian/jekyll/issues/2 failed (status code 429)
_site/posts/how-we-moved-to-github.html,551,External link https://github.com/programminghistorian/jekyll/blob/master/modified_html/data-mining-the-internet-archive.html#L50 failed (status code 429)
_site/posts/how-we-moved-to-github.html,564,External link https://github.com/programminghistorian/jekyll/blob/master/modified_html/data-mining-the-internet-archive.html failed (status code 429)
_site/posts/how-we-moved-to-github.html,647,External link https://github.com/programminghistorian/jekyll/commits/master/lessons failed (status code 429)
_site/posts/how-we-moved-to-github.html,647,External link https://github.com/programminghistorian/jekyll/blob/master/process_with_pandoc.sh failed (status code 429)
_site/posts/how-we-moved-to-github.html,649,External link https://github.com/programminghistorian/jekyll/blob/master/pandoc_filter.py failed (status code 429)
_site/posts/how-we-moved-to-github.html,651,External link https://github.com/programminghistorian/jekyll/issues/15 failed (status code 429)
_site/posts/how-we-moved-to-github.html,651,External link https://github.com/programminghistorian/jekyll/issues/5 failed (status code 429)
_site/posts/how-we-moved-to-github.html,1157,External link https://github.com/programminghistorian/jekyll/commits/gh-pages/_posts/2014-11-05-how-we-moved-to-github.md failed (status code 429)
_site/posts/infrastructure-at-ph.html,291,External link https://github.com/gjtorikian/html-proofer failed (status code 429)
_site/posts/infrastructure-at-ph.html,298,External link https://github.com/programminghistorian/jekyll/issues/390 failed (status code 429)
_site/posts/infrastructure-at-ph.html,304,External link https://github.com/programminghistorian/jekyll/blob/gh-pages/_build/build.sh#L15-L40 failed (status code 429)
_site/posts/infrastructure-at-ph.html,325,External link https://github.com/programminghistorian/jekyll/blob/gh-pages/_plugins/validate_yaml.rb failed (status code 429)
_site/posts/infrastructure-at-ph.html,341,External link https://github.com/programminghistorian/jekyll/blob/gh-pages/.travis.yml failed (status code 429)
_site/posts/infrastructure-at-ph.html,342,"External link https://guides.github.com/activities/hello-world/#pr failed: https://guides.github.com/activities/hello-world/ exists, but the hash 'pr' does not (status code 200)"
_site/posts/infrastructure-at-ph.html,352,External link https://github.com/programminghistorian/jekyll/issues/536 failed (status code 429)
_site/posts/infrastructure-at-ph.html,858,External link https://github.com/programminghistorian/jekyll/commits/gh-pages/_posts/2017-07-31-infrastructure-at-ph.md failed (status code 429)
_site/posts/jennifer-isasi-jose-a-motilla.html,796,External link https://github.com/programminghistorian/jekyll/commits/gh-pages/_posts/2018-02-13-jennifer-isasi-jose-a-motilla.md failed (status code 429)
_site/posts/join-IPP.html,283,"External link https://programminghistorian.org/en/support-us#institutional-partner-programme failed: https://programminghistorian.org/en/support-us exists, but the hash 'institutional-partner-programme' does not (status code 200)"
_site/posts/join-IPP.html,1234,External link https://github.com/programminghistorian/jekyll/commits/gh-pages/_posts/2020-09-19-join-IPP.md failed (status code 429)
_site/posts/lanzamiento-PH-espanol.html,789,External link https://github.com/programminghistorian/jekyll/commits/gh-pages/_posts/2017-03-05-lanzamiento-PH-espanol.md failed (status code 429)
_site/posts/launch-PH-Spanish.html,790,External link https://github.com/programminghistorian/jekyll/commits/gh-pages/_posts/2017-03-02-launch-PH-Spanish.md failed (status code 429)
_site/posts/launch-portuguese.html,289,"External link https://programminghistorian.org/pt/apoie-nos#programa-de-parceiros-institucionais failed: https://programminghistorian.org/pt/apoie-nos exists, but the hash 'programa-de-parceiros-institucionais' does not (status code 200)"
_site/posts/launch-portuguese.html,1245,External link https://github.com/programminghistorian/jekyll/commits/gh-pages/_posts/2021-01-29-launch-portuguese.md failed (status code 429)
_site/posts/lessons-we-would-like-to-see.html,816,External link https://github.com/programminghistorian/jekyll/commits/gh-pages/_posts/2018-06-03-lessons-we-would-like-to-see.md failed (status code 429)
_site/posts/llano-gribomont-vaughan.html,792,External link https://github.com/programminghistorian/jekyll/commits/gh-pages/_posts/2021-09-02-llano-gribomont-vaughan.md failed (status code 429)
_site/posts/matthew-lincoln.html,797,External link https://github.com/programminghistorian/jekyll/commits/gh-pages/_posts/2017-03-14-matthew-lincoln.md failed (status code 429)
_site/posts/merci-les-amis.html,1230,External link https://github.com/programminghistorian/jekyll/commits/gh-pages/_posts/2020-02-26-merci-les-amis.md failed (status code 429)
_site/posts/mid-year-21-newsletter.html,818,External link https://github.com/programminghistorian/jekyll/commits/gh-pages/_posts/2021-07-12-mid-year-21-newsletter.md failed (status code 429)
_site/posts/mid-year-newsletter.html,860,External link https://github.com/programminghistorian/jekyll/commits/gh-pages/_posts/2019-06-30-mid-year-newsletter.md failed (status code 429)
_site/posts/model-workshop.html,790,External link https://github.com/programminghistorian/jekyll/commits/gh-pages/_posts/2018-11-26-model-workshop.md failed (status code 429)
_site/posts/new-english-managing-editor.html,816,External link https://github.com/programminghistorian/jekyll/commits/gh-pages/_posts/2019-08-08-new-english-managing-editor.md failed (status code 429)
_site/posts/new-lessons-page.html,844,External link https://github.com/programminghistorian/jekyll/commits/gh-pages/_posts/2017-07-28-new-lessons-page.md failed (status code 429)
_site/posts/new-navigation.html,818,External link https://github.com/programminghistorian/jekyll/commits/gh-pages/_posts/2013-08-24-new-navigation.md failed (status code 429)
_site/posts/newsletter-april-21.html,328,"External link https://programminghistorian.org/en/support-us#institutional-partner-programme failed: https://programminghistorian.org/en/support-us exists, but the hash 'institutional-partner-programme' does not (status code 200)"
_site/posts/newsletter-april-21.html,341,External link https://www.paypal.com/cgi-bin/webscr?cmd=_s-xclick&hosted_button_id=7BGHUZRVS4LYL&source=url failed (status code 403)
_site/posts/newsletter-april-21.html,367,External link https://dhawards.org/dhawards2020/results/ failed with something very wrong.
_site/posts/newsletter-april-21.html,880,External link https://github.com/programminghistorian/jekyll/commits/gh-pages/_posts/2021-04-01-newsletter-april-21.md failed (status code 429)
_site/posts/newsletter-june20.html,301,"External link https://programminghistorian.org/en/support-us#institutional-partner-programme failed: https://programminghistorian.org/en/support-us exists, but the hash 'institutional-partner-programme' does not (status code 200)"
_site/posts/newsletter-june20.html,902,External link https://github.com/programminghistorian/jekyll/commits/gh-pages/_posts/2020-07-01-newsletter-june20.md failed (status code 429)
_site/posts/newsletter-march20.html,314,"External link https://programminghistorian.org/en/support-us#institutional-partner-programme failed: https://programminghistorian.org/en/support-us exists, but the hash 'institutional-partner-programme' does not (status code 200)"
_site/posts/newsletter-march20.html,854,External link https://github.com/programminghistorian/jekyll/commits/gh-pages/_posts/2020-04-01-newsletter-march20.md failed (status code 429)
_site/posts/newsletter-oct20.html,299,"External link https://programminghistorian.org/en/support-us#institutional-partner-programme failed: https://programminghistorian.org/en/support-us exists, but the hash 'institutional-partner-programme' does not (status code 200)"
_site/posts/newsletter-oct20.html,839,External link https://github.com/programminghistorian/jekyll/commits/gh-pages/_posts/2020-10-01-newsletter-oct20.md failed (status code 429)
_site/posts/newsletter-year20.html,321,"External link https://programminghistorian.org/en/support-us#institutional-partner-programme failed: https://programminghistorian.org/en/support-us exists, but the hash 'institutional-partner-programme' does not (status code 200)"
_site/posts/newsletter-year20.html,325,External link https://www.history.ac.uk/library failed (status code 403)
_site/posts/newsletter-year20.html,333,External link https://www.paypal.com/cgi-bin/webscr?cmd=_s-xclick&hosted_button_id=7BGHUZRVS4LYL&source=url failed (status code 403)
_site/posts/newsletter-year20.html,911,External link https://github.com/programminghistorian/jekyll/commits/gh-pages/_posts/2021-01-05-newsletter-year20.md failed (status code 429)
_site/posts/newsletter.html,303,External link https://cas.au.dk/en/cedhar/events/show/artikel/teaching-digital-history-workshop-a-one-day-seminar/ failed (status code 404)
_site/posts/newsletter.html,843,External link https://github.com/programminghistorian/jekyll/commits/gh-pages/_posts/2019-12-30-newsletter.md failed (status code 429)
_site/posts/noticias-PH-espanol.html,793,External link https://github.com/programminghistorian/jekyll/commits/gh-pages/_posts/2017-12-30-noticias-PH-espanol.md failed (status code 429)
_site/posts/ph-is-people.html,965,External link https://github.com/programminghistorian/jekyll/commits/gh-pages/_posts/2016-12-03-ph-is-people.md failed (status code 429)
_site/posts/plan-s.html,831,External link https://github.com/programminghistorian/jekyll/commits/gh-pages/_posts/2020-06-29-plan-s.md failed (status code 429)
_site/posts/planning-a-lesson.html,815,External link https://github.com/programminghistorian/jekyll/commits/gh-pages/_posts/2018-02-20-planning-a-lesson.md failed (status code 429)
_site/posts/premio-hdh-2018.html,791,External link https://github.com/programminghistorian/jekyll/commits/gh-pages/_posts/2019-07-09-premio-hdh-2018.md failed (status code 429)
_site/posts/presentando-al-nuevo-equipo-de-editores-de-contenidos-en-espanol.html,801,External link https://github.com/programminghistorian/jekyll/commits/gh-pages/_posts/2016-08-25-presentando-al-nuevo-equipo-de-editores-de-contenidos-en-espanol.md failed (status code 429)
_site/posts/proghist-trustee-advert.html,830,External link https://github.com/programminghistorian/jekyll/commits/gh-pages/_posts/2022-02-22-proghist-trustee-advert.md failed (status code 429)
_site/posts/programming-historian-community-survey.html,793,External link https://github.com/programminghistorian/jekyll/commits/gh-pages/_posts/2018-04-16-programming-historian-community-survey.md failed (status code 429)
_site/posts/programming-historian-india.html,376,External link https://www.surveymonkey.co.uk/r/DQFBPKF failed (status code 404)
_site/posts/programming-historian-india.html,1318,External link https://github.com/programminghistorian/jekyll/commits/gh-pages/_posts/2018-04-04-programming-historian-india.md failed (status code 429)
_site/posts/programming-historian-live-london.html,294,External link https://www.history.ac.uk/ failed (status code 403)
_site/posts/programming-historian-live-london.html,798,External link https://github.com/programminghistorian/jekyll/commits/gh-pages/_posts/2015-06-02-programming-historian-live-london.md failed (status code 429)
_site/posts/promoting-digital-archives.html,279,External link https://dp.la/info/2016/02/01/color-our-collections/ failed (status code 404)
_site/posts/promoting-digital-archives.html,302,External link https://www.canva.com/ failed (status code 403)
_site/posts/promoting-digital-archives.html,302,External link https://www.colourlovers.com/ failed (status code 403)
_site/posts/promoting-digital-archives.html,813,External link https://github.com/programminghistorian/jekyll/commits/gh-pages/_posts/2016-10-18-promoting-digital-archives.md failed (status code 429)
_site/posts/reintroducing-the-ph-blog.html,801,External link https://github.com/programminghistorian/jekyll/commits/gh-pages/_posts/2016-03-28-reintroducing-the-ph-blog.md failed (status code 429)
_site/posts/retirement-and-sustainability-policies.html,312,External link https://github.com/programminghistorian/jekyll/pull/612 failed (status code 429)
_site/posts/retirement-and-sustainability-policies.html,312,External link https://github.com/programminghistorian/jekyll/issues/536 failed (status code 429)
_site/posts/retirement-and-sustainability-policies.html,818,External link https://github.com/programminghistorian/jekyll/commits/gh-pages/_posts/2018-02-15-retirement-and-sustainability-policies.md failed (status code 429)
_site/posts/riva-quiroga-joshua-ortiz.html,796,External link https://github.com/programminghistorian/jekyll/commits/gh-pages/_posts/2019-03-16-riva-quiroga-joshua-ortiz.md failed (status code 429)
_site/posts/roundup2017a.html,827,External link https://github.com/programminghistorian/jekyll/commits/gh-pages/_posts/2017-06-12-roundup2017a.md failed (status code 429)
_site/posts/september-newsletter.html,301,External link https://novaresearch.unl.pt/files/32228034/Ensinar_Humanidades_Digitais.pdf failed (status code 403)
_site/posts/september-newsletter.html,303,External link https://ach.org/blog/2021/09/13/fall-2021-programming-historian-book-club/ failed (status code 404)
_site/posts/september-newsletter.html,321,External link https://www.fct.pt/apoios/veraocomciencia/index.phtml.pt failed (status code 404)
_site/posts/september-newsletter.html,321,External link https://www.fct.pt/fct.phtml.en failed (status code 404)
_site/posts/september-newsletter.html,1264,External link https://github.com/programminghistorian/jekyll/commits/gh-pages/_posts/2021-09-24-september-newsletter.md failed (status code 429)
_site/posts/sonic-word-clouds.html,797,External link https://github.com/programminghistorian/jekyll/commits/gh-pages/_posts/2017-06-18-sonic-word-clouds.md failed (status code 429)
_site/posts/spanish-editor.html,280,External link https://github.com/programminghistorian/jekyll/issues/246 failed (status code 429)
_site/posts/spanish-editor.html,287,External link https://academic.oup.com/jah/article/103/1/299/1751315 failed (status code 403)
_site/posts/spanish-editor.html,813,External link https://github.com/programminghistorian/jekyll/commits/gh-pages/_posts/2016-07-05-spanish-editor.md failed (status code 429)
_site/posts/subject-specialist-editor.html,299,External link https://academic.oup.com/jah/article/103/1/299/1751315/The-Programming-Historian failed (status code 403)
_site/posts/subject-specialist-editor.html,820,External link https://github.com/programminghistorian/jekyll/commits/gh-pages/_posts/2017-02-03-subject-specialist-editor.md failed (status code 429)
_site/posts/twenty-sixteen-review.html,795,External link https://github.com/programminghistorian/jekyll/commits/gh-pages/_posts/2017-01-29-twenty-sixteen-review.md failed (status code 429)
_site/posts/two-new-PH-editors.html,796,External link https://github.com/programminghistorian/jekyll/commits/gh-pages/_posts/2017-03-30-two-new-PH-editors.md failed (status code 429)
_site/posts/ucl-placement-2021.html,285,External link https://github.com/programminghistorian/jekyll/issues/2072 failed (status code 429)
_site/posts/ucl-placement-2021.html,807,External link https://github.com/programminghistorian/jekyll/commits/gh-pages/_posts/2021-06-26-ucl-placement-2021.md failed (status code 429)
_site/posts/vote-dh-award.html,793,External link https://github.com/programminghistorian/jekyll/commits/gh-pages/_posts/2017-02-22-vote-dh-award.md failed (status code 429)
_site/posts/welcome-martin-grandjean.html,787,External link https://github.com/programminghistorian/jekyll/commits/gh-pages/_posts/2019-09-26-welcome-martin-grandjean.md failed (status code 429)
_site/posts/welcome-mc-boucher.html,789,External link https://github.com/programminghistorian/jekyll/commits/gh-pages/_posts/2020-02-07-welcome-mc-boucher.md failed (status code 429)
_site/posts/welcome-ph-fr.html,283,External link https://github.com/programminghistorian/jekyll/issues/850 failed (status code 429)
_site/posts/welcome-ph-fr.html,283,External link https://github.com/programminghistorian/ph-submissions/issues?q=is:issue+is:open+label:French failed (status code 429)
_site/posts/welcome-ph-fr.html,285,External link https://dsharp.library.cmu.edu/ failed with something very wrong.
_site/posts/welcome-ph-fr.html,285,External link https://github.com/mdlincoln failed (status code 429)
_site/posts/welcome-ph-fr.html,289,External link https://archives.mundaneum.org/fr/versions-digitalisees/schema-de-paul-otlet-documentation-et-telecommunication failed with something very wrong.
_site/posts/welcome-ph-fr.html,793,External link https://github.com/programminghistorian/jekyll/commits/gh-pages/_posts/2019-04-08-welcome-ph-fr.md failed (status code 429)
_site/posts/welcome-to-ph2.html,289,External link https://niche-canada.org/programming-historian failed (status code 404)
_site/posts/welcome-to-ph2.html,830,External link https://github.com/programminghistorian/jekyll/commits/gh-pages/_posts/2012-06-27-welcome-to-ph2.md failed (status code 429)
_site/posts/welcome-zoe-leblanc.html,795,External link https://github.com/programminghistorian/jekyll/commits/gh-pages/_posts/2018-11-09-welcome-zoe-leblanc.md failed (status code 429)
_site/pt/apoiadores.html,282,External link https://www.sas.ac.uk/ failed (status code 403)
_site/pt/apoiadores.html,294,External link https://www.tilburguniversity.edu/ failed (status code 403)
_site/pt/apoiadores.html,306,External link https://www.history.ac.uk/library-digital failed (status code 403)
_site/pt/apoiadores.html,336,"External link https://www.sussex.ac.uk/collaborate/business/public-funds#:~:text=Impact%20accelerator%20funds,-From%20law%20to&text=The%20ESRC%20and%20AHRC%20Impact,businesses%20through%20to%20large%20companies failed: https://www.sussex.ac.uk/collaborate/business/public-funds exists, but the hash ':~:text=Impact%20accelerator%20funds,-From%20law%20to&text=The%20ESRC%20and%20AHRC%20Impact,businesses%20through%20to%20large%20companies' does not (status code 200)"
_site/pt/apoiadores.html,337,External link https://www.thebritishacademy.ac.uk/projects/writing-workshops-2018-digital-humanities/ failed (status code 403)
_site/pt/apoiadores.html,447,External link https://github.com/programminghistorian/jekyll/commits/gh-pages/pt/apoiadores.md failed (status code 429)
_site/pt/contribua.html,292,External link https://www.worldcat.org/title/programming-historian/oclc/951537099 failed (status code 403)
_site/pt/contribua.html,292,External link https://www.worldcat.org/title/programming-historian-en-espanol/oclc/1061292935&referer=brief_results failed (status code 403)
_site/pt/contribua.html,357,External link https://github.com/programminghistorian/jekyll/commits/gh-pages/pt/contribua.md failed (status code 429)
_site/pt/directrizes-autor.html,267,"External link https://docs.google.com/spreadsheets/d/1vrvZTygZLfQRoQildD667Xcgzhf_reQC8Nq4OD-BRIA/edit#gid=0 failed: https://docs.google.com/spreadsheets/d/1vrvZTygZLfQRoQildD667Xcgzhf_reQC8Nq4OD-BRIA/edit exists, but the hash 'gid=0' does not (status code 200)"
_site/pt/directrizes-autor.html,267,External link https://github.com/programminghistorian/ph-submissions/tree/gh-pages/pt/esbocos failed (status code 429)
_site/pt/directrizes-autor.html,292,External link https://github.com/programminghistorian/jekyll/wiki/Achieving-Sustainability-Agreed-terminology-PH-em-portugu%C3%AAs failed (status code 429)
_site/pt/directrizes-autor.html,677,External link https://github.com/programminghistorian/jekyll/commits/gh-pages/pt/directrizes-autor.md failed (status code 429)
_site/pt/directrizes-editor.html,335,External link https://github.com/programminghistorian/ph-submissions/tree/gh-pages/pt failed (status code 429)
_site/pt/directrizes-editor.html,492,"External link https://zenodo.org/record/49873#.V0lazGaGa7o failed: https://zenodo.org/record/49873 exists, but the hash '.V0lazGaGa7o' does not (status code 200)"
_site/pt/directrizes-editor.html,618,"External link https://docs.google.com/spreadsheets/d/1o-C-3WwfcEYWipIFb112tkuM-XOI8pVVpA9_sag9Ph8/edit#gid=1625380994 failed: https://docs.google.com/spreadsheets/d/1o-C-3WwfcEYWipIFb112tkuM-XOI8pVVpA9_sag9Ph8/edit exists, but the hash 'gid=1625380994' does not (status code 200)"
_site/pt/directrizes-editor.html,791,External link https://github.com/programminghistorian/jekyll/commits/gh-pages/pt/directrizes-editor.md failed (status code 429)
_site/pt/directrizes-revisor.html,412,External link https://github.com/programminghistorian/jekyll/commits/gh-pages/pt/directrizes-revisor.md failed (status code 429)
_site/pt/directrizes-tradutor.html,270,External link https://github.com/programminghistorian/jekyll/wiki/Achieving-Sustainability-Agreed-terminology-PH-em-portugu%C3%AAs failed (status code 429)
_site/pt/directrizes-tradutor.html,368,External link https://github.com/programminghistorian/jekyll/commits/gh-pages/pt/directrizes-tradutor.md failed (status code 429)
_site/pt/doacoes.html,265,External link https://www.patreon.com/join/theprogramminghistorian failed (status code 403)
_site/pt/doacoes.html,274,External link https://www.paypal.com/cgi-bin/webscr?cmd=_s-xclick&hosted_button_id=7BGHUZRVS4LYL&source=url failed (status code 403)
_site/pt/doacoes.html,332,External link https://github.com/programminghistorian/jekyll/commits/gh-pages/pt/doacoes.md failed (status code 429)
_site/pt/equipe.html,1272,External link https://www.nabeelsiddiqui.net/ failed with something very wrong.
_site/pt/equipe.html,2059,External link https://www.mariajoseafanador.com failed with something very wrong.
_site/pt/equipe.html,10051,External link https://github.com/programminghistorian/jekyll/commits/gh-pages/pt/equipe.md failed (status code 429)
_site/pt/eventos.html,306,External link https://github.com/programminghistorian/jekyll/commits/gh-pages/pt/eventos.md failed (status code 429)
_site/pt/index.html,338,External link https://github.com/programminghistorian/jekyll/commits/gh-pages/pt/index.md failed (status code 429)
_site/pt/jisc-tna-parceria.html,346,External link https://github.com/programminghistorian/jekyll/commits/gh-pages/pt/jisc-tna-parceria.md failed (status code 429)
_site/pt/licoes-politica-remocao.html,367,External link https://github.com/programminghistorian/jekyll/commits/gh-pages/pt/licoes-politica-remocao.md failed (status code 429)
_site/pt/licoes/HTML-lista-palavras-1.html,339,External link https://github.com/programminghistorian/ph-submissions/issues/442 failed (status code 429)
_site/pt/licoes/HTML-lista-palavras-1.html,1658,External link https://github.com/programminghistorian/jekyll/commits/gh-pages/pt/licoes/HTML-lista-palavras-1.md failed (status code 429)
_site/pt/licoes/HTML-lista-palavras-2.html,339,External link https://github.com/programminghistorian/ph-submissions/issues/443 failed (status code 429)
_site/pt/licoes/HTML-lista-palavras-2.html,1762,External link https://github.com/programminghistorian/jekyll/commits/gh-pages/pt/licoes/HTML-lista-palavras-2.md failed (status code 429)
_site/pt/licoes/algoritmos-agrupamento-scikit-learn-python.html,353,External link https://github.com/programminghistorian/ph-submissions/issues/578 failed (status code 429)
_site/pt/licoes/algoritmos-agrupamento-scikit-learn-python.html,2703,External link https://github.com/programminghistorian/jekyll/commits/gh-pages/pt/licoes/algoritmos-agrupamento-scikit-learn-python.md failed (status code 429)
_site/pt/licoes/analise-correspondencia-pesquisa-historica-R.html,353,External link https://github.com/programminghistorian/ph-submissions/issues/422 failed (status code 429)
_site/pt/licoes/analise-correspondencia-pesquisa-historica-R.html,703,External link https://factominer.free.fr/ failed: got a time out (response code 0) (status code 0)
_site/pt/licoes/analise-correspondencia-pesquisa-historica-R.html,1719,External link https://github.com/programminghistorian/jekyll/commits/gh-pages/pt/licoes/analise-correspondencia-pesquisa-historica-R.md failed (status code 429)
_site/pt/licoes/analise-sentimento-R-syuzhet.html,337,External link https://github.com/programminghistorian/ph-submissions/issues/467 failed (status code 429)
_site/pt/licoes/analise-sentimento-R-syuzhet.html,1608,External link https://github.com/programminghistorian/jekyll/commits/gh-pages/pt/licoes/analise-sentimento-R-syuzhet.md failed (status code 429)
_site/pt/licoes/analise-sentimento-exploracao-dados.html,337,External link https://github.com/programminghistorian/ph-submissions/issues/375 failed (status code 429)
_site/pt/licoes/analise-sentimento-exploracao-dados.html,1488,External link https://github.com/programminghistorian/jekyll/commits/gh-pages/pt/licoes/analise-sentimento-exploracao-dados.md failed (status code 429)
_site/pt/licoes/aplicacao-web-interativa-r-shiny-leaflet.html,337,External link https://github.com/programminghistorian/ph-submissions/issues/513 failed (status code 429)
_site/pt/licoes/aplicacao-web-interativa-r-shiny-leaflet.html,1690,External link https://github.com/programminghistorian/jekyll/commits/gh-pages/pt/licoes/aplicacao-web-interativa-r-shiny-leaflet.md failed (status code 429)
_site/pt/licoes/autoria-sustentavel-texto-simples-pandoc-markdown.html,616,External link https://github.com/dh-notes/pandoc-workflow/blob/master/pandoctut.bib failed (status code 429)
_site/pt/licoes/autoria-sustentavel-texto-simples-pandoc-markdown.html,866,"External link https://groups.google.com/forum/#!forum/pandoc-discuss failed: https://groups.google.com/forum/ exists, but the hash '!forum/pandoc-discuss' does not (status code 200)"
_site/pt/licoes/autoria-sustentavel-texto-simples-pandoc-markdown.html,868,External link https://www.draftin.com/ failed with something very wrong.
_site/pt/licoes/autoria-sustentavel-texto-simples-pandoc-markdown.html,868,External link https://www.authorea.com/ failed (status code 403)
_site/pt/licoes/autoria-sustentavel-texto-simples-pandoc-markdown.html,881,External link https://github.com/dh-notes/pandoc-workflow failed (status code 429)
_site/pt/licoes/autoria-sustentavel-texto-simples-pandoc-markdown.html,896,External link https://github.com/programminghistorian/jekyll/issues/46#issue-45559983 failed (status code 429)
_site/pt/licoes/autoria-sustentavel-texto-simples-pandoc-markdown.html,1883,External link https://github.com/programminghistorian/jekyll/commits/gh-pages/pt/licoes/autoria-sustentavel-texto-simples-pandoc-markdown.md failed (status code 429)
_site/pt/licoes/camadas-vetoriais-qgis.html,341,External link https://github.com/programminghistorian/ph-submissions/issues/365 failed (status code 429)
_site/pt/licoes/camadas-vetoriais-qgis.html,659,External link https://lib.uwaterloo.ca/locations/umd/digital/clump_classes.html failed (status code 404)
_site/pt/licoes/camadas-vetoriais-qgis.html,2512,External link https://github.com/programminghistorian/jekyll/commits/gh-pages/pt/licoes/camadas-vetoriais-qgis.md failed (status code 429)
_site/pt/licoes/contagem-mineracao-dados-investigacao-unix.html,339,External link https://github.com/programminghistorian/ph-submissions/issues/440 failed (status code 429)
_site/pt/licoes/contagem-mineracao-dados-investigacao-unix.html,554,External link https://github.com/git-for-windows/git/wiki/Technical-overview failed (status code 429)
_site/pt/licoes/contagem-mineracao-dados-investigacao-unix.html,558,External link https://www.worldcat.org/title/unix-and-linux/oclc/308171076&referer=brief_results failed (status code 403)
_site/pt/licoes/contagem-mineracao-dados-investigacao-unix.html,1631,External link https://github.com/programminghistorian/jekyll/commits/gh-pages/pt/licoes/contagem-mineracao-dados-investigacao-unix.md failed (status code 429)
_site/pt/licoes/contar-frequencias-palavras-python.html,339,External link https://github.com/programminghistorian/ph-submissions/issues/461 failed (status code 429)
_site/pt/licoes/contar-frequencias-palavras-python.html,1846,External link https://github.com/programminghistorian/jekyll/commits/gh-pages/pt/licoes/contar-frequencias-palavras-python.md failed (status code 429)
_site/pt/licoes/criacao-visualizacao-ficheiros-html-python.html,339,External link https://github.com/programminghistorian/ph-submissions/issues/462 failed (status code 429)
_site/pt/licoes/criacao-visualizacao-ficheiros-html-python.html,1651,External link https://github.com/programminghistorian/jekyll/commits/gh-pages/pt/licoes/criacao-visualizacao-ficheiros-html-python.md failed (status code 429)
_site/pt/licoes/criar-exposicao-omeka.html,339,External link https://github.com/programminghistorian/ph-submissions/issues/378 failed (status code 429)
_site/pt/licoes/criar-exposicao-omeka.html,1617,External link https://github.com/programminghistorian/jekyll/commits/gh-pages/pt/licoes/criar-exposicao-omeka.md failed (status code 429)
_site/pt/licoes/download-automatico-wget.html,337,External link https://github.com/programminghistorian/ph-submissions/issues/562 failed (status code 429)
_site/pt/licoes/download-automatico-wget.html,1372,External link https://github.com/programminghistorian/jekyll/commits/gh-pages/pt/licoes/download-automatico-wget.md failed (status code 429)
_site/pt/licoes/download-multiplos-registros-query-strings.html,337,External link https://github.com/programminghistorian/ph-submissions/issues/465 failed (status code 429)
_site/pt/licoes/download-multiplos-registros-query-strings.html,1842,External link https://github.com/programminghistorian/jekyll/commits/gh-pages/pt/licoes/download-multiplos-registros-query-strings.md failed (status code 429)
_site/pt/licoes/download-paginas-web-python.html,339,External link https://github.com/programminghistorian/ph-submissions/issues/360 failed (status code 429)
_site/pt/licoes/download-paginas-web-python.html,1680,External link https://github.com/programminghistorian/jekyll/commits/gh-pages/pt/licoes/download-paginas-web-python.md failed (status code 429)
_site/pt/licoes/explorar-analisar-dados-rede-python.html,343,External link https://github.com/programminghistorian/ph-submissions/issues/446 failed (status code 429)
_site/pt/licoes/explorar-analisar-dados-rede-python.html,621,External link https://www.sixdegreesoffrancisbacon.com failed with something very wrong.
_site/pt/licoes/explorar-analisar-dados-rede-python.html,897,External link https://sixdegreesoffrancisbacon.com/ failed with something very wrong.
_site/pt/licoes/explorar-analisar-dados-rede-python.html,3019,External link https://github.com/programminghistorian/jekyll/commits/gh-pages/pt/licoes/explorar-analisar-dados-rede-python.md failed (status code 429)
_site/pt/licoes/extrair-paginas-ilustradas-com-python.html,337,External link https://github.com/programminghistorian/ph-submissions/issues/447 failed (status code 429)
_site/pt/licoes/extrair-paginas-ilustradas-com-python.html,584,External link https://babel.hathitrust.org/cgi/pt?id=osu.32435078698222%3Bview=thumb%3Bseq=1 failed (status code 403)
_site/pt/licoes/extrair-paginas-ilustradas-com-python.html,717,External link https://anaconda.org/ failed (status code 403)
_site/pt/licoes/extrair-paginas-ilustradas-com-python.html,787,External link https://babel.hathitrust.org/cgi/kgs/request failed (status code 403)
_site/pt/licoes/extrair-paginas-ilustradas-com-python.html,808,External link https://babel.hathitrust.org/cgi/mb?colltype=updated failed (status code 403)
_site/pt/licoes/extrair-paginas-ilustradas-com-python.html,1619,External link https://github.com/programminghistorian/jekyll/commits/gh-pages/pt/licoes/extrair-paginas-ilustradas-com-python.md failed (status code 429)
_site/pt/licoes/extrair-palavras-chave.html,337,External link https://github.com/programminghistorian/ph-submissions/issues/516 failed (status code 429)
_site/pt/licoes/extrair-palavras-chave.html,1712,External link https://github.com/programminghistorian/jekyll/commits/gh-pages/pt/licoes/extrair-palavras-chave.md failed (status code 429)
_site/pt/licoes/geocodificando-qgis.html,337,External link https://github.com/programminghistorian/ph-submissions/issues/565 failed (status code 429)
_site/pt/licoes/geocodificando-qgis.html,770,External link https://epns.nottingham.ac.uk/browse failed (status code 404)
_site/pt/licoes/geocodificando-qgis.html,1557,External link https://github.com/programminghistorian/jekyll/commits/gh-pages/pt/licoes/geocodificando-qgis.md failed (status code 429)
_site/pt/licoes/georreferenciamento-qgis.html,341,External link https://github.com/programminghistorian/ph-submissions/issues/434 failed (status code 429)
_site/pt/licoes/georreferenciamento-qgis.html,2495,External link https://github.com/programminghistorian/jekyll/commits/gh-pages/pt/licoes/georreferenciamento-qgis.md failed (status code 429)
_site/pt/licoes/git-ferramenta-metodologica-projetos-historia-1.html,333,External link https://github.com/programminghistorian/ph-submissions/issues/577 failed (status code 429)
_site/pt/licoes/git-ferramenta-metodologica-projetos-historia-1.html,625,External link https://www.canva.com/ failed (status code 403)
_site/pt/licoes/git-ferramenta-metodologica-projetos-historia-1.html,987,External link https://www.canva.com/ failed (status code 403)
_site/pt/licoes/git-ferramenta-metodologica-projetos-historia-1.html,1121,External link https://www.canva.com/ failed (status code 403)
_site/pt/licoes/git-ferramenta-metodologica-projetos-historia-1.html,1448,External link https://doi.org/10.1080/00031305.2017.1399928 failed (status code 403)
_site/pt/licoes/git-ferramenta-metodologica-projetos-historia-1.html,2032,External link https://github.com/programminghistorian/jekyll/commits/gh-pages/pt/licoes/git-ferramenta-metodologica-projetos-historia-1.md failed (status code 429)
_site/pt/licoes/index.html,2408,External link https://github.com/programminghistorian/jekyll/commits/gh-pages/pt/licoes.md failed (status code 429)
_site/pt/licoes/instalacao-linux.html,339,External link https://github.com/programminghistorian/ph-submissions/issues/323 failed (status code 429)
_site/pt/licoes/instalacao-linux.html,1663,External link https://github.com/programminghistorian/jekyll/commits/gh-pages/pt/licoes/instalacao-linux.md failed (status code 429)
_site/pt/licoes/instalacao-mac.html,339,External link https://github.com/programminghistorian/ph-submissions/issues/323 failed (status code 429)
_site/pt/licoes/instalacao-mac.html,1639,External link https://github.com/programminghistorian/jekyll/commits/gh-pages/pt/licoes/instalacao-mac.md failed (status code 429)
_site/pt/licoes/instalacao-modulos-python-pip.html,337,External link https://github.com/programminghistorian/ph-submissions/issues/441 failed (status code 429)
_site/pt/licoes/instalacao-modulos-python-pip.html,1147,External link https://github.com/programminghistorian/jekyll/commits/gh-pages/pt/licoes/instalacao-modulos-python-pip.md failed (status code 429)
_site/pt/licoes/instalacao-windows.html,339,External link https://github.com/programminghistorian/ph-submissions/issues/323 failed (status code 429)
_site/pt/licoes/instalacao-windows.html,1738,External link https://github.com/programminghistorian/jekyll/commits/gh-pages/pt/licoes/instalacao-windows.md failed (status code 429)
_site/pt/licoes/introducao-ao-markdown.html,337,External link https://github.com/programminghistorian/ph-submissions/issues/363 failed (status code 429)
_site/pt/licoes/introducao-ao-markdown.html,1422,External link https://github.com/programminghistorian/jekyll/commits/gh-pages/pt/licoes/introducao-ao-markdown.md failed (status code 429)
_site/pt/licoes/introducao-codificacao-textos-tei-1.html,337,External link https://github.com/programminghistorian/ph-submissions/issues/470 failed (status code 429)
_site/pt/licoes/introducao-codificacao-textos-tei-1.html,559,External link https://github.com/microsoft/vscode failed (status code 429)
_site/pt/licoes/introducao-codificacao-textos-tei-1.html,667,External link https://github.com/rogalmic/vscode-xml-complete failed (status code 429)
_site/pt/licoes/introducao-codificacao-textos-tei-1.html,1587,External link https://github.com/programminghistorian/jekyll/commits/gh-pages/pt/licoes/introducao-codificacao-textos-tei-1.md failed (status code 429)
_site/pt/licoes/introducao-dados-abertos-conectados.html,337,External link https://github.com/programminghistorian/ph-submissions/issues/428 failed (status code 429)
_site/pt/licoes/introducao-dados-abertos-conectados.html,575,External link https://linkeddatacatalog.dws.informatik.uni-mannheim.de/state/ failed with something very wrong.
_site/pt/licoes/introducao-dados-abertos-conectados.html,717,"External link https://gtr.ukri.org/projects?ref=AH/N003446/1#/tabOverview failed: https://gtr.ukri.org/projects?ref=AH/N003446/1 exists, but the hash '/tabOverview' does not (status code 200)"
_site/pt/licoes/introducao-dados-abertos-conectados.html,750,External link https://semanticweb.org/wiki/Main_Page.html failed: got a time out (response code 0) (status code 0)
_site/pt/licoes/introducao-dados-abertos-conectados.html,905,External link https://www.history.ac.uk/research/digital-history failed (status code 403)
_site/pt/licoes/introducao-dados-abertos-conectados.html,905,"External link https://pt.wikipedia.org/wiki/%C3%81rvore_(estrutura_de_dados)#Terminologia failed: https://pt.wikipedia.org/wiki/%C3%81rvore_(estrutura_de_dados) exists, but the hash 'Terminologia' does not (status code 200)"
_site/pt/licoes/introducao-dados-abertos-conectados.html,1081,External link https://linkeddata.org/guides-and-tutorials failed with something very wrong.
_site/pt/licoes/introducao-dados-abertos-conectados.html,1083,External link https://linkeddatacatalog.dws.informatik.uni-mannheim.de/state/ failed with something very wrong.
_site/pt/licoes/introducao-dados-abertos-conectados.html,1089,"External link https://gtr.ukri.org/projects?ref=AH/N003446/1#/tabOverview failed: https://gtr.ukri.org/projects?ref=AH/N003446/1 exists, but the hash '/tabOverview' does not (status code 200)"
_site/pt/licoes/introducao-dados-abertos-conectados.html,1636,External link https://github.com/programminghistorian/jekyll/commits/gh-pages/pt/licoes/introducao-dados-abertos-conectados.md failed (status code 429)
_site/pt/licoes/introducao-estilometria-python.html,337,External link https://github.com/programminghistorian/ph-submissions/issues/445 failed (status code 429)
_site/pt/licoes/introducao-estilometria-python.html,1437,External link https://doi.org/10.1002/asi.21001 failed (status code 403)
_site/pt/licoes/introducao-estilometria-python.html,1440,External link https://doi.org/10.1093/llc/fqx017 failed (status code 403)
_site/pt/licoes/introducao-estilometria-python.html,1440,External link https://doi.org/10.1093/llc/fqv023 failed (status code 403)
_site/pt/licoes/introducao-estilometria-python.html,1479,External link https://doi.org/10.1093/llc/fqi067 failed (status code 403)
_site/pt/licoes/introducao-estilometria-python.html,1488,External link https://doi.org/10.1002/asi.22954 failed (status code 403)
_site/pt/licoes/introducao-estilometria-python.html,1500,External link https://doi.org/10.1002/asi.v60:1 failed (status code 403)
_site/pt/licoes/introducao-estilometria-python.html,2060,External link https://github.com/programminghistorian/jekyll/commits/gh-pages/pt/licoes/introducao-estilometria-python.md failed (status code 429)
_site/pt/licoes/introducao-instalacao-python.html,339,External link https://github.com/programminghistorian/ph-submissions/issues/323 failed (status code 429)
_site/pt/licoes/introducao-instalacao-python.html,1556,External link https://github.com/programminghistorian/jekyll/commits/gh-pages/pt/licoes/introducao-instalacao-python.md failed (status code 429)
_site/pt/licoes/introducao-jupyter-notebooks.html,341,External link https://github.com/programminghistorian/ph-submissions/issues/431 failed (status code 429)
_site/pt/licoes/introducao-jupyter-notebooks.html,2439,External link https://github.com/programminghistorian/jekyll/commits/gh-pages/pt/licoes/introducao-jupyter-notebooks.md failed (status code 429)
_site/pt/licoes/introducao-linha-comando-bash.html,339,External link https://github.com/programminghistorian/ph-submissions/issues/573 failed (status code 429)
_site/pt/licoes/introducao-linha-comando-bash.html,2070,External link https://github.com/programminghistorian/jekyll/commits/gh-pages/pt/licoes/introducao-linha-comando-bash.md failed (status code 429)
_site/pt/licoes/introducao-mysql-r.html,337,External link https://github.com/programminghistorian/ph-submissions/issues/439 failed (status code 429)
_site/pt/licoes/introducao-mysql-r.html,660,"External link https://www.rstudio.com/products/rstudio/#Desktop failed: https://www.rstudio.com/products/rstudio/ exists, but the hash 'Desktop' does not (status code 200)"
_site/pt/licoes/introducao-mysql-r.html,2396,External link https://github.com/programminghistorian/jekyll/commits/gh-pages/pt/licoes/introducao-mysql-r.md failed (status code 429)
_site/pt/licoes/introducao-omeka-net.html,337,External link https://github.com/programminghistorian/ph-submissions/issues/379 failed (status code 429)
_site/pt/licoes/introducao-omeka-net.html,1526,External link https://github.com/programminghistorian/jekyll/commits/gh-pages/pt/licoes/introducao-omeka-net.md failed (status code 429)
_site/pt/licoes/investigar-literatura-lusofona-literateca.html,333,External link https://github.com/programminghistorian/ph-submissions/issues/599 failed (status code 429)
_site/pt/licoes/investigar-literatura-lusofona-literateca.html,1617,External link https://github.com/programminghistorian/jekyll/commits/gh-pages/pt/licoes/investigar-literatura-lusofona-literateca.md failed (status code 429)
_site/pt/licoes/limpar-dados-openrefine.html,341,External link https://github.com/programminghistorian/ph-submissions/issues/427 failed (status code 429)
_site/pt/licoes/limpar-dados-openrefine.html,2133,External link https://github.com/programminghistorian/jekyll/commits/gh-pages/pt/licoes/limpar-dados-openrefine.md failed (status code 429)
_site/pt/licoes/manipulacao-transformacao-dados-r.html,337,External link https://github.com/programminghistorian/ph-submissions/issues/397 failed (status code 429)
_site/pt/licoes/manipulacao-transformacao-dados-r.html,1018,External link https://www.ggplot2.org failed with something very wrong.
_site/pt/licoes/manipulacao-transformacao-dados-r.html,1575,External link https://github.com/programminghistorian/jekyll/commits/gh-pages/pt/licoes/manipulacao-transformacao-dados-r.md failed (status code 429)
_site/pt/licoes/manipular-strings-python.html,339,External link https://github.com/programminghistorian/ph-submissions/issues/403 failed (status code 429)
_site/pt/licoes/manipular-strings-python.html,1719,External link https://github.com/programminghistorian/jekyll/commits/gh-pages/pt/licoes/manipular-strings-python.md failed (status code 429)
_site/pt/licoes/nocoes-basicas-R-dados-tabulares.html,337,External link https://github.com/programminghistorian/ph-submissions/issues/398 failed (status code 429)
_site/pt/licoes/nocoes-basicas-R-dados-tabulares.html,1050,External link https://www.datacamp.com/courses/free-introduction-to-r failed (status code 403)
_site/pt/licoes/nocoes-basicas-R-dados-tabulares.html,1614,External link https://github.com/programminghistorian/jekyll/commits/gh-pages/pt/licoes/nocoes-basicas-R-dados-tabulares.md failed (status code 429)
_site/pt/licoes/nocoes-basicas-paginas-web-html.html,339,External link https://github.com/programminghistorian/ph-submissions/issues/318 failed (status code 429)
_site/pt/licoes/nocoes-basicas-paginas-web-html.html,1623,External link https://github.com/programminghistorian/jekyll/commits/gh-pages/pt/licoes/nocoes-basicas-paginas-web-html.md failed (status code 429)
_site/pt/licoes/normalizacao-dados-textuais-python.html,339,External link https://github.com/programminghistorian/ph-submissions/issues/460 failed (status code 429)
_site/pt/licoes/normalizacao-dados-textuais-python.html,1644,External link https://github.com/programminghistorian/jekyll/commits/gh-pages/pt/licoes/normalizacao-dados-textuais-python.md failed (status code 429)
_site/pt/licoes/palavras-chave-contexto-usando-n-grams-python.html,339,External link https://github.com/programminghistorian/ph-submissions/issues/464 failed (status code 429)
_site/pt/licoes/palavras-chave-contexto-usando-n-grams-python.html,1652,External link https://github.com/programminghistorian/jekyll/commits/gh-pages/pt/licoes/palavras-chave-contexto-usando-n-grams-python.md failed (status code 429)
_site/pt/licoes/preservar-os-seus-dados-de-investigacao.html,337,External link https://github.com/programminghistorian/ph-submissions/issues/319 failed (status code 429)
_site/pt/licoes/preservar-os-seus-dados-de-investigacao.html,1514,External link https://github.com/programminghistorian/jekyll/commits/gh-pages/pt/licoes/preservar-os-seus-dados-de-investigacao.md failed (status code 429)
_site/pt/licoes/processamento-basico-texto-r.html,339,External link https://github.com/programminghistorian/ph-submissions/issues/381 failed (status code 429)
_site/pt/licoes/processamento-basico-texto-r.html,562,"External link https://www.rstudio.com/products/rstudio/#Desktop failed: https://www.rstudio.com/products/rstudio/ exists, but the hash 'Desktop' does not (status code 200)"
_site/pt/licoes/processamento-basico-texto-r.html,2400,External link https://github.com/programminghistorian/jekyll/commits/gh-pages/pt/licoes/processamento-basico-texto-r.md failed (status code 429)
_site/pt/licoes/qgis-camadas.html,341,External link https://github.com/programminghistorian/ph-submissions/issues/566 failed (status code 429)
_site/pt/licoes/qgis-camadas.html,2729,External link https://github.com/programminghistorian/jekyll/commits/gh-pages/pt/licoes/qgis-camadas.md failed (status code 429)
_site/pt/licoes/reutilizacao-codigo-modularidade-python.html,339,External link https://github.com/programminghistorian/ph-submissions/issues/406 failed (status code 429)
_site/pt/licoes/reutilizacao-codigo-modularidade-python.html,602,External link https://users.astro.ufl.edu/~warner/prog/python.html failed with something very wrong.
_site/pt/licoes/reutilizacao-codigo-modularidade-python.html,1588,External link https://github.com/programminghistorian/jekyll/commits/gh-pages/pt/licoes/reutilizacao-codigo-modularidade-python.md failed (status code 429)
_site/pt/licoes/saida-dados-ficheiro-html-python.html,339,External link https://github.com/programminghistorian/ph-submissions/issues/463 failed (status code 429)
_site/pt/licoes/saida-dados-ficheiro-html-python.html,1711,External link https://github.com/programminghistorian/jekyll/commits/gh-pages/pt/licoes/saida-dados-ficheiro-html-python.md failed (status code 429)
_site/pt/licoes/som-dados-sonificacao-historiadores.html,337,External link https://github.com/programminghistorian/ph-submissions/issues/429 failed (status code 429)
_site/pt/licoes/som-dados-sonificacao-historiadores.html,564,External link https://blog.taracopplestone.co.uk/making-things-photobashing-as-archaeological-remediation/ failed with something very wrong.
_site/pt/licoes/som-dados-sonificacao-historiadores.html,591,External link https://www.researchgate.net/publication/282504359_Listen_to_the_Sound_of_Data failed (status code 403)
_site/pt/licoes/som-dados-sonificacao-historiadores.html,593,External link https://www.researchgate.net/publication/282504359_Listen_to_the_Sound_of_Data failed (status code 403)
_site/pt/licoes/som-dados-sonificacao-historiadores.html,672,External link https://www.lynda.com/GarageBand-tutorials/Importing-audio-tracks/156620/164050-4.html failed (status code 404)
_site/pt/licoes/som-dados-sonificacao-historiadores.html,882,External link https://www.electronics.dit.ie/staff/tscarff/Music_technology/midi/midi_note_numbers_for_octaves.html failed with something very wrong.
_site/pt/licoes/som-dados-sonificacao-historiadores.html,1045,External link https://puffin.creighton.edu/jesuit/relations/ failed with something very wrong.
_site/pt/licoes/som-dados-sonificacao-historiadores.html,1109,External link https://www.lilypond.org/ failed with something very wrong.
_site/pt/licoes/som-dados-sonificacao-historiadores.html,1132,External link https://www.jstor.org/stable/734136 failed (status code 403)
_site/pt/licoes/som-dados-sonificacao-historiadores.html,1136,External link https://motherboard.vice.com/read/the-strange-acoustic-phenomenon-behind-these-wacked-out-versions-of-pop-songs failed with something very wrong.
_site/pt/licoes/som-dados-sonificacao-historiadores.html,1138,External link https://www.researchgate.net/publication/282504359_Listen_to_the_Sound_of_Data failed (status code 403)
_site/pt/licoes/som-dados-sonificacao-historiadores.html,1685,External link https://github.com/programminghistorian/jekyll/commits/gh-pages/pt/licoes/som-dados-sonificacao-historiadores.md failed (status code 429)
_site/pt/licoes/sumarizacao-narrativas-web-python.html,335,External link https://github.com/programminghistorian/ph-submissions/issues/420 failed (status code 429)
_site/pt/licoes/sumarizacao-narrativas-web-python.html,523,External link https://dl.acm.org/doi/10.1145/1145581.1145623 failed (status code 403)
_site/pt/licoes/sumarizacao-narrativas-web-python.html,543,External link https://github.com/arquivo/pwa-technologies/wiki/Arquivo.pt-API failed (status code 429)
_site/pt/licoes/sumarizacao-narrativas-web-python.html,544,External link https://github.com/LIAAD/TemporalSummarizationFramework failed (status code 429)
_site/pt/licoes/sumarizacao-narrativas-web-python.html,555,External link https://arquivo.pt/api failed: got a time out (response code 302) (status code 302)
_site/pt/licoes/sumarizacao-narrativas-web-python.html,559,External link https://github.com/arquivo/ failed (status code 429)
_site/pt/licoes/sumarizacao-narrativas-web-python.html,597,External link https://github.com/arquivo/pwa-technologies/wiki/Arquivo.pt-API failed (status code 429)
_site/pt/licoes/sumarizacao-narrativas-web-python.html,822,External link https://yake.inesctec.pt failed with something very wrong.
_site/pt/licoes/sumarizacao-narrativas-web-python.html,1997,External link https://github.com/programminghistorian/jekyll/commits/gh-pages/pt/licoes/sumarizacao-narrativas-web-python.md failed (status code 429)
_site/pt/licoes/trabalhando-ficheiros-texto-python.html,339,External link https://github.com/programminghistorian/ph-submissions/issues/317 failed (status code 429)
_site/pt/licoes/trabalhando-ficheiros-texto-python.html,1655,External link https://github.com/programminghistorian/jekyll/commits/gh-pages/pt/licoes/trabalhando-ficheiros-texto-python.md failed (status code 429)
_site/pt/licoes/transcricao-automatica-grafias-nao-latinas.html,353,External link https://github.com/programminghistorian/ph-submissions/issues/559 failed (status code 429)
_site/pt/licoes/transcricao-automatica-grafias-nao-latinas.html,2863,External link https://github.com/programminghistorian/jekyll/commits/gh-pages/pt/licoes/transcricao-automatica-grafias-nao-latinas.md failed (status code 429)
_site/pt/licoes/visualizacao-animacao-tabelas-historicas-R.html,337,External link https://github.com/programminghistorian/ph-submissions/issues/468 failed (status code 429)
_site/pt/licoes/visualizacao-animacao-tabelas-historicas-R.html,555,"External link https://www.rstudio.com/products/rstudio/download/#download failed: https://www.rstudio.com/products/rstudio/download/ exists, but the hash 'download' does not (status code 200)"
_site/pt/licoes/visualizacao-animacao-tabelas-historicas-R.html,1514,External link https://github.com/programminghistorian/jekyll/commits/gh-pages/pt/licoes/visualizacao-animacao-tabelas-historicas-R.md failed (status code 429)
_site/pt/licoes/visualizacao-basica-dados-tabulares-r.html,333,External link https://github.com/programminghistorian/ph-submissions/issues/624 failed (status code 429)
_site/pt/licoes/visualizacao-basica-dados-tabulares-r.html,1572,External link https://github.com/programminghistorian/jekyll/commits/gh-pages/pt/licoes/visualizacao-basica-dados-tabulares-r.md failed (status code 429)
_site/pt/pesquisa.html,261,External link https://www.hsozkult.de/webreview/id/rezwww-184 failed (status code 400)
_site/pt/pesquisa.html,263,External link https://jah.oxfordjournals.org/content/103/1/299.2.full failed (status code 403)
_site/pt/pesquisa.html,279,External link https://novaresearch.unl.pt/files/32228034/Ensinar_Humanidades_Digitais.pdf failed (status code 403)
_site/pt/pesquisa.html,282,External link https://www.tandfonline.com/doi/full/10.1080/13555502.2017.1301179 failed (status code 403)
_site/pt/pesquisa.html,283,External link https://www.herts.ac.uk/__data/assets/pdf_file/0016/138013/Blip-2016-Autumn-2016-Final-Autumn-2016.pdf failed (status code 403)
_site/pt/pesquisa.html,293,"External link https://zenodo.org/record/3813763#.XvoVqShKhPY failed: https://zenodo.org/record/3813763 exists, but the hash '.XvoVqShKhPY' does not (status code 200)"
_site/pt/pesquisa.html,325,External link https://www.history.ac.uk/our-century/centenary-events/training-teacher-giving-your-first-digital-history-workshop failed (status code 403)
_site/pt/pesquisa.html,358,External link https://www.caurj.gov.br/seminario-solare-reune-desenvolvedores-internacionais-de-software-livre-para-arquitetura-e-urbanismo/ failed (status code 403)
_site/pt/pesquisa.html,365,External link https://www.jisc.ac.uk/events/digifest-2023/programme failed (status code 404)
_site/pt/pesquisa.html,371,External link https://dcdcconference.com/ failed with something very wrong.
_site/pt/pesquisa.html,372,External link https://www.meshs.fr/page/dhnord2022_session5 failed: Not Found (status code 404)
_site/pt/pesquisa.html,372,External link https://www.meshs.fr/page/dhnord2022.5 failed: Not Found (status code 404)
_site/pt/pesquisa.html,382,External link https://openpublishingfest.org/calendar.html#event-69/ failed: got a time out (response code 0) (status code 0)
_site/pt/pesquisa.html,386,External link https://2021.dhbenelux.org/schedule/ failed with something very wrong.
_site/pt/pesquisa.html,388,"External link https://msuglobaldh.org/abstracts/#programming-historian failed: https://msuglobaldh.org/abstracts/ exists, but the hash 'programming-historian' does not (status code 200)"
_site/pt/pesquisa.html,420,External link https://fredgibbs.net/posts/reflections-former-PH-editor failed (status code 404)
_site/pt/pesquisa.html,487,External link https://github.com/programminghistorian/jekyll/commits/gh-pages/pt/pesquisa.md failed (status code 429)
_site/pt/politica-de-privacidade.html,357,External link https://github.com/programminghistorian/jekyll/commits/gh-pages/pt/politica-de-privacidade.md failed (status code 429)
_site/pt/ppi.html,271,External link https://www.oecd.org/en/topics/sub-issues/oda-eligibility-and-conditions/dac-list-of-oda-recipients.html failed (status code 403)
_site/pt/ppi.html,430,External link https://github.com/programminghistorian/jekyll/commits/gh-pages/pt/ppi.md failed (status code 429)
_site/pt/reportar-um-erro.html,256,External link https://github.com/orgs/programminghistorian/projects/6 failed (status code 429)
_site/pt/reportar-um-erro.html,343,External link https://github.com/programminghistorian/jekyll/commits/gh-pages/pt/reportar-um-erro.md failed (status code 429)
_site/pt/sobre.html,266,External link https://dhawards.org/dhawards2022/results/ failed with something very wrong.
_site/pt/sobre.html,266,External link https://dhawards.org/dhawards2016/results/ failed with something very wrong.
_site/pt/sobre.html,334,External link https://github.com/programminghistorian/jekyll/commits/gh-pages/pt/sobre.md failed (status code 429)
_site/pt/vagas.html,302,External link https://github.com/programminghistorian/jekyll/commits/gh-pages/pt/vagas.md failed (status code 429)
_site/translation-concordance.html,5651,External link https://github.com/programminghistorian/jekyll/commits/gh-pages/translation-concordance.md failed (status code 429)
_site/troubleshooting.html,392,External link https://www.diveintopython.net failed (status code 403)
_site/troubleshooting.html,462,External link https://github.com/programminghistorian/jekyll/commits/gh-pages/troubleshooting.md failed (status code 429)
_site/assets/from-html-to-list-of-words-1/obo-t17800628-33.html,20,"internally linking to css/screen.css, which does not exist"
_site/assets/from-html-to-list-of-words-1/obo-t17800628-33.html,21,"internally linking to a.css, which does not exist"
_site/assets/from-html-to-list-of-words-1/obo-t17800628-33.html,25,"internally linking to css/print.css, which does not exist"
_site/assets/from-html-to-list-of-words-1/obo-t17800628-33.html,61,"internally linking to index.jsp, which does not exist"
_site/assets/from-html-to-list-of-words-1/obo-t17800628-33.html,62,"internally linking to forms/formMain.jsp, which does not exist"
_site/assets/from-html-to-list-of-words-1/obo-t17800628-33.html,63,"internally linking to static/Proceedings.jsp, which does not exist"
_site/assets/from-html-to-list-of-words-1/obo-t17800628-33.html,64,"internally linking to static/History.jsp, which does not exist"
_site/assets/from-html-to-list-of-words-1/obo-t17800628-33.html,66,"internally linking to static/Project.jsp, which does not exist"
_site/assets/from-html-to-list-of-words-1/obo-t17800628-33.html,68,"internally linking to static/Contact.jsp, which does not exist"
_site/assets/from-html-to-list-of-words-1/obo-t17800628-33.html,81,"internally linking to static/Punishment.jsp#death, which does not exist"
_site/assets/from-html-to-list-of-words-1/obo-t17800628-33.html,81,"internally linking to images.jsp?doc=178006280090, which does not exist"
_site/assets/from-html-to-list-of-words-1/obo-t17800628-33.html,81,"internally linking to images.jsp?doc=178006280090, which does not exist"
_site/assets/from-html-to-list-of-words-1/obo-t17800628-33.html,81,"internally linking to images.jsp?doc=178006280084, which does not exist"
_site/assets/from-html-to-list-of-words-1/obo-t17800628-33.html,81,"internally linking to static/Verdicts.jsp#guilty, which does not exist"
_site/assets/from-html-to-list-of-words-1/obo-t17800628-33.html,81,"internally linking to browse.jsp?div=t17800628-34, which does not exist"
_site/assets/from-html-to-list-of-words-1/obo-t17800628-33.html,81,"internally linking to browse.jsp?div=t17800628-32, which does not exist"
_site/assets/from-html-to-list-of-words-1/obo-t17800628-33.html,81,"internally linking to images.jsp?doc=178006280089, which does not exist"
_site/assets/from-html-to-list-of-words-1/obo-t17800628-33.html,81,"internally linking to images.jsp?doc=178006280089, which does not exist"
_site/assets/from-html-to-list-of-words-1/obo-t17800628-33.html,81,"internally linking to images.jsp?doc=178006280088, which does not exist"
_site/assets/from-html-to-list-of-words-1/obo-t17800628-33.html,81,"internally linking to images.jsp?doc=178006280088, which does not exist"
_site/assets/from-html-to-list-of-words-1/obo-t17800628-33.html,81,"internally linking to images.jsp?doc=178006280087, which does not exist"
_site/assets/from-html-to-list-of-words-1/obo-t17800628-33.html,81,"internally linking to images.jsp?doc=178006280087, which does not exist"
_site/assets/from-html-to-list-of-words-1/obo-t17800628-33.html,81,"internally linking to static/Crimes.jsp#breakingpeace, which does not exist"
_site/assets/from-html-to-list-of-words-1/obo-t17800628-33.html,81,"internally linking to images.jsp?doc=178006280084, which does not exist"
_site/assets/from-html-to-list-of-words-1/obo-t17800628-33.html,81,"internally linking to static/Crimes.jsp#riot, which does not exist"
_site/assets/from-html-to-list-of-words-1/obo-t17800628-33.html,83,"internally linking to browse.jsp?foo=bar&path=sessionsPapers/17800628.xml&div=t17800628-33&xml=yes, which does not exist"
_site/assets/from-html-to-list-of-words-1/obo-t17800628-33.html,97,"internally linking to forms/formMain.jsp, which does not exist"
_site/assets/from-html-to-list-of-words-1/obo-t17800628-33.html,100,"internally linking to browse.jsp?dir=sessionsPapers, which does not exist"
_site/assets/from-html-to-list-of-words-1/obo-t17800628-33.html,101,"internally linking to browse.jsp?dir=ordinarysAccounts, which does not exist"
_site/assets/from-html-to-list-of-words-1/obo-t17800628-33.html,111,"internally linking to static/Guides.jsp, which does not exist"
_site/assets/from-html-to-list-of-words-1/obo-t17800628-33.html,193,"internally linking to static/Contact.jsp, which does not exist"
_site/assets/from-html-to-list-of-words-1/obo-t17800628-33.html,196,"internally linking to static/Site-map.jsp, which does not exist"
_site/assets/from-html-to-list-of-words-1/obo-t17800628-33.html,197,"internally linking to static/Legal-info.jsp, which does not exist"
_site/assets/normaliser-donnees-textuelles-python/obo-t17800628-33.html,20,"internally linking to css/screen.css, which does not exist"
_site/assets/normaliser-donnees-textuelles-python/obo-t17800628-33.html,21,"internally linking to a.css, which does not exist"
_site/assets/normaliser-donnees-textuelles-python/obo-t17800628-33.html,25,"internally linking to css/print.css, which does not exist"
_site/assets/normaliser-donnees-textuelles-python/obo-t17800628-33.html,61,"internally linking to index.jsp, which does not exist"
_site/assets/normaliser-donnees-textuelles-python/obo-t17800628-33.html,62,"internally linking to forms/formMain.jsp, which does not exist"
_site/assets/normaliser-donnees-textuelles-python/obo-t17800628-33.html,63,"internally linking to static/Proceedings.jsp, which does not exist"
_site/assets/normaliser-donnees-textuelles-python/obo-t17800628-33.html,64,"internally linking to static/History.jsp, which does not exist"
_site/assets/normaliser-donnees-textuelles-python/obo-t17800628-33.html,66,"internally linking to static/Project.jsp, which does not exist"
_site/assets/normaliser-donnees-textuelles-python/obo-t17800628-33.html,68,"internally linking to static/Contact.jsp, which does not exist"
_site/assets/normaliser-donnees-textuelles-python/obo-t17800628-33.html,81,"internally linking to images.jsp?doc=178006280089, which does not exist"
_site/assets/normaliser-donnees-textuelles-python/obo-t17800628-33.html,81,"internally linking to images.jsp?doc=178006280089, which does not exist"
_site/assets/normaliser-donnees-textuelles-python/obo-t17800628-33.html,81,"internally linking to images.jsp?doc=178006280090, which does not exist"
_site/assets/normaliser-donnees-textuelles-python/obo-t17800628-33.html,81,"internally linking to images.jsp?doc=178006280090, which does not exist"
_site/assets/normaliser-donnees-textuelles-python/obo-t17800628-33.html,81,"internally linking to images.jsp?doc=178006280088, which does not exist"
_site/assets/normaliser-donnees-textuelles-python/obo-t17800628-33.html,81,"internally linking to browse.jsp?div=t17800628-32, which does not exist"
_site/assets/normaliser-donnees-textuelles-python/obo-t17800628-33.html,81,"internally linking to static/Verdicts.jsp#guilty, which does not exist"
_site/assets/normaliser-donnees-textuelles-python/obo-t17800628-33.html,81,"internally linking to browse.jsp?div=t17800628-34, which does not exist"
_site/assets/normaliser-donnees-textuelles-python/obo-t17800628-33.html,81,"internally linking to static/Crimes.jsp#riot, which does not exist"
_site/assets/normaliser-donnees-textuelles-python/obo-t17800628-33.html,81,"internally linking to static/Crimes.jsp#breakingpeace, which does not exist"
_site/assets/normaliser-donnees-textuelles-python/obo-t17800628-33.html,81,"internally linking to images.jsp?doc=178006280084, which does not exist"
_site/assets/normaliser-donnees-textuelles-python/obo-t17800628-33.html,81,"internally linking to images.jsp?doc=178006280084, which does not exist"
_site/assets/normaliser-donnees-textuelles-python/obo-t17800628-33.html,81,"internally linking to images.jsp?doc=178006280087, which does not exist"
_site/assets/normaliser-donnees-textuelles-python/obo-t17800628-33.html,81,"internally linking to images.jsp?doc=178006280087, which does not exist"
_site/assets/normaliser-donnees-textuelles-python/obo-t17800628-33.html,81,"internally linking to static/Punishment.jsp#death, which does not exist"
_site/assets/normaliser-donnees-textuelles-python/obo-t17800628-33.html,81,"internally linking to images.jsp?doc=178006280088, which does not exist"
_site/assets/normaliser-donnees-textuelles-python/obo-t17800628-33.html,83,"internally linking to browse.jsp?foo=bar&path=sessionsPapers/17800628.xml&div=t17800628-33&xml=yes, which does not exist"
_site/assets/normaliser-donnees-textuelles-python/obo-t17800628-33.html,97,"internally linking to forms/formMain.jsp, which does not exist"
_site/assets/normaliser-donnees-textuelles-python/obo-t17800628-33.html,100,"internally linking to browse.jsp?dir=sessionsPapers, which does not exist"
_site/assets/normaliser-donnees-textuelles-python/obo-t17800628-33.html,101,"internally linking to browse.jsp?dir=ordinarysAccounts, which does not exist"
_site/assets/normaliser-donnees-textuelles-python/obo-t17800628-33.html,111,"internally linking to static/Guides.jsp, which does not exist"
_site/assets/normaliser-donnees-textuelles-python/obo-t17800628-33.html,193,"internally linking to static/Contact.jsp, which does not exist"
_site/assets/normaliser-donnees-textuelles-python/obo-t17800628-33.html,196,"internally linking to static/Site-map.jsp, which does not exist"
_site/assets/normaliser-donnees-textuelles-python/obo-t17800628-33.html,197,"internally linking to static/Legal-info.jsp, which does not exist"
_site/blog/page15/index.html,400,"internally linking to /#funding--ownership; the file exists, but the hash 'funding--ownership' does not"
_site/en/editor-guidelines.html,345,"internally linking to #c-sustainability-review; the file exists, but the hash 'c-sustainability-review' does not"
_site/en/lesson-retirement-policy.html,285,"internally linking to /author-guidelines#write-sustainably; the file exists, but the hash 'write-sustainably' does not"
_site/en/lesson-retirement-policy.html,287,"internally linking to /reviewer-guidelines#sustainability; the file exists, but the hash 'sustainability' does not"
_site/en/lesson-retirement-policy.html,289,"internally linking to /editor-guidelines#c-sustainability-review; the file exists, but the hash 'c-sustainability-review' does not"
_site/en/lessons/analyzing-multilingual-text-nltk-spacy-stanza.html,638,"internally linking to #Developing-Python-Code-for-Multilingual-Text-Analysis; the file exists, but the hash 'Developing-Python-Code-for-Multilingual-Text-Analysis' does not"
_site/en/lessons/collaborative-blog-with-jekyll-github.html,515,"internally linking to #moving-an-existing-website-to-Jekyll; the file exists, but the hash 'moving-an-existing-website-to-Jekyll' does not"
_site/en/lessons/collaborative-blog-with-jekyll-github.html,538,"internally linking to #workflow-recap; the file exists, but the hash 'workflow-recap' does not"
_site/en/lessons/collaborative-blog-with-jekyll-github.html,950,"internally linking to /en/lessons/building-static-sites-with-jekyll-github-pages#writing-pages-and-posts-; the file exists, but the hash 'writing-pages-and-posts-' does not"
_site/en/lessons/collaborative-blog-with-jekyll-github.html,1017,"internally linking to /en/lessons/building-static-sites-with-jekyll-github-pages#writing-pages-and-posts-; the file exists, but the hash 'writing-pages-and-posts-' does not"
_site/en/lessons/collaborative-blog-with-jekyll-github.html,1114,"internally linking to /en/lessons/building-static-sites-with-jekyll-github-pages#hosting-on-github-pages-; the file exists, but the hash 'hosting-on-github-pages-' does not"
_site/en/lessons/collaborative-blog-with-jekyll-github.html,1147,"internally linking to /en/lessons/building-static-sites-with-jekyll-github-pages#writing-pages-and-posts-; the file exists, but the hash 'writing-pages-and-posts-' does not"
_site/en/lessons/collaborative-blog-with-jekyll-github.html,1305,"internally linking to #merging-as-an-owner; the file exists, but the hash 'merging-as-an-owner' does not"
_site/en/lessons/collaborative-blog-with-jekyll-github.html,1305,"internally linking to #merging-as-an-owner; the file exists, but the hash 'merging-as-an-owner' does not"
_site/en/lessons/collaborative-blog-with-jekyll-github.html,1310,"internally linking to #force-merge-checkbox-use; the file exists, but the hash 'force-merge-checkbox-use' does not"
_site/en/lessons/collaborative-blog-with-jekyll-github.html,1491,"internally linking to #workflow-recap; the file exists, but the hash 'workflow-recap' does not"
_site/en/lessons/collaborative-blog-with-jekyll-github.html,1507,"internally linking to /en/lessons/building-static-sites-with-jekyll-github-pages#where-and-what-is-everything-; the file exists, but the hash 'where-and-what-is-everything-' does not"
_site/en/lessons/detecting-text-reuse-with-passim.html,747,"internally linking to #compiling-passim-from-the-sources-(macOS); the file exists, but the hash 'compiling-passim-from-the-sources-(macOS)' does not"
_site/en/lessons/detecting-text-reuse-with-passim.html,1150,"internally linking to #case-study-2:-text-reuse-in-a-large-corpus-of-historical-newspapers; the file exists, but the hash 'case-study-2:-text-reuse-in-a-large-corpus-of-historical-newspapers' does not"
_site/en/lessons/detecting-text-reuse-with-passim.html,1247,"internally linking to #case-study-2:-text-reuse-in-a-large-corpus-of-historical-newspapers; the file exists, but the hash 'case-study-2:-text-reuse-in-a-large-corpus-of-historical-newspapers' does not"
_site/en/lessons/exploring-and-analyzing-network-data-with-python.html,586,"internally linking to /lessons/creating-network-diagrams-from-historical-sources#developing-a-coding-scheme; the file exists, but the hash 'developing-a-coding-scheme' does not"
_site/en/lessons/generating-an-ordered-data-set-from-an-OCR-text-file.html,766,"internally linking to #footnotes; the file exists, but the hash 'footnotes' does not"
_site/en/lessons/image-classification-neural-networks.html,610,"internally linking to #understanding-artificial-neurons; the file exists, but the hash 'understanding-artificial-neurons' does not"
_site/en/lessons/interactive-data-visualization-dashboard.html,1044,"internally linking to /en/lessons/building-static-sites-with-jekyll-github-pages#github--github-pages-; the file exists, but the hash 'github--github-pages-' does not"
_site/en/lessons/linear-regression.html,584,"internally linking to #alternatives-to-anaconda; the file exists, but the hash 'alternatives-to-anaconda' does not"
_site/en/lessons/naive-bayesian.html,1843,"internally linking to #Tuning; the file exists, but the hash 'Tuning' does not"
_site/en/lessons/ocr-with-google-vision-and-tesseract.html,824,"internally linking to /en/lessons/OCR-and-Machine-Translation#converting-pdfs-to-tiffs-with-imagemagick; the file exists, but the hash 'converting-pdfs-to-tiffs-with-imagemagick' does not"
_site/en/lessons/ocr-with-google-vision-and-tesseract.html,1280,"internally linking to #google-vision-2; the file exists, but the hash 'google-vision-2' does not"
_site/en/lessons/ocr-with-google-vision-and-tesseract.html,1315,"internally linking to #google-vision-2; the file exists, but the hash 'google-vision-2' does not"
_site/en/lessons/retired/getting-started-with-github-desktop.html,1044,"internally linking to ../lessons/building-static-sites-with-jekyll-github-pages, which does not exist"
_site/en/lessons/retired/graph-databases-and-SPARQL.html,1228,"internally linking to /lessons/creating-network-diagrams-from-historical-sources.html#visualize-network-data-in-palladio; the file exists, but the hash 'visualize-network-data-in-palladio' does not"
_site/en/lessons/shiny-leaflet-newspaper-map-tutorial.html,855,"internally linking to #Final-code; the file exists, but the hash 'Final-code' does not"
_site/en/lessons/shiny-leaflet-newspaper-map-tutorial.html,979,"internally linking to #Final-code; the file exists, but the hash 'Final-code' does not"
_site/en/lessons/simulating-historical-communication-networks-python.html,521,"internally linking to #Part-1:-Introduction-to-Simulations-and-Agent-based-Modeling; the file exists, but the hash 'Part-1:-Introduction-to-Simulations-and-Agent-based-Modeling' does not"
_site/en/lessons/simulating-historical-communication-networks-python.html,523,"internally linking to #Part-2:-Programming-Agent-based-Models-with-Mesa; the file exists, but the hash 'Part-2:-Programming-Agent-based-Models-with-Mesa' does not"
_site/en/lessons/simulating-historical-communication-networks-python.html,525,"internally linking to #Part-3:-A-Summary,-Open-Questions-and-Next-Steps; the file exists, but the hash 'Part-3:-A-Summary,-Open-Questions-and-Next-Steps' does not"
_site/en/lessons/sonification.html,517,"internally linking to #Drucker; the file exists, but the hash 'Drucker' does not"
_site/en/lessons/sonification.html,548,"internally linking to #Hermann; the file exists, but the hash 'Hermann' does not"
_site/en/lessons/sonification.html,548,"internally linking to #Last; the file exists, but the hash 'Last' does not"
_site/en/lessons/sonification.html,550,"internally linking to #pitch; the file exists, but the hash 'pitch' does not"
_site/en/lessons/sonification.html,553,"internally linking to #midi; the file exists, but the hash 'midi' does not"
_site/en/lessons/sonification.html,553,"internally linking to #mp3; the file exists, but the hash 'mp3' does not"
_site/en/lessons/sonification.html,559,"internally linking to #Koebler; the file exists, but the hash 'Koebler' does not"
_site/en/lessons/sonification.html,559,"internally linking to #Baio; the file exists, but the hash 'Baio' does not"
_site/en/lessons/sonification.html,563,"internally linking to #hedges; the file exists, but the hash 'hedges' does not"
_site/en/lessons/sonification.html,625,"internally linking to #duration; the file exists, but the hash 'duration' does not"
_site/en/lessons/sonification.html,625,"internally linking to #pitch mapping; the file exists, but the hash 'pitch mapping' does not"
_site/en/lessons/sonification.html,826,"internally linking to #attack; the file exists, but the hash 'attack' does not"
_site/en/lessons/sonification.html,1032,"internally linking to #amplitude; the file exists, but the hash 'amplitude' does not"
_site/en/lessons/urban-demographic-data-r-ggplot2.html,645,"internally linking to #Facetting-a-Graph; the file exists, but the hash 'Facetting-a-Graph' does not"
_site/en/lessons/visualizing-with-bokeh.html,1248,"internally linking to /lessons/mapping-with-python-leaflet#geocoding-with-python; the file exists, but the hash 'geocoding-with-python' does not"
_site/en/supporters.html,261,"internally linking to support-us#institutional-partner-programme; the file exists, but the hash 'institutional-partner-programme' does not"
_site/en/supporters.html,299,"internally linking to support-us#institutional-partner-programme; the file exists, but the hash 'institutional-partner-programme' does not"
_site/en/translator-guidelines.html,248,"internally linking to #proposing-a-new-lesson; the file exists, but the hash 'proposing-a-new-lesson' does not"
_site/en/translator-guidelines.html,249,"internally linking to #writing-a-new-lesson; the file exists, but the hash 'writing-a-new-lesson' does not"
_site/en/translator-guidelines.html,250,"internally linking to #submitting-a-new-lesson; the file exists, but the hash 'submitting-a-new-lesson' does not"
_site/es/guia-editor.html,353,"internally linking to #c-revisar-la-sostenibilidad; the file exists, but the hash 'c-revisar-la-sostenibilidad' does not"
_site/es/guia-para-traductores.html,251,"internally linking to #paso-1-proponer-una-nueva-traduccion; the file exists, but the hash 'paso-1-proponer-una-nueva-traduccion' does not"
_site/es/guia-para-traductores.html,252,"internally linking to #paso-2-escribir-y-dar-formato-a-una-nueva-traduccion; the file exists, but the hash 'paso-2-escribir-y-dar-formato-a-una-nueva-traduccion' does not"
_site/es/guia-para-traductores.html,253,"internally linking to #paso-3-enviar-una-nueva-traduccion; the file exists, but the hash 'paso-3-enviar-una-nueva-traduccion' does not"
_site/es/lecciones/analisis-de-correspondencia-en-r.html,715,"internally linking to #Apéndice; the file exists, but the hash 'Apéndice' does not"
_site/es/lecciones/analisis-de-correspondencia-en-r.html,785,"internally linking to #Apéndice; the file exists, but the hash 'Apéndice' does not"
_site/es/lecciones/analisis-de-correspondencia-en-r.html,857,"internally linking to #Apéndice; the file exists, but the hash 'Apéndice' does not"
_site/es/lecciones/introduccion-a-powershell.html,559,"internally linking to #referencia-rapida; the file exists, but the hash 'referencia-rapida' does not"
_site/es/lecciones/introduccion-a-powershell.html,561,"internally linking to #Utilización-de-herramientas-de-línea-de-comandos-y-ejecución-de-secuencias-de-comandos-en-Python; the file exists, but the hash 'Utilización-de-herramientas-de-línea-de-comandos-y-ejecución-de-secuencias-de-comandos-en-Python' does not"
_site/es/lecciones/lectura-escalable-de-datos-estructurados.html,681,"internally linking to #paso-3:-selecion-sistematica-y-reproducible-de-datos-individuales-para-la-lectura-atenta; the file exists, but the hash 'paso-3:-selecion-sistematica-y-reproducible-de-datos-individuales-para-la-lectura-atenta' does not"
_site/es/lecciones/lectura-escalable-de-datos-estructurados.html,777,"internally linking to #Paso-3:-Selección-sistemática-y-reproducible-de-datos-individuales-para-la-lectura-atenta; the file exists, but the hash 'Paso-3:-Selección-sistemática-y-reproducible-de-datos-individuales-para-la-lectura-atenta' does not"
_site/es/lecciones/lectura-escalable-de-datos-estructurados.html,940,"internally linking to #Paso-1:-exploración-cronológica-de-un-conjunto-de-datos; the file exists, but the hash 'Paso-1:-exploración-cronológica-de-un-conjunto-de-datos' does not"
_site/es/lecciones/lectura-escalable-de-datos-estructurados.html,940,"internally linking to #Paso-2:-Explorando-un-conjunto-de-datos-mediante-la-creación-de-categorías-analíticas-binarias; the file exists, but the hash 'Paso-2:-Explorando-un-conjunto-de-datos-mediante-la-creación-de-categorías-analíticas-binarias' does not"
_site/es/lecciones/lectura-escalable-de-datos-estructurados.html,1073,"internally linking to #Paso-2:-Explorando-un-conjunto-de-datos-mediante-la-creación-de-categorías-analíticas-binarias; the file exists, but the hash 'Paso-2:-Explorando-un-conjunto-de-datos-mediante-la-creación-de-categorías-analíticas-binarias' does not"
_site/es/lecciones/lectura-escalable-de-datos-estructurados.html,1073,"internally linking to #Paso-2:-Explorando-un-conjunto-de-datos-mediante-la-creación-de-categorías-analíticas-binarias; the file exists, but the hash 'Paso-2:-Explorando-un-conjunto-de-datos-mediante-la-creación-de-categorías-analíticas-binarias' does not"
_site/es/lecciones/lectura-escalable-de-datos-estructurados.html,1073,"internally linking to #Paso-1:-exploración-cronológica-de-un-conjunto-de-datos; the file exists, but the hash 'Paso-1:-exploración-cronológica-de-un-conjunto-de-datos' does not"
_site/es/lecciones/lectura-escalable-de-datos-estructurados.html,1073,"internally linking to #Paso-1:-exploración-cronológica-de-un-conjunto-de-datos; the file exists, but the hash 'Paso-1:-exploración-cronológica-de-un-conjunto-de-datos' does not"
_site/es/lecciones/lectura-escalable-de-datos-estructurados.html,1073,"internally linking to #paso-3-selecion-sistematica-y-reproducible-de-datos-individuales-para-la-lectura-atenta; the file exists, but the hash 'paso-3-selecion-sistematica-y-reproducible-de-datos-individuales-para-la-lectura-atenta' does not"
_site/es/lecciones/sitios-estaticos-con-jekyll-y-github-pages.html,665,"internally linking to sitios-dinámicos-sitios-estáticos-y-jekyll, which does not exist"
_site/es/politica-retirada-lecciones.html,283,"internally linking to /es/guia-para-autores#escribe-de-manera-sostenible; the file exists, but the hash 'escribe-de-manera-sostenible' does not"
_site/es/politica-retirada-lecciones.html,287,"internally linking to /es/guia-editor#c-revisar-la-sostenibilidad; the file exists, but the hash 'c-revisar-la-sostenibilidad' does not"
_site/fr/lecons/concevoir-base-donnees-nodegoat.html,901,"internally linking to #créer-et-paramétrer-une-base-dans-nodegoat; the file exists, but the hash 'créer-et-paramétrer-une-base-dans-nodegoat' does not"
_site/fr/lecons/concevoir-base-donnees-nodegoat.html,912,"internally linking to #la-logique-de-notre-recherche--entre-le-modèle-de-données-et-la-base-de-données; the file exists, but the hash 'la-logique-de-notre-recherche--entre-le-modèle-de-données-et-la-base-de-données' does not"
_site/fr/lecons/generer-jeu-donnees-texte-ocr.html,803,"internally linking to /en/lessons/generer-jeu-donnees-texte-ocr#identifier-notes-bas-de-page, which does not exist"
_site/fr/lecons/introduction-a-heurist.html,573,"internally linking to #modelisation; the file exists, but the hash 'modelisation' does not"
_site/posts/appel-a-propositions.html,295,"internally linking to /fr/leçons, which does not exist"
_site/posts/convocatoria-de-tutoriales.html,287,"internally linking to /es/guia-para-autores#enviar-una-traducción-o-una-lección-nueva; the file exists, but the hash 'enviar-una-traducción-o-una-lección-nueva' does not"
_site/posts/convocatoria-de-tutoriales.html,287,"internally linking to /es/guia-para-autores#escribir-y-dar-formato; the file exists, but the hash 'escribir-y-dar-formato' does not"
_site/posts/december-newsletter.html,310,"internally linking to en/individual, which does not exist"
_site/posts/es-buscamos-revisores.html,338,"internally linking to /es/ipp, which does not exist"
_site/posts/es-buscamos-revisores.html,338,"internally linking to /es/seguidores, which does not exist"
_site/posts/how-we-moved-to-github.html,324,"internally linking to /lessons/working-with-text-files#reading-from-a-text-file; the file exists, but the hash 'reading-from-a-text-file' does not"
_site/posts/ph-is-people.html,283,"internally linking to /#funding--ownership; the file exists, but the hash 'funding--ownership' does not"
_site/posts/planning-a-lesson.html,281,"internally linking to /author-guidelines#write-sustainably; the file exists, but the hash 'write-sustainably' does not"
_site/posts/retirement-and-sustainability-policies.html,286,"internally linking to /author-guidelines#write-sustainably; the file exists, but the hash 'write-sustainably' does not"
_site/posts/retirement-and-sustainability-policies.html,289,"internally linking to /reviewer-guidelines#sustainability; the file exists, but the hash 'sustainability' does not"
_site/posts/retirement-and-sustainability-policies.html,292,"internally linking to /editor-guidelines#c-sustainability-review; the file exists, but the hash 'c-sustainability-review' does not"
_site/pt/directrizes-editor.html,715,"internally linking to #11-thank-everyone-and-encourage-promotion; the file exists, but the hash '11-thank-everyone-and-encourage-promotion' does not"
_site/pt/licoes-politica-remocao.html,283,"internally linking to /directrizes-autor#escrita-sustentável, which does not exist"
_site/pt/licoes-politica-remocao.html,285,"internally linking to /directrizes-revisor#sustentabilidade, which does not exist"
_site/pt/licoes-politica-remocao.html,287,"internally linking to /directrizes-editor#c-revisão-para-a-sustentabilidade-e-internacionalização, which does not exist"
_site/pt/licoes/analise-correspondencia-pesquisa-historica-R.html,774,"internally linking to #Apêndice:AMatemáticaportrásdaAnálisedeCorrespondência; the file exists, but the hash 'Apêndice:AMatemáticaportrásdaAnálisedeCorrespondência' does not"
_site/pt/licoes/analise-correspondencia-pesquisa-historica-R.html,865,"internally linking to #Apêndice:AMatemáticaportrásdaAnálisedeCorrespondência; the file exists, but the hash 'Apêndice:AMatemáticaportrásdaAnálisedeCorrespondência' does not"
_site/pt/licoes/autoria-sustentavel-texto-simples-pandoc-markdown.html,568,"internally linking to /pt/licoes/autoria-sustentavel-texto-simples-pandoc-markdown#recursos-uteis; the file exists, but the hash 'recursos-uteis' does not"
_site/pt/licoes/geocodificando-qgis.html,840,"internally linking to #Geocodificar-seus-próprios-dados-históricos; the file exists, but the hash 'Geocodificar-seus-próprios-dados-históricos' does not"
_site/pt/licoes/geocodificando-qgis.html,903,"internally linking to #Solucionar-problemas-com-a-base-de-dados-dos-gazetteers-unidos; the file exists, but the hash 'Solucionar-problemas-com-a-base-de-dados-dos-gazetteers-unidos' does not"
_site/pt/licoes/geocodificando-qgis.html,970,"internally linking to #Adicionar-dados-geocodificados-ao-QGIS; the file exists, but the hash 'Adicionar-dados-geocodificados-ao-QGIS' does not"
_site/pt/licoes/git-ferramenta-metodologica-projetos-historia-1.html,1002,"internally linking to #comandos-basicos; the file exists, but the hash 'comandos-basicos' does not"
_site/pt/licoes/introducao-jupyter-notebooks.html,628,"internally linking to #Usando-Jupyter-Notebook-para-ensinar; the file exists, but the hash 'Usando-Jupyter-Notebook-para-ensinar' does not"
_site/pt/licoes/introducao-mysql-r.html,1721,"internally linking to #Conectando-a-um-banco-de-dados-com-uma-senha; the file exists, but the hash 'Conectando-a-um-banco-de-dados-com-uma-senha' does not"
_site/pt/licoes/som-dados-sonificacao-historiadores.html,560,"internally linking to #Drucker; the file exists, but the hash 'Drucker' does not"
_site/pt/licoes/som-dados-sonificacao-historiadores.html,593,"internally linking to #tom; the file exists, but the hash 'tom' does not"
_site/pt/licoes/som-dados-sonificacao-historiadores.html,596,"internally linking to #mp3; the file exists, but the hash 'mp3' does not"
_site/pt/licoes/som-dados-sonificacao-historiadores.html,596,"internally linking to #midi; the file exists, but the hash 'midi' does not"
_site/pt/licoes/som-dados-sonificacao-historiadores.html,602,"internally linking to #Koebler; the file exists, but the hash 'Koebler' does not"
_site/pt/licoes/som-dados-sonificacao-historiadores.html,1080,"internally linking to #amplitude; the file exists, but the hash 'amplitude' does not"
_site/pt/licoes/transcricao-automatica-grafias-nao-latinas.html,708,"internally linking to #definicao-de-necessidades; the file exists, but the hash 'definicao-de-necessidades' does not"
_site/assets/from-html-to-list-of-words-1/obo-t17800628-33.html,26,internal script reference a.js does not exist
_site/assets/interactive-text-games-using-twine/First Day in the Office.html,14,script is empty and has no src attribute
_site/assets/normaliser-donnees-textuelles-python/obo-t17800628-33.html,26,internal script reference a.js does not exist
