Local:cidade	36581	A_Ala_dos_Namorados	Santiago=de=Compostela	6	0.02
Local:cidade	36581	A_Ala_dos_Namorados	Múrcia	4	0.02
Local:cidade	36581	A_Ala_dos_Namorados	Silves	1	0.02
Local:cidade	36581	A_Ala_dos_Namorados	Alcobaça	13	0.02
Local:cidade	36581	A_Ala_dos_Namorados	Bragança	2	0.02
Local:cidade	36581	A_Ala_dos_Namorados	Santarém	37	0.02
Local:cidade	36581	A_Ala_dos_Namorados	Gibraltar	4	0.02
Local:cidade	36581	A_Ala_dos_Namorados	Ceuta	15	0.02
Local:cidade	36581	A_Ala_dos_Namorados	Tunes	2	0.02
Local:cidade	36581	A_Ala_dos_Namorados	Odivelas	2	0.02
Local:cidade	36581	A_Ala_dos_Namorados	Viseu	7	0.02
Local:cidade	36581	A_Ala_dos_Namorados	Coimbra	17	0.02
Local:cidade	36581	A_Ala_dos_Namorados	Málaga	1	0.02
Local:cidade	36581	A_Ala_dos_Namorados	Elvas	15	0.02
Local:cidade	36581	A_Ala_dos_Namorados	Roma	5	0.02
Local:cidade	36581	A_Ala_dos_Namorados	Lisboa	300	0.02
Local:cidade	36581	A_Ala_dos_Namorados	Porto	52	0.02
Local:cidade	36581	A_Ala_dos_Namorados	Guimarães	5	0.02
Local:cidade	36581	A_Ala_dos_Namorados	Granada	13	0.02
Local:cidade	36581	A_Ala_dos_Namorados	Toledo	26	0.02
Local:cidade	36581	A_Ala_dos_Namorados	Santiago	12	0.02
Local:cidade	36581	A_Ala_dos_Namorados	Beja	1	0.02
Local:cidade	36581	A_Ala_dos_Namorados	Leiria	26	0.02
Local:cidade	36581	A_Ala_dos_Namorados	Londres	7	0.02
Local:cidade	36581	A_Ala_dos_Namorados	Évora	6	0.02
Local:cidade	36581	A_Ala_dos_Namorados	Veneza	11	0.02
Local:cidade	36581	A_Ala_dos_Namorados	Moura	2	0.02
Local:cidade	36581	A_Ala_dos_Namorados	Suez	1	0.02
Local:cidade	36581	A_Ala_dos_Namorados	Rio=Tinto	2	0.02
Local:cidade	36581	A_Ala_dos_Namorados	Miranda=do=Douro	3	0.02
Local:cidade	36581	A_Ala_dos_Namorados	Faro	1	0.02
Local:cidade	36581	A_Ala_dos_Namorados	Chaves	4	0.02
Local:cidade	36581	A_Ala_dos_Namorados	Valhadolid	20	0.02
Local:cidade	36581	A_Ala_dos_Namorados	Ávila	2	0.02
Local:cidade	36581	A_Ala_dos_Namorados	Segóvia	1	0.02
Local:cidade	36581	A_Ala_dos_Namorados	Guadalajara	2	0.02
Local:cidade	36581	A_Ala_dos_Namorados	Poitiers	3	0.02
Local:cidade	36581	A_Ala_dos_Namorados	Badajoz	8	0.02
Local:cidade	36581	A_Ala_dos_Namorados	Avinhão	3	0.02
Local:cidade	36581	A_Ala_dos_Namorados	Tolosa	2	0.02
Local:cidade	36581	A_Ala_dos_Namorados	Murcia	3	0.02
Local:cidade	36581	A_Ala_dos_Namorados	Sevilla	1	0.02
Local:cidade	36581	A_Ala_dos_Namorados	Montijo	1	0.02
Local:cidade	36581	A_Ala_dos_Namorados	Vigo	1	0.02
Local:cidade	36581	A_Ala_dos_Namorados	City	1	0.02
Local:cidade	36581	A_Ala_dos_Namorados	Nice	1	0.02
Local:cidade	36581	A_Alma_Nova	Roma	1	0.02
Local:cidade	36581	A_Alma_Nova	Paris	1	0.02
Local:cidade	36581	A_Alma_Nova	Lisboa	2	0.02
Local:cidade	36581	A_Brasileira_de_Prazins	Londres	5	0.02
Local:cidade	36581	A_Brasileira_de_Prazins	Vila=do=Conde	2	0.02
Local:cidade	36581	A_Brasileira_de_Prazins	Toledo	1	0.02
Local:cidade	36581	A_Brasileira_de_Prazins	Lisboa	10	0.02
Local:cidade	36581	A_Brasileira_de_Prazins	Porto	28	0.02
Local:cidade	36581	A_Brasileira_de_Prazins	Paris	3	0.02
Local:cidade	36581	A_Brasileira_de_Prazins	Roma	3	0.02
Local:cidade	36581	A_Brasileira_de_Prazins	Coimbra	7	0.02
Local:cidade	36581	A_Brasileira_de_Prazins	Bragança	1	0.02
Local:cidade	36581	A_Brasileira_de_Prazins	Oliveira=de=Azeméis	2	0.02
Local:cidade	36581	A_Brasileira_de_Prazins	Genebra	1	0.02
Local:cidade	36581	A_Brasileira_de_Prazins	Vila=Real	12	0.02
Local:cidade	36581	A_Brasileira_de_Prazins	Chaves	7	0.02
Local:cidade	36581	A_Brasileira_de_Prazins	Bona	3	0.02
Local:cidade	36581	A_Brasileira_de_Prazins	Valpaços	2	0.02
Local:cidade	36581	A_Brasileira_de_Prazins	Marco=de=Canaveses	2	0.02
Local:cidade	36581	A_Capital	Viseu	3	0.02
Local:cidade	36581	A_Capital	Bragança	4	0.02
Local:cidade	36581	A_Capital	Múrcia	1	0.02
Local:cidade	36581	A_Capital	Siracusa	2	0.02
Local:cidade	36581	A_Capital	Babilónia	3	0.02
Local:cidade	36581	A_Capital	Castelo=Branco	2	0.02
Local:cidade	36581	A_Capital	Ovar	26	0.02
Local:cidade	36581	A_Capital	Paris	17	0.02
Local:cidade	36581	A_Capital	Porto	19	0.02
Local:cidade	36581	A_Capital	Lisboa	174	0.02
Local:cidade	36581	A_Capital	Roma	33	0.02
Local:cidade	36581	A_Capital	Espinho	3	0.02
Local:cidade	36581	A_Capital	Coimbra	48	0.02
Local:cidade	36581	A_Capital	Tróia	1	0.02
Local:cidade	36581	A_Capital	Madrid	9	0.02
Local:cidade	36581	A_Capital	Bordéus	1	0.02
Local:cidade	36581	A_Capital	Marselha	1	0.02
Local:cidade	36581	A_Capital	Oliveira=de=Azeméis	64	0.02
Local:cidade	36581	A_Capital	Estarreja	1	0.02
Local:cidade	36581	A_Casa_dos_Fantasmas	Alcobaça	2	0.02
Local:cidade	36581	A_Casa_dos_Fantasmas	Gibraltar	2	0.02
Local:cidade	36581	A_Casa_dos_Fantasmas	Bragança	9	0.02
Local:cidade	36581	A_Casa_dos_Fantasmas	Cintra	4	0.02
Local:cidade	36581	A_Casa_dos_Fantasmas	Coimbra	9	0.02
Local:cidade	36581	A_Casa_dos_Fantasmas	Rio=de=Janeiro	6	0.02
Local:cidade	36581	A_Casa_dos_Fantasmas	Elvas	1	0.02
Local:cidade	36581	A_Casa_dos_Fantasmas	Roma	2	0.02
Local:cidade	36581	A_Casa_dos_Fantasmas	Pombal	14	0.02
Local:cidade	36581	A_Casa_dos_Fantasmas	Guimarães	1	0.02
Local:cidade	36581	A_Casa_dos_Fantasmas	Paris	20	0.02
Local:cidade	36581	A_Casa_dos_Fantasmas	Porto	27	0.02
Local:cidade	36581	A_Casa_dos_Fantasmas	Lisboa	92	0.02
Local:cidade	36581	A_Casa_dos_Fantasmas	Beja	1	0.02
Local:cidade	36581	A_Casa_dos_Fantasmas	Leiria	29	0.02
Local:cidade	36581	A_Casa_dos_Fantasmas	Granada	2	0.02
Local:cidade	36581	A_Casa_dos_Fantasmas	Toledo	4	0.02
Local:cidade	36581	A_Casa_dos_Fantasmas	Londres	2	0.02
Local:cidade	36581	A_Casa_dos_Fantasmas	Veneza	2	0.02
Local:cidade	36581	A_Casa_dos_Fantasmas	Peniche	5	0.02
Local:cidade	36581	A_Casa_dos_Fantasmas	Rio=Maior	12	0.02
Local:cidade	36581	A_Casa_dos_Fantasmas	Santarem	15	0.02
Local:cidade	36581	A_Casa_dos_Fantasmas	Chaves	1	0.02
Local:cidade	36581	A_Casa_dos_Fantasmas	Oviedo	1	0.02
Local:cidade	36581	A_Casa_dos_Fantasmas	Badajoz	2	0.02
Local:cidade	36581	A_Casa_dos_Fantasmas	Murcia	1	0.02
Local:cidade	36581	A_Casa_dos_Fantasmas	Cork	3	0.02
Local:cidade	36581	A_Casa_dos_Fantasmas	Toulon	1	0.02
Local:cidade	36581	A_Casa_dos_Fantasmas	Evora	3	0.02
Local:cidade	36581	A_Catástrofe	Buenos=Aires	4	0.02
Local:cidade	36581	A_Catástrofe	Lisboa	6	0.02
Local:cidade	36581	A_Catástrofe	Porto	1	0.02
Local:cidade	36581	A_Caveira_da_Mártir	Veneza	4	0.02
Local:cidade	36581	A_Caveira_da_Mártir	Moura	3	0.02
Local:cidade	36581	A_Caveira_da_Mártir	Berlim	17	0.02
Local:cidade	36581	A_Caveira_da_Mártir	Londres	4	0.02
Local:cidade	36581	A_Caveira_da_Mártir	Lisboa	140	0.02
Local:cidade	36581	A_Caveira_da_Mártir	Porto	3	0.02
Local:cidade	36581	A_Caveira_da_Mártir	Pombal	1	0.02
Local:cidade	36581	A_Caveira_da_Mártir	Paris	8	0.02
Local:cidade	36581	A_Caveira_da_Mártir	Roma	9	0.02
Local:cidade	36581	A_Caveira_da_Mártir	Coimbra	20	0.02
Local:cidade	36581	A_Caveira_da_Mártir	Génova	2	0.02
Local:cidade	36581	A_Caveira_da_Mártir	Castelo=Branco	4	0.02
Local:cidade	36581	A_Caveira_da_Mártir	Odivelas	79	0.02
Local:cidade	36581	A_Caveira_da_Mártir	Bragança	10	0.02
Local:cidade	36581	A_Caveira_da_Mártir	Constantinopla	6	0.02
Local:cidade	36581	A_Caveira_da_Mártir	Alcobaça	4	0.02
Local:cidade	36581	A_Caveira_da_Mártir	Tavira	1	0.02
Local:cidade	36581	A_Caveira_da_Mártir	Amesterdão	4	0.02
Local:cidade	36581	A_Caveira_da_Mártir	Vila=Real	6	0.02
Local:cidade	36581	A_Caveira_da_Mártir	Marselha	1	0.02
Local:cidade	36581	A_Caveira_da_Mártir	Viena=de=Áustria	2	0.02
Local:cidade	36581	A_Caveira_da_Mártir	Sines	1	0.02
Local:cidade	36581	A_Caveira_da_Mártir	Peniche	1	0.02
Local:cidade	36581	A_Caveira_da_Mártir	Toulon	1	0.02
Local:cidade	36581	A_Caveira_da_Mártir	Caldas=da=Rainha	2	0.02
Local:cidade	36581	A_Cidade_e_as_Serras	Constantinopla	3	0.02
Local:cidade	36581	A_Cidade_e_as_Serras	Tiberíade	1	0.02
Local:cidade	36581	A_Cidade_e_as_Serras	Siracusa	1	0.02
Local:cidade	36581	A_Cidade_e_as_Serras	Viena	5	0.02
Local:cidade	36581	A_Cidade_e_as_Serras	Varsóvia	1	0.02
Local:cidade	36581	A_Cidade_e_as_Serras	Paris	103	0.02
Local:cidade	36581	A_Cidade_e_as_Serras	Lisboa	12	0.02
Local:cidade	36581	A_Cidade_e_as_Serras	Porto	10	0.02
Local:cidade	36581	A_Cidade_e_as_Serras	Roma	2	0.02
Local:cidade	36581	A_Cidade_e_as_Serras	Atenas	2	0.02
Local:cidade	36581	A_Cidade_e_as_Serras	Coimbra	3	0.02
Local:cidade	36581	A_Cidade_e_as_Serras	Penafiel	1	0.02
Local:cidade	36581	A_Cidade_e_as_Serras	Veneza	1	0.02
Local:cidade	36581	A_Cidade_e_as_Serras	Pegu	1	0.02
Local:cidade	36581	A_Cidade_e_as_Serras	Tróia	1	0.02
Local:cidade	36581	A_Cidade_e_as_Serras	Londres	3	0.02
Local:cidade	36581	A_Cidade_e_as_Serras	Madrid	4	0.02
Local:cidade	36581	A_Cidade_e_as_Serras	Chartres	1	0.02
Local:cidade	36581	A_Cidade_e_as_Serras	Worms	1	0.02
Local:cidade	36581	A_Cidade_e_as_Serras	Bordéus	4	0.02
Local:cidade	36581	A_Cidade_e_as_Serras	Marselha	2	0.02
Local:cidade	36581	A_Cidade_e_as_Serras	Orléans	3	0.02
Local:cidade	36581	A_Cidade_e_as_Serras	Biarritz	3	0.02
Local:cidade	36581	A_Cidade_e_as_Serras	Malines	1	0.02
Local:cidade	36581	A_Cidade_e_as_Serras	Sarvan	1	0.02
Local:cidade	36581	A_Cidade_e_as_Serras	Fontainebleau	1	0.02
Local:cidade	36581	A_Cidade_e_as_Serras	Enghien	1	0.02
Local:cidade	36581	A_Confissão_de_Lúcio	Paris	33	0.02
Local:cidade	36581	A_Confissão_de_Lúcio	Lisboa	18	0.02
Local:cidade	36581	A_Confissão_de_Lúcio	S.=Petersburgo	2	0.02
Local:cidade	36581	A_Confissão_de_Lúcio	Biarritz	2	0.02
Local:cidade	36581	A_Corja	Madrid	3	0.02
Local:cidade	36581	A_Corja	Londres	1	0.02
Local:cidade	36581	A_Corja	Santiago	4	0.02
Local:cidade	36581	A_Corja	Lisboa	54	0.02
Local:cidade	36581	A_Corja	Porto	52	0.02
Local:cidade	36581	A_Corja	Paris	15	0.02
Local:cidade	36581	A_Corja	Diu	11	0.02
Local:cidade	36581	A_Corja	Roma	2	0.02
Local:cidade	36581	A_Corja	Malaca	3	0.02
Local:cidade	36581	A_Corja	Coimbra	15	0.02
Local:cidade	36581	A_Corja	Tiberíade	1	0.02
Local:cidade	36581	A_Corja	Siracusa	1	0.02
Local:cidade	36581	A_Corja	Castelo=Branco	4	0.02
Local:cidade	36581	A_Corja	Bragança	3	0.02
Local:cidade	36581	A_Corja	Ílhavo	1	0.02
Local:cidade	36581	A_Corja	Ceuta	1	0.02
Local:cidade	36581	A_Corja	Bruxelas	1	0.02
Local:cidade	36581	A_Corja	Alcobaça	2	0.02
Local:cidade	36581	A_Corja	Silves	1	0.02
Local:cidade	36581	A_Corja	Vila=Real	4	0.02
Local:cidade	36581	A_Corja	Viena=de=Áustria	2	0.02
Local:cidade	36581	A_Corja	Rio=Tinto	16	0.02
Local:cidade	36581	A_Corja	Petrópolis	1	0.02
Local:cidade	36581	A_Divorciada	Pariz	2	0.02
Local:cidade	36581	A_Divorciada	Lisboa	2	0.02
Local:cidade	36581	A_Divorciada	Porto	8	0.02
Local:cidade	36581	A_Divorciada	Guimarães	4	0.02
Local:cidade	36581	A_Divorciada	Rio=de=Janeiro	6	0.02
Local:cidade	36581	A_Divorciada	Bordeaux	2	0.02
Local:cidade	36581	A_Doida_do_Candal	Londres	6	0.02
Local:cidade	36581	A_Doida_do_Candal	Lisboa	8	0.02
Local:cidade	36581	A_Doida_do_Candal	Porto	33	0.02
Local:cidade	36581	A_Doida_do_Candal	Bragança	1	0.02
Local:cidade	36581	A_Doida_do_Candal	Pamplona	3	0.02
Local:cidade	36581	A_Doida_do_Candal	Chaves	11	0.02
Local:cidade	36581	A_Filha_do_Arcedíago	Madrid	6	0.02
Local:cidade	36581	A_Filha_do_Arcedíago	Toledo	1	0.02
Local:cidade	36581	A_Filha_do_Arcedíago	Lisboa	15	0.02
Local:cidade	36581	A_Filha_do_Arcedíago	Porto	39	0.02
Local:cidade	36581	A_Filha_do_Arcedíago	Paris	14	0.02
Local:cidade	36581	A_Filha_do_Arcedíago	Roma	7	0.02
Local:cidade	36581	A_Filha_do_Arcedíago	Atenas	1	0.02
Local:cidade	36581	A_Filha_do_Arcedíago	Coimbra	7	0.02
Local:cidade	36581	A_Filha_do_Arcedíago	Rio=de=Janeiro	1	0.02
Local:cidade	36581	A_Filha_do_Arcedíago	Génova	1	0.02
Local:cidade	36581	A_Filha_do_Arcedíago	Chaves	1	0.02
Local:cidade	36581	A_Filha_do_Arcedíago	Toulon	1	0.02
Local:cidade	36581	A_Filha_do_Doutor_Negro	Madrid	1	0.02
Local:cidade	36581	A_Filha_do_Doutor_Negro	Lisboa	8	0.02
Local:cidade	36581	A_Filha_do_Doutor_Negro	Porto	62	0.02
Local:cidade	36581	A_Filha_do_Doutor_Negro	Paris	1	0.02
Local:cidade	36581	A_Filha_do_Doutor_Negro	Rio=de=Janeiro	8	0.02
Local:cidade	36581	A_Filha_do_Doutor_Negro	Póvoa=de=Varzim	32	0.02
Local:cidade	36581	A_Filha_do_Doutor_Negro	Bragança	4	0.02
Local:cidade	36581	A_Filha_do_Doutor_Negro	Vila=Nova=de=Gaia	4	0.02
Local:cidade	36581	A_Filha_do_Doutor_Negro	Valhadolide	3	0.02
Local:cidade	36581	A_Filha_do_Doutor_Negro	Chaves	10	0.02
Local:cidade	36581	A_Filha_do_Doutor_Negro	Vila=Nova=de=Caia	6	0.02
Local:cidade	36581	A_Filha_do_Doutor_Negro	Vigo	1	0.02
Local:cidade	36581	A_Filha_do_Regicida	Madrid	17	0.02
Local:cidade	36581	A_Filha_do_Regicida	Lisboa	94	0.02
Local:cidade	36581	A_Filha_do_Regicida	Porto	13	0.02
Local:cidade	36581	A_Filha_do_Regicida	Pombal	2	0.02
Local:cidade	36581	A_Filha_do_Regicida	Coimbra	3	0.02
Local:cidade	36581	A_Filha_do_Regicida	Bragança	26	0.02
Local:cidade	36581	A_Filha_do_Regicida	Póvoa=de=D.=Martinho	6	0.02
Local:cidade	36581	A_Fome_de_Camões	Roma	1	0.02
Local:cidade	36581	A_Fome_de_Camões	Lisboa	1	0.02
Local:cidade	36581	A_Freira_no_Subterraneo	Veneza	1	0.02
Local:cidade	36581	A_Freira_no_Subterraneo	Berlim	2	0.02
Local:cidade	36581	A_Freira_no_Subterraneo	Paris	1	0.02
Local:cidade	36581	A_Freira_no_Subterraneo	Roma	3	0.02
Local:cidade	36581	A_Freira_no_Subterraneo	Sampetersburgo	1	0.02
Local:cidade	36581	A_Freira_no_Subterraneo	Viena	2	0.02
Local:cidade	36581	A_Freira_no_Subterraneo	Varsóvia	2	0.02
Local:cidade	36581	A_Freira_no_Subterraneo	Praga	1	0.02
Local:cidade	36581	A_Harpa_do_Crente	Ulisseia	1	0.02
Local:cidade	36581	A_Harpa_do_Crente	Porto	1	0.02
Local:cidade	36581	A_Harpa_do_Crente	Roma	1	0.02
Local:cidade	36581	A_Harpa_do_Crente	Babilónia	2	0.02
Local:cidade	36581	A_Harpa_do_Crente	Gadara	1	0.02
Local:cidade	36581	A_Ilustre_Casa_de_Ramires	Tunes	1	0.02
Local:cidade	36581	A_Ilustre_Casa_de_Ramires	Ílhavo	1	0.02
Local:cidade	36581	A_Ilustre_Casa_de_Ramires	Bragança	10	0.02
Local:cidade	36581	A_Ilustre_Casa_de_Ramires	Constantinopla	3	0.02
Local:cidade	36581	A_Ilustre_Casa_de_Ramires	Silves	3	0.02
Local:cidade	36581	A_Ilustre_Casa_de_Ramires	Tavira	2	0.02
Local:cidade	36581	A_Ilustre_Casa_de_Ramires	Ovar	1	0.02
Local:cidade	36581	A_Ilustre_Casa_de_Ramires	Paris	2	0.02
Local:cidade	36581	A_Ilustre_Casa_de_Ramires	Lisboa	104	0.02
Local:cidade	36581	A_Ilustre_Casa_de_Ramires	Porto	9	0.02
Local:cidade	36581	A_Ilustre_Casa_de_Ramires	Atenas	1	0.02
Local:cidade	36581	A_Ilustre_Casa_de_Ramires	Roma	1	0.02
Local:cidade	36581	A_Ilustre_Casa_de_Ramires	Coimbra	38	0.02
Local:cidade	36581	A_Ilustre_Casa_de_Ramires	Veneza	1	0.02
Local:cidade	36581	A_Ilustre_Casa_de_Ramires	Tróia	3	0.02
Local:cidade	36581	A_Ilustre_Casa_de_Ramires	Londres	2	0.02
Local:cidade	36581	A_Ilustre_Casa_de_Ramires	Santiago	1	0.02
Local:cidade	36581	A_Ilustre_Casa_de_Ramires	Toledo	1	0.02
Local:cidade	36581	A_Ilustre_Casa_de_Ramires	Arrás	1	0.02
Local:cidade	36581	A_Ilustre_Casa_de_Ramires	Manchester	1	0.02
Local:cidade	36581	A_Ilustre_Casa_de_Ramires	Lourenço=Marques	8	0.02
Local:cidade	36581	A_Ilustre_Casa_de_Ramires	Praga	5	0.02
Local:cidade	36581	A_Ilustre_Casa_de_Ramires	Gouveia	64	0.02
Local:cidade	36581	A_Ilustre_Casa_de_Ramires	Arzila	2	0.02
Local:cidade	36581	A_Ilustre_Casa_de_Ramires	Bona	1	0.02
Local:cidade	36581	A_Ilustre_Casa_de_Ramires	Mogúncia	1	0.02
Local:cidade	36581	A_Ilustre_Casa_de_Ramires	Vila=Real=de=Santo=António	8	0.02
Local:cidade	36581	A_Ilustre_Casa_de_Ramires	Lamelo	1	0.02
Local:cidade	36581	A_Ilustre_Casa_de_Ramires	Figueira=da=Foz	3	0.02
Local:cidade	36581	A_Infanta_Capelista	Toledo	1	0.02
Local:cidade	36581	A_Infanta_Capelista	Rio=de=Janeiro	3	0.02
Local:cidade	36581	A_Infanta_Capelista	Roma	2	0.02
Local:cidade	36581	A_Infanta_Capelista	Lisboa	20	0.02
Local:cidade	36581	A_Infanta_Capelista	Bragança	27	0.02
Local:cidade	36581	A_Infanta_Capelista	Odivelas	2	0.02
Local:cidade	36581	A_Infanta_Capelista	Petrópolis	1	0.02
Local:cidade	36581	A_Lenda_da_Meia-Noite	Lisboa	13	0.02
Local:cidade	36581	A_Lenda_da_Meia-Noite	Santiago	1	0.02
Local:cidade	36581	A_Lenda_da_Meia-Noite	Santarem	1	0.02
Local:cidade	36581	A_Maluca_da_dos_Corvos	Lisboa	3	0.02
Local:cidade	36581	A_Marquesa_de_Vale_Negro	Coimbra	3	0.02
Local:cidade	36581	A_Marquesa_de_Vale_Negro	Paris	19	0.02
Local:cidade	36581	A_Marquesa_de_Vale_Negro	Lisboa	30	0.02
Local:cidade	36581	A_Marquesa_de_Vale_Negro	Londres	1	0.02
Local:cidade	36581	A_Marquesa_de_Vale_Negro	Dublin	1	0.02
Local:cidade	36581	A_Morgadinha_dos_Canaviais	Lisboa	91	0.02
Local:cidade	36581	A_Morgadinha_dos_Canaviais	Porto	7	0.02
Local:cidade	36581	A_Morgadinha_dos_Canaviais	Paris	1	0.02
Local:cidade	36581	A_Morgadinha_dos_Canaviais	Coimbra	2	0.02
Local:cidade	36581	A_Morgadinha_dos_Canaviais	Penafiel	1	0.02
Local:cidade	36581	A_Morgadinha_dos_Canaviais	Tróia	1	0.02
Local:cidade	36581	A_Morgadinha_dos_Canaviais	Londres	1	0.02
Local:cidade	36581	A_Morgadinha_dos_Canaviais	Viseu	1	0.02
Local:cidade	36581	A_Morgadinha_dos_Canaviais	Meca	1	0.02
Local:cidade	36581	A_Morgadinha_dos_Canaviais	Babilónia	1	0.02
Local:cidade	36581	A_Morgadinha_dos_Canaviais	Arrás	1	0.02
Local:cidade	36581	A_Morgadinha_dos_Canaviais	Nuremberga	1	0.02
Local:cidade	36581	A_Morte_de_D._João	Bruxelas	1	0.02
Local:cidade	36581	A_Morte_de_D._João	Washington	1	0.02
Local:cidade	36581	A_Morte_de_D._João	Babilónia	5	0.02
Local:cidade	36581	A_Morte_de_D._João	Roma	4	0.02
Local:cidade	36581	A_Morte_de_D._João	Paris	6	0.02
Local:cidade	36581	A_Morte_de_D._João	Londres	1	0.02
Local:cidade	36581	A_Morte_de_D._João	Suez	1	0.02
Local:cidade	36581	A_Morte_de_D._João	Bordéus	2	0.02
Local:cidade	36581	A_Morte_de_D._João	Lião	2	0.02
Local:cidade	36581	A_Morte_de_D._João	Malines	1	0.02
Local:cidade	36581	A_Morte_do_Palhaço	London	1	0.02
Local:cidade	36581	A_Mulata	Rio=de=Janeiro	6	0.02
Local:cidade	36581	A_Mulata	Paris	5	0.02
Local:cidade	36581	A_Mulata	Cartago	1	0.02
Local:cidade	36581	A_Mulata	Lisboa	2	0.02
Local:cidade	36581	A_Mulata	Porto	2	0.02
Local:cidade	36581	A_Mulata	Roma	8	0.02
Local:cidade	36581	A_Mulata	Londres	5	0.02
Local:cidade	36581	A_Mulata	Toledo	1	0.02
Local:cidade	36581	A_Mulata	Montevideu	1	0.02
Local:cidade	36581	A_Mulata	Vigo	1	0.02
Local:cidade	36581	A_Mulata	Golconda	1	0.02
Local:cidade	36581	A_Mulata	Nice	1	0.02
Local:cidade	36581	A_Murraca	Porto	2	0.02
Local:cidade	36581	A_Musa_em_Férias	Babilónia	2	0.02
Local:cidade	36581	A_Musa_em_Férias	Atenas	1	0.02
Local:cidade	36581	A_Musa_em_Férias	Roma	2	0.02
Local:cidade	36581	A_Musa_em_Férias	Paris	1	0.02
Local:cidade	36581	A_Musa_em_Férias	Porto	1	0.02
Local:cidade	36581	A_Musa_em_Férias	Lisboa	3	0.02
Local:cidade	36581	A_Musa_em_Férias	Berlim	1	0.02
Local:cidade	36581	A_Musa_em_Férias	Londres	1	0.02
Local:cidade	36581	A_Musa_em_Férias	Bombaim	1	0.02
Local:cidade	36581	A_Queda_dum_Anjo	Madrid	1	0.02
Local:cidade	36581	A_Queda_dum_Anjo	Tróia	1	0.02
Local:cidade	36581	A_Queda_dum_Anjo	Pegu	1	0.02
Local:cidade	36581	A_Queda_dum_Anjo	Penafiel	4	0.02
Local:cidade	36581	A_Queda_dum_Anjo	Rio=de=Janeiro	1	0.02
Local:cidade	36581	A_Queda_dum_Anjo	Coimbra	3	0.02
Local:cidade	36581	A_Queda_dum_Anjo	Tebas	1	0.02
Local:cidade	36581	A_Queda_dum_Anjo	Roma	11	0.02
Local:cidade	36581	A_Queda_dum_Anjo	Atenas	2	0.02
Local:cidade	36581	A_Queda_dum_Anjo	Paris	6	0.02
Local:cidade	36581	A_Queda_dum_Anjo	Cartago	1	0.02
Local:cidade	36581	A_Queda_dum_Anjo	Lisboa	74	0.02
Local:cidade	36581	A_Queda_dum_Anjo	Porto	11	0.02
Local:cidade	36581	A_Queda_dum_Anjo	Babilónia	4	0.02
Local:cidade	36581	A_Queda_dum_Anjo	Buenos=Aires	2	0.02
Local:cidade	36581	A_Queda_dum_Anjo	Alcobaça	1	0.02
Local:cidade	36581	A_Queda_dum_Anjo	Bragança	5	0.02
Local:cidade	36581	A_Queda_dum_Anjo	Meca	1	0.02
Local:cidade	36581	A_Queda_dum_Anjo	Mirandela	2	0.02
Local:cidade	36581	A_Queda_dum_Anjo	Bona	1	0.02
Local:cidade	36581	A_Queda_dum_Anjo	Vila=Real	2	0.02
Local:cidade	36581	A_Queda_dum_Anjo	Gouveia	1	0.02
Local:cidade	36581	A_Queda_dum_Anjo	Estremoz	1	0.02
Local:cidade	36581	A_Queda_dum_Anjo	Cidade=de=Lisboa	2	0.02
Local:cidade	36581	A_Relíquia	Viseu	1	0.02
Local:cidade	36581	A_Relíquia	Meca	1	0.02
Local:cidade	36581	A_Relíquia	Leipzig	1	0.02
Local:cidade	36581	A_Relíquia	Betlém	1	0.02
Local:cidade	36581	A_Relíquia	Constantinopla	1	0.02
Local:cidade	36581	A_Relíquia	Bonn	1	0.02
Local:cidade	36581	A_Relíquia	Siquém	6	0.02
Local:cidade	36581	A_Relíquia	Tiberíade	7	0.02
Local:cidade	36581	A_Relíquia	Babilónia	10	0.02
Local:cidade	36581	A_Relíquia	Paris	12	0.02
Local:cidade	36581	A_Relíquia	Cartago	1	0.02
Local:cidade	36581	A_Relíquia	Lisboa	29	0.02
Local:cidade	36581	A_Relíquia	Porto	3	0.02
Local:cidade	36581	A_Relíquia	Mênfis	3	0.02
Local:cidade	36581	A_Relíquia	Atenas	1	0.02
Local:cidade	36581	A_Relíquia	Roma	19	0.02
Local:cidade	36581	A_Relíquia	Tebas	3	0.02
Local:cidade	36581	A_Relíquia	Málaga	2	0.02
Local:cidade	36581	A_Relíquia	Coimbra	8	0.02
Local:cidade	36581	A_Relíquia	Alexandria	26	0.02
Local:cidade	36581	A_Relíquia	Madrid	1	0.02
Local:cidade	36581	A_Relíquia	Susa	2	0.02
Local:cidade	36581	A_Relíquia	Marselha	2	0.02
Local:cidade	36581	A_Relíquia	Jafa	9	0.02
Local:cidade	36581	A_Relíquia	Engaddi	7	0.02
Local:cidade	36581	A_Relíquia	Galgalá	2	0.02
Local:cidade	36581	A_Relíquia	Dongola	1	0.02
Local:cidade	36581	A_Relíquia	Lu	1	0.02
Local:cidade	36581	A_Relíquia	Munique	1	0.02
Local:cidade	36581	A_Relíquia	Acra	1	0.02
Local:cidade	36581	A_Relíquia	Mileto	1	0.02
Local:cidade	36581	A_Relíquia	Cesareia	6	0.02
Local:cidade	36581	A_Relíquia	Ascalon	1	0.02
Local:cidade	36581	A_Relíquia	Mangualde	1	0.02
Local:cidade	36581	A_Relíquia	Farsala	1	0.02
Local:cidade	36581	A_Relíquia	Bagdad	1	0.02
Local:cidade	36581	A_Rosa_do_Adro	Porto	30	0.02
Local:cidade	36581	A_Tragédia_da_Rua_das_Flores	Ílhavo	1	0.02
Local:cidade	36581	A_Tragédia_da_Rua_das_Flores	Bragança	1	0.02
Local:cidade	36581	A_Tragédia_da_Rua_das_Flores	Bruxelas	1	0.02
Local:cidade	36581	A_Tragédia_da_Rua_das_Flores	Sampetersburgo	1	0.02
Local:cidade	36581	A_Tragédia_da_Rua_das_Flores	Babilónia	1	0.02
Local:cidade	36581	A_Tragédia_da_Rua_das_Flores	Ovar	1	0.02
Local:cidade	36581	A_Tragédia_da_Rua_das_Flores	Paris	83	0.02
Local:cidade	36581	A_Tragédia_da_Rua_das_Flores	Lisboa	66	0.02
Local:cidade	36581	A_Tragédia_da_Rua_das_Flores	Porto	1	0.02
Local:cidade	36581	A_Tragédia_da_Rua_das_Flores	Atenas	1	0.02
Local:cidade	36581	A_Tragédia_da_Rua_das_Flores	Roma	14	0.02
Local:cidade	36581	A_Tragédia_da_Rua_das_Flores	Málaga	1	0.02
Local:cidade	36581	A_Tragédia_da_Rua_das_Flores	Coimbra	4	0.02
Local:cidade	36581	A_Tragédia_da_Rua_das_Flores	Veneza	1	0.02
Local:cidade	36581	A_Tragédia_da_Rua_das_Flores	Londres	13	0.02
Local:cidade	36581	A_Tragédia_da_Rua_das_Flores	Madrid	7	0.02
Local:cidade	36581	A_Tragédia_da_Rua_das_Flores	Berlim	1	0.02
Local:cidade	36581	A_Tragédia_da_Rua_das_Flores	Oviedo	1	0.02
Local:cidade	36581	A_Tragédia_da_Rua_das_Flores	Mirandela	1	0.02
Local:cidade	36581	A_Tragédia_da_Rua_das_Flores	Bombaim	1	0.02
Local:cidade	36581	A_Tragédia_da_Rua_das_Flores	Tondela	2	0.02
Local:cidade	36581	A_Tragédia_da_Rua_das_Flores	Malines	1	0.02
Local:cidade	36581	A_Tragédia_da_Rua_das_Flores	Calcutá	3	0.02
Local:cidade	36581	A_Tragédia_da_Rua_das_Flores	Wigan	1	0.02
Local:cidade	36581	A_Tragédia_da_Rua_das_Flores	Bordeaux	1	0.02
Local:cidade	36581	A_Tragédia_da_Rua_das_Flores	Antuérpia	1	0.02
Local:cidade	36581	A_Trilogia_de_João_Fernandes	Lisboa	2	0.02
Local:cidade	36581	A_Trilogia_de_João_Fernandes	Porto	1	0.02
Local:cidade	36581	A_Trilogia_de_João_Fernandes	Paris	12	0.02
Local:cidade	36581	A_Velhice_do_Padre_Eterno	Babilónia	1	0.02
Local:cidade	36581	A_Velhice_do_Padre_Eterno	Roma	5	0.02
Local:cidade	36581	A_Velhice_do_Padre_Eterno	Atenas	1	0.02
Local:cidade	36581	A_Velhice_do_Padre_Eterno	Paris	4	0.02
Local:cidade	36581	A_Velhice_do_Padre_Eterno	Lisboa	1	0.02
Local:cidade	36581	A_Velhice_do_Padre_Eterno	Madrid	1	0.02
Local:cidade	36581	A_Velhice_do_Padre_Eterno	Berlim	1	0.02
Local:cidade	36581	A_Velhice_do_Padre_Eterno	Londres	2	0.02
Local:cidade	36581	A_Velhice_do_Padre_Eterno	Bordéus	1	0.02
Local:cidade	36581	A_Velhice_do_Padre_Eterno	Vigo	1	0.02
Local:cidade	36581	A_Vingança	Londres	4	0.02
Local:cidade	36581	A_Vingança	Rio=de=Janeiro	1	0.02
Local:cidade	36581	A_Vingança	Coimbra	2	0.02
Local:cidade	36581	A_Vingança	Roma	1	0.02
Local:cidade	36581	A_Vingança	Paris	4	0.02
Local:cidade	36581	A_Vingança	Porto	56	0.02
Local:cidade	36581	A_Vingança	Lisboa	47	0.02
Local:cidade	36581	A_Vingança	Buenos=Aires	12	0.02
Local:cidade	36581	A_Vingança	Vila=Real	4	0.02
Local:cidade	36581	A_Vingança	Pequim	2	0.02
Local:cidade	36581	A_Vingança	S.=Pedro=do=Sul	9	0.02
Local:cidade	36581	A_Voz_do_Profeta	Santiago	1	0.02
Local:cidade	36581	A_Voz_do_Profeta	Diu	1	0.02
Local:cidade	36581	A_Voz_do_Profeta	Cartago	1	0.02
Local:cidade	36581	A_Voz_do_Profeta	Porto	1	0.02
Local:cidade	36581	A_Voz_do_Profeta	Lisboa	3	0.02
Local:cidade	36581	A_Voz_do_Profeta	Roma	2	0.02
Local:cidade	36581	A_Voz_do_Profeta	Babilónia	1	0.02
Local:cidade	36581	A_Voz_do_Profeta	Ceuta	1	0.02
Local:cidade	36581	A_Voz_do_Profeta	Arzila	1	0.02
Local:cidade	36581	A_bruxa:_cenas_açorianas	Ribeira=Grande	2	0.02
Local:cidade	36581	A_bruxa:_cenas_açorianas	Alcobaça	1	0.02
Local:cidade	36581	A_chave_do_enigma	Paphos	3	0.02
Local:cidade	36581	A_chave_do_enigma	Odivelas	1	0.02
Local:cidade	36581	A_chave_do_enigma	Aveiro	1	0.02
Local:cidade	36581	A_chave_do_enigma	Cintra	1	0.02
Local:cidade	36581	A_chave_do_enigma	Póvoa	1	0.02
Local:cidade	36581	A_chave_do_enigma	Coimbra	9	0.02
Local:cidade	36581	A_chave_do_enigma	Guimarães	1	0.02
Local:cidade	36581	A_chave_do_enigma	Lisboa	8	0.02
Local:cidade	36581	A_chave_do_enigma	Porto	3	0.02
Local:cidade	36581	A_chave_do_enigma	Roma	5	0.02
Local:cidade	36581	A_chave_do_enigma	Dio	1	0.02
Local:cidade	36581	A_chave_do_enigma	Jerusalem	1	0.02
Local:cidade	36581	A_conquista_de_Lisboa	Alcobaça	2	0.02
Local:cidade	36581	A_conquista_de_Lisboa	Silves	2	0.02
Local:cidade	36581	A_conquista_de_Lisboa	Meca	1	0.02
Local:cidade	36581	A_conquista_de_Lisboa	Santarém	50	0.02
Local:cidade	36581	A_conquista_de_Lisboa	Coimbra	43	0.02
Local:cidade	36581	A_conquista_de_Lisboa	Guimarães	10	0.02
Local:cidade	36581	A_conquista_de_Lisboa	Lisboa	67	0.02
Local:cidade	36581	A_conquista_de_Lisboa	Roma	3	0.02
Local:cidade	36581	A_conquista_de_Lisboa	Lamego	10	0.02
Local:cidade	36581	A_conquista_de_Lisboa	Leiria	14	0.02
Local:cidade	36581	A_conquista_de_Lisboa	Beja	1	0.02
Local:cidade	36581	A_conquista_de_Lisboa	Granada	1	0.02
Local:cidade	36581	A_conquista_de_Lisboa	Évora	2	0.02
Local:cidade	36581	A_conquista_de_Lisboa	Santarem	1	0.02
Local:cidade	36581	A_conquista_de_Lisboa	Badajoz	4	0.02
Local:cidade	36581	A_descoberta_e_conquista_da_Índia_pelos_portugueses:_romance_historico	Silves	1	0.02
Local:cidade	36581	A_descoberta_e_conquista_da_Índia_pelos_portugueses:_romance_historico	Alcobaça	1	0.02
Local:cidade	36581	A_descoberta_e_conquista_da_Índia_pelos_portugueses:_romance_historico	Meca	1	0.02
Local:cidade	36581	A_descoberta_e_conquista_da_Índia_pelos_portugueses:_romance_historico	Dabul	4	0.02
Local:cidade	36581	A_descoberta_e_conquista_da_Índia_pelos_portugueses:_romance_historico	Cintra	2	0.02
Local:cidade	36581	A_descoberta_e_conquista_da_Índia_pelos_portugueses:_romance_historico	Coimbra	1	0.02
Local:cidade	36581	A_descoberta_e_conquista_da_Índia_pelos_portugueses:_romance_historico	Roma	2	0.02
Local:cidade	36581	A_descoberta_e_conquista_da_Índia_pelos_portugueses:_romance_historico	Lisboa	38	0.02
Local:cidade	36581	A_descoberta_e_conquista_da_Índia_pelos_portugueses:_romance_historico	Santiago	1	0.02
Local:cidade	36581	A_descoberta_e_conquista_da_Índia_pelos_portugueses:_romance_historico	Beja	2	0.02
Local:cidade	36581	A_descoberta_e_conquista_da_Índia_pelos_portugueses:_romance_historico	Granada	1	0.02
Local:cidade	36581	A_descoberta_e_conquista_da_Índia_pelos_portugueses:_romance_historico	Veneza	3	0.02
Local:cidade	36581	A_descoberta_e_conquista_da_Índia_pelos_portugueses:_romance_historico	Sines	1	0.02
Local:cidade	36581	A_descoberta_e_conquista_da_Índia_pelos_portugueses:_romance_historico	Jerusalem	1	0.02
Local:cidade	36581	A_descoberta_e_conquista_da_Índia_pelos_portugueses:_romance_historico	Melinde	27	0.02
Local:cidade	36581	A_descoberta_e_conquista_da_Índia_pelos_portugueses:_romance_historico	Cananor	19	0.02
Local:cidade	36581	A_descoberta_e_conquista_da_Índia_pelos_portugueses:_romance_historico	Evora	5	0.02
Local:cidade	36581	A_educanda_de_Odivelas	Odivelas	29	0.02
Local:cidade	36581	A_educanda_de_Odivelas	Lisboa	7	0.02
Local:cidade	36581	A_eminente_actriz	Gibraltar	1	0.02
Local:cidade	36581	A_eminente_actriz	Bragança	1	0.02
Local:cidade	36581	A_eminente_actriz	Paris	1	0.02
Local:cidade	36581	A_eminente_actriz	Lisboa	5	0.02
Local:cidade	36581	A_engomadeira:_novela_vulgar_lisboeta	Lisboa	7	0.02
Local:cidade	36581	A_engomadeira:_novela_vulgar_lisboeta	Paris	4	0.02
Local:cidade	36581	A_engomadeira:_novela_vulgar_lisboeta	Beja	1	0.02
Local:cidade	36581	A_engomadeira:_novela_vulgar_lisboeta	Lourenço=Marques	4	0.02
Local:cidade	36581	A_engomadeira:_novela_vulgar_lisboeta	Jerusalem	1	0.02
Local:cidade	36581	A_engomadeira:_novela_vulgar_lisboeta	Faro	1	0.02
Local:cidade	36581	A_engomadeira:_novela_vulgar_lisboeta	Verdun	2	0.02
Local:cidade	36581	A_engomadeira:_novela_vulgar_lisboeta	Figueira=da=Foz	3	0.02
Local:cidade	36581	A_ermida_de_Castromino	Pariz	9	0.02
Local:cidade	36581	A_ermida_de_Castromino	Alcobaça	2	0.02
Local:cidade	36581	A_ermida_de_Castromino	Bragança	1	0.02
Local:cidade	36581	A_ermida_de_Castromino	Aveiro	3	0.02
Local:cidade	36581	A_ermida_de_Castromino	Oxford	1	0.02
Local:cidade	36581	A_ermida_de_Castromino	Odivelas	1	0.02
Local:cidade	36581	A_ermida_de_Castromino	Ovar	1	0.02
Local:cidade	36581	A_ermida_de_Castromino	Castelo=Branco	4	0.02
Local:cidade	36581	A_ermida_de_Castromino	Cintra	21	0.02
Local:cidade	36581	A_ermida_de_Castromino	Bonn	1	0.02
Local:cidade	36581	A_ermida_de_Castromino	Coimbra	162	0.02
Local:cidade	36581	A_ermida_de_Castromino	Rio=de=Janeiro	24	0.02
Local:cidade	36581	A_ermida_de_Castromino	Elvas	1	0.02
Local:cidade	36581	A_ermida_de_Castromino	Roma	5	0.02
Local:cidade	36581	A_ermida_de_Castromino	Benguela	1	0.02
Local:cidade	36581	A_ermida_de_Castromino	Lisboa	98	0.02
Local:cidade	36581	A_ermida_de_Castromino	Porto	20	0.02
Local:cidade	36581	A_ermida_de_Castromino	Pombal	12	0.02
Local:cidade	36581	A_ermida_de_Castromino	Guimarães	1	0.02
Local:cidade	36581	A_ermida_de_Castromino	Santiago	1	0.02
Local:cidade	36581	A_ermida_de_Castromino	Leiria	4	0.02
Local:cidade	36581	A_ermida_de_Castromino	Londres	24	0.02
Local:cidade	36581	A_ermida_de_Castromino	Lamego	1	0.02
Local:cidade	36581	A_ermida_de_Castromino	Penafiel	1	0.02
Local:cidade	36581	A_ermida_de_Castromino	Peniche	1	0.02
Local:cidade	36581	A_ermida_de_Castromino	Manchester	2	0.02
Local:cidade	36581	A_ermida_de_Castromino	Rio=Maior	4	0.02
Local:cidade	36581	A_ermida_de_Castromino	Praga	1	0.02
Local:cidade	36581	A_ermida_de_Castromino	Badajoz	1	0.02
Local:cidade	36581	A_ermida_de_Castromino	Liverpool	2	0.02
Local:cidade	36581	A_ermida_de_Castromino	Cantanhede	12	0.02
Local:cidade	36581	A_ermida_de_Castromino	New=York	4	0.02
Local:cidade	36581	A_ermida_de_Castromino	Wiesbaden	3	0.02
Local:cidade	36581	A_feiticeira	Lisboa	2	0.02
Local:cidade	36581	A_filha_do_Cabinda	Rio=de=Janeiro	24	0.02
Local:cidade	36581	A_filha_do_Cabinda	Porto	1	0.02
Local:cidade	36581	A_geração_nova	Augsburg	1	0.02
Local:cidade	36581	A_geração_nova	Viena	2	0.02
Local:cidade	36581	A_geração_nova	Póvoa=de=Varzim	6	0.02
Local:cidade	36581	A_geração_nova	Bragança	1	0.02
Local:cidade	36581	A_geração_nova	Leipzig	1	0.02
Local:cidade	36581	A_geração_nova	Tróia	1	0.02
Local:cidade	36581	A_geração_nova	Leiria	3	0.02
Local:cidade	36581	A_geração_nova	Beja	1	0.02
Local:cidade	36581	A_geração_nova	Londres	1	0.02
Local:cidade	36581	A_geração_nova	Roma	2	0.02
Local:cidade	36581	A_geração_nova	Lisboa	15	0.02
Local:cidade	36581	A_geração_nova	Porto	28	0.02
Local:cidade	36581	A_geração_nova	Pombal	2	0.02
Local:cidade	36581	A_geração_nova	Paris	13	0.02
Local:cidade	36581	A_geração_nova	Cartago	1	0.02
Local:cidade	36581	A_geração_nova	Coimbra	6	0.02
Local:cidade	36581	A_geração_nova	Suez	1	0.02
Local:cidade	36581	A_geração_nova	Southampton	1	0.02
Local:cidade	36581	A_geração_nova	Fafe	1	0.02
Local:cidade	36581	A_geração_nova	Moscovo	1	0.02
Local:cidade	36581	A_guerrilha_de_Frei_Simão	Pariz	9	0.02
Local:cidade	36581	A_guerrilha_de_Frei_Simão	Chaves	33	0.02
Local:cidade	36581	A_guerrilha_de_Frei_Simão	Roma	8	0.02
Local:cidade	36581	A_guerrilha_de_Frei_Simão	Porto	124	0.02
Local:cidade	36581	A_guerrilha_de_Frei_Simão	Lisboa	49	0.02
Local:cidade	36581	A_guerrilha_de_Frei_Simão	Rio=de=Janeiro	6	0.02
Local:cidade	36581	A_guerrilha_de_Frei_Simão	Coimbra	74	0.02
Local:cidade	36581	A_guerrilha_de_Frei_Simão	Penafiel	1	0.02
Local:cidade	36581	A_guerrilha_de_Frei_Simão	Beja	9	0.02
Local:cidade	36581	A_guerrilha_de_Frei_Simão	Cadiz	2	0.02
Local:cidade	36581	A_guerrilha_de_Frei_Simão	Lamego	2	0.02
Local:cidade	36581	A_guerrilha_de_Frei_Simão	Londres	4	0.02
Local:cidade	36581	A_guerrilha_de_Frei_Simão	Bragança	3	0.02
Local:cidade	36581	A_guerrilha_de_Frei_Simão	Aveiro	11	0.02
Local:cidade	36581	A_guerrilha_de_Frei_Simão	Gibraltar	1	0.02
Local:cidade	36581	A_guerrilha_de_Frei_Simão	Alcobaça	9	0.02
Local:cidade	36581	A_guerrilha_de_Frei_Simão	Cintra	1	0.02
Local:cidade	36581	A_guerrilha_de_Frei_Simão	Evora	3	0.02
Local:cidade	36581	A_guerrilha_de_Frei_Simão	Caldas=da=Rainha	3	0.02
Local:cidade	36581	A_guerrilha_de_Frei_Simão	S.=Pedro=do=Sul	4	0.02
Local:cidade	36581	A_guerrilha_de_Frei_Simão	Tondela	1	0.02
Local:cidade	36581	A_guerrilha_de_Frei_Simão	Valbom	1	0.02
Local:cidade	36581	A_história_de_Dona_Redonda_e_da_sua_gente	Santiago	4	0.02
Local:cidade	36581	A_história_de_Dona_Redonda_e_da_sua_gente	Londres	1	0.02
Local:cidade	36581	A_história_de_Dona_Redonda_e_da_sua_gente	Lisboa	5	0.02
Local:cidade	36581	A_história_de_Dona_Redonda_e_da_sua_gente	Paris	1	0.02
Local:cidade	36581	A_ideia_da_comadre_Mónica	Sampetersburgo	1	0.02
Local:cidade	36581	A_ideia_da_comadre_Mónica	Porto	1	0.02
Local:cidade	36581	A_ideia_da_comadre_Mónica	Lisboa	7	0.02
Local:cidade	36581	A_ideia_da_comadre_Mónica	Guimarães	1	0.02
Local:cidade	36581	A_ideia_da_comadre_Mónica	Paris	7	0.02
Local:cidade	36581	A_ideia_da_comadre_Mónica	Roma	1	0.02
Local:cidade	36581	A_ideia_da_comadre_Mónica	Londres	1	0.02
Local:cidade	36581	A_ideia_da_comadre_Mónica	Beja	7	0.02
Local:cidade	36581	A_ideia_da_comadre_Mónica	Leiria	2	0.02
Local:cidade	36581	A_ideia_da_comadre_Mónica	Nuremberga	1	0.02
Local:cidade	36581	A_infâmia_de_Frei_Quintino	Vila=do=Conde	3	0.02
Local:cidade	36581	A_infâmia_de_Frei_Quintino	Paris	1	0.02
Local:cidade	36581	A_infâmia_de_Frei_Quintino	Guimarães	2	0.02
Local:cidade	36581	A_infâmia_de_Frei_Quintino	Porto	3	0.02
Local:cidade	36581	A_infâmia_de_Frei_Quintino	Benguela	1	0.02
Local:cidade	36581	A_infâmia_de_Frei_Quintino	Roma	1	0.02
Local:cidade	36581	A_infâmia_de_Frei_Quintino	Coimbra	21	0.02
Local:cidade	36581	A_infâmia_de_Frei_Quintino	Vila=Nova=de=Famalicão	4	0.02
Local:cidade	36581	A_infâmia_de_Frei_Quintino	Vila=Nova=de=Gaia	4	0.02
Local:cidade	36581	A_infâmia_de_Frei_Quintino	Havre	3	0.02
Local:cidade	36581	A_morte_vence	Bizâncio	1	0.02
Local:cidade	36581	A_morte_vence	Vizela	5	0.02
Local:cidade	36581	A_morte_vence	Lisboa	16	0.02
Local:cidade	36581	A_morte_vence	Porto	2	0.02
Local:cidade	36581	A_morte_vence	Paris	3	0.02
Local:cidade	36581	A_morte_vence	Guimarães	9	0.02
Local:cidade	36581	A_morte_vence	Cartago	1	0.02
Local:cidade	36581	A_morte_vence	Roma	1	0.02
Local:cidade	36581	A_morte_vence	Londres	3	0.02
Local:cidade	36581	A_província	Coimbra	1	0.02
Local:cidade	36581	A_província	Lisboa	8	0.02
Local:cidade	36581	A_província	Paris	1	0.02
Local:cidade	36581	A_província	Roma	1	0.02
Local:cidade	36581	A_província	Beja	1	0.02
Local:cidade	36581	A_pálida_estrela	Lisboa	6	0.02
Local:cidade	36581	A_pálida_estrela	Benguela	1	0.02
Local:cidade	36581	A_pálida_estrela	Roma	1	0.02
Local:cidade	36581	A_pálida_estrela	Leiria	3	0.02
Local:cidade	36581	A_pálida_estrela	Seul	1	0.02
Local:cidade	36581	A_rua_do_oiro	Bragança	1	0.02
Local:cidade	36581	A_rua_do_oiro	Cintra	1	0.02
Local:cidade	36581	A_rua_do_oiro	Coimbra	18	0.02
Local:cidade	36581	A_rua_do_oiro	Roma	2	0.02
Local:cidade	36581	A_rua_do_oiro	Lisboa	52	0.02
Local:cidade	36581	A_rua_do_oiro	Porto	4	0.02
Local:cidade	36581	A_rua_do_oiro	Pombal	2	0.02
Local:cidade	36581	A_rua_do_oiro	Paris	4	0.02
Local:cidade	36581	A_rua_do_oiro	Londres	4	0.02
Local:cidade	36581	A_rua_do_oiro	Veneza	1	0.02
Local:cidade	36581	A_rua_do_oiro	Faro	1	0.02
Local:cidade	36581	A_ruiva	Odivelas	1	0.02
Local:cidade	36581	A_ruiva	Aveiro	1	0.02
Local:cidade	36581	A_selva	Acre	5	0.02
Local:cidade	36581	A_selva	Santarém	3	0.02
Local:cidade	36581	A_selva	Rio=de=Janeiro	3	0.02
Local:cidade	36581	A_selva	Paris	1	0.02
Local:cidade	36581	A_selva	Lisboa	12	0.02
Local:cidade	36581	A_selva	Porto	1	0.02
Local:cidade	36581	A_selva	Faro	1	0.02
Local:cidade	36581	A_senhora_duquesa	Cidade=de=Coimbra	3	0.02
Local:cidade	36581	A_senhora_duquesa	Cidade=de=Bragança	3	0.02
Local:cidade	36581	A_senhora_duquesa	Oran	3	0.02
Local:cidade	36581	A_senhora_duquesa	Valladolid	1	0.02
Local:cidade	36581	A_senhora_duquesa	Ceuta	14	0.02
Local:cidade	36581	A_senhora_duquesa	Gibraltar	26	0.02
Local:cidade	36581	A_senhora_duquesa	Bragança	12	0.02
Local:cidade	36581	A_senhora_duquesa	Aveiro	1	0.02
Local:cidade	36581	A_senhora_duquesa	Cintra	2	0.02
Local:cidade	36581	A_senhora_duquesa	Mazagão	1	0.02
Local:cidade	36581	A_senhora_duquesa	Coimbra	2	0.02
Local:cidade	36581	A_senhora_duquesa	Elvas	2	0.02
Local:cidade	36581	A_senhora_duquesa	Tripoli	1	0.02
Local:cidade	36581	A_senhora_duquesa	Roma	11	0.02
Local:cidade	36581	A_senhora_duquesa	Guimarães	12	0.02
Local:cidade	36581	A_senhora_duquesa	Paris	5	0.02
Local:cidade	36581	A_senhora_duquesa	Porto	7	0.02
Local:cidade	36581	A_senhora_duquesa	Lisboa	52	0.02
Local:cidade	36581	A_senhora_duquesa	Dio	1	0.02
Local:cidade	36581	A_senhora_duquesa	Leiria	2	0.02
Local:cidade	36581	A_senhora_duquesa	Beja	8	0.02
Local:cidade	36581	A_senhora_duquesa	Santiago	2	0.02
Local:cidade	36581	A_senhora_duquesa	Cadiz	3	0.02
Local:cidade	36581	A_senhora_duquesa	Lixboa	2	0.02
Local:cidade	36581	A_senhora_duquesa	Granada	4	0.02
Local:cidade	36581	A_senhora_duquesa	Toledo	1	0.02
Local:cidade	36581	A_senhora_duquesa	Lamego	3	0.02
Local:cidade	36581	A_senhora_duquesa	Évora	1	0.02
Local:cidade	36581	A_senhora_duquesa	Veneza	2	0.02
Local:cidade	36581	A_senhora_duquesa	Penafiel	1	0.02
Local:cidade	36581	A_senhora_duquesa	Rio=Maior	2	0.02
Local:cidade	36581	A_senhora_duquesa	Sines	1	0.02
Local:cidade	36581	A_senhora_duquesa	Santarem	3	0.02
Local:cidade	36581	A_senhora_duquesa	Chaves	3	0.02
Local:cidade	36581	A_senhora_duquesa	Azamor	32	0.02
Local:cidade	36581	A_senhora_duquesa	Faro	1	0.02
Local:cidade	36581	A_senhora_duquesa	Jerusalem	1	0.02
Local:cidade	36581	A_senhora_duquesa	Huelva	3	0.02
Local:cidade	36581	A_senhora_duquesa	Sevilla	5	0.02
Local:cidade	36581	A_senhora_duquesa	Cidade=de=Lisboa	3	0.02
Local:cidade	36581	A_senhora_duquesa	Evora	34	0.02
Local:cidade	36581	A_senhora_duquesa	San=Francisco	2	0.02
Local:cidade	36581	A_senhora_duquesa	Cidade=de=Granada	3	0.02
Local:cidade	36581	A_senhora_duquesa	Melilla	4	0.02
Local:cidade	36581	A_senhora_viscondessa	Coimbra	2	0.02
Local:cidade	36581	A_senhora_viscondessa	Rio=de=Janeiro	3	0.02
Local:cidade	36581	A_senhora_viscondessa	Verona	1	0.02
Local:cidade	36581	A_senhora_viscondessa	Roma	1	0.02
Local:cidade	36581	A_senhora_viscondessa	Paris	1	0.02
Local:cidade	36581	A_senhora_viscondessa	Lisboa	4	0.02
Local:cidade	36581	A_senhora_viscondessa	Granada	1	0.02
Local:cidade	36581	A_situação_política	Elvas	1	0.02
Local:cidade	36581	A_situação_política	Roma	1	0.02
Local:cidade	36581	A_vida_em_Lisboa	Pariz	2	0.02
Local:cidade	36581	A_vida_em_Lisboa	Cintra	11	0.02
Local:cidade	36581	A_vida_em_Lisboa	Castelo=Branco	14	0.02
Local:cidade	36581	A_vida_em_Lisboa	Lisboa	163	0.02
Local:cidade	36581	A_vida_em_Lisboa	Porto	10	0.02
Local:cidade	36581	A_vida_em_Lisboa	Paris	6	0.02
Local:cidade	36581	A_vida_em_Lisboa	Roma	2	0.02
Local:cidade	36581	A_vida_em_Lisboa	Coimbra	3	0.02
Local:cidade	36581	A_vida_em_Lisboa	Rio=de=Janeiro	12	0.02
Local:cidade	36581	A_vida_por_um_prejuízo	Cintra	2	0.02
Local:cidade	36581	A_vida_por_um_prejuízo	Lisboa	8	0.02
Local:cidade	36581	A_vinha	Lisboa	2	0.02
Local:cidade	36581	A_última_ceia_do_Doutor_Fausto	Lisboa	3	0.02
Local:cidade	36581	A_última_ceia_do_Doutor_Fausto	Paris	1	0.02
Local:cidade	36581	Acabou-se!	Porto	1	0.02
Local:cidade	36581	Acabou-se!	Lisboa	1	0.02
Local:cidade	36581	Adelina	Cintra	1	0.02
Local:cidade	36581	Adelina	Rio=de=Janeiro	3	0.02
Local:cidade	36581	Adelina	Coimbra	1	0.02
Local:cidade	36581	Adelina	Lisboa	9	0.02
Local:cidade	36581	Adelina	Porto	12	0.02
Local:cidade	36581	Adelina	Jerusalem	1	0.02
Local:cidade	36581	Adosinda	Santiago	2	0.02
Local:cidade	36581	Adosinda	Berlim	1	0.02
Local:cidade	36581	Adosinda	Madrid	3	0.02
Local:cidade	36581	Adosinda	Londres	17	0.02
Local:cidade	36581	Adosinda	Vila=do=Conde	2	0.02
Local:cidade	36581	Adosinda	Haia	1	0.02
Local:cidade	36581	Adosinda	Coimbra	1	0.02
Local:cidade	36581	Adosinda	Porto	3	0.02
Local:cidade	36581	Adosinda	Lisboa	17	0.02
Local:cidade	36581	Adosinda	Paris	7	0.02
Local:cidade	36581	Adosinda	Vizela	1	0.02
Local:cidade	36581	Adosinda	Ceuta	1	0.02
Local:cidade	36581	Agostinho_de_Ceuta	Lisboa	1	0.02
Local:cidade	36581	Agostinho_de_Ceuta	Porto	1	0.02
Local:cidade	36581	Agostinho_de_Ceuta	Ceuta	6	0.02
Local:cidade	36581	Agostinho_de_Ceuta	Bragança	1	0.02
Local:cidade	36581	Agostinho_de_Ceuta	Vila=Real	2	0.02
Local:cidade	36581	Alba_Plena	Roma	1	0.02
Local:cidade	36581	Alba_Plena	Atenas	1	0.02
Local:cidade	36581	Alba_Plena	Tiberíade	1	0.02
Local:cidade	36581	Alba_Plena	Siquém	1	0.02
Local:cidade	36581	Alba_Plena	Heliópolis	1	0.02
Local:cidade	36581	Alice	Paris	2	0.02
Local:cidade	36581	Alice	Lisboa	4	0.02
Local:cidade	36581	Alma_de_mulher	Coimbra	2	0.02
Local:cidade	36581	Alma_de_mulher	Lamego	1	0.02
Local:cidade	36581	Alves_e_Companhia	Buenos=Aires	2	0.02
Local:cidade	36581	Alves_e_Companhia	Paris	3	0.02
Local:cidade	36581	Alves_e_Companhia	Lisboa	5	0.02
Local:cidade	36581	Alves_e_Companhia	Porto	6	0.02
Local:cidade	36581	Amanhã	Manchester	1	0.02
Local:cidade	36581	Amanhã	Roma	6	0.02
Local:cidade	36581	Amanhã	Paris	3	0.02
Local:cidade	36581	Amanhã	Lisboa	17	0.02
Local:cidade	36581	Amanhã	Porto	3	0.02
Local:cidade	36581	Amanhã	Coimbra	2	0.02
Local:cidade	36581	Amanhã	Oxford	1	0.02
Local:cidade	36581	Amanhã	Viena	1	0.02
Local:cidade	36581	Ambições	Arrás	1	0.02
Local:cidade	36581	Ambições	Roma	2	0.02
Local:cidade	36581	Ambições	Porto	1	0.02
Local:cidade	36581	Ambições	Lisboa	39	0.02
Local:cidade	36581	Ambições	Paris	25	0.02
Local:cidade	36581	Ambições	Coimbra	7	0.02
Local:cidade	36581	Ambições	Veneza	1	0.02
Local:cidade	36581	Ambições	Londres	2	0.02
Local:cidade	36581	Ambições	Cintra	5	0.02
Local:cidade	36581	Amor_crioulo	Ciudad=de=Londres	3	0.02
Local:cidade	36581	Amor_crioulo	Suipacha	3	0.02
Local:cidade	36581	Amor_crioulo	S.=Petersburgo	2	0.02
Local:cidade	36581	Amor_crioulo	Palermo	6	0.02
Local:cidade	36581	Amor_crioulo	Marselha	1	0.02
Local:cidade	36581	Amor_crioulo	Chaves	1	0.02
Local:cidade	36581	Amor_crioulo	Lisboa	5	0.02
Local:cidade	36581	Amor_crioulo	Cartago	1	0.02
Local:cidade	36581	Amor_crioulo	Paris	9	0.02
Local:cidade	36581	Amor_crioulo	Pombal	1	0.02
Local:cidade	36581	Amor_crioulo	Rio=de=Janeiro	12	0.02
Local:cidade	36581	Amor_crioulo	Potosi	1	0.02
Local:cidade	36581	Amor_crioulo	Veneza	1	0.02
Local:cidade	36581	Amor_crioulo	Granada	2	0.02
Local:cidade	36581	Amor_crioulo	Toledo	1	0.02
Local:cidade	36581	Amor_crioulo	Londres	5	0.02
Local:cidade	36581	Amor_crioulo	Lamego	1	0.02
Local:cidade	36581	Amor_crioulo	Ceuta	1	0.02
Local:cidade	36581	Amor_crioulo	Viena	1	0.02
Local:cidade	36581	Amor_crioulo	Vigo	1	0.02
Local:cidade	36581	Amor_crioulo	Liverpool	1	0.02
Local:cidade	36581	Amor_de_Perdição	Madrid	1	0.02
Local:cidade	36581	Amor_de_Perdição	Veneza	1	0.02
Local:cidade	36581	Amor_de_Perdição	Coimbra	39	0.02
Local:cidade	36581	Amor_de_Perdição	Paris	2	0.02
Local:cidade	36581	Amor_de_Perdição	Lisboa	26	0.02
Local:cidade	36581	Amor_de_Perdição	Porto	41	0.02
Local:cidade	36581	Amor_de_Perdição	Alcobaça	1	0.02
Local:cidade	36581	Amor_de_Perdição	Bragança	3	0.02
Local:cidade	36581	Amor_de_Perdição	Viseu	47	0.02
Local:cidade	36581	Amor_de_Perdição	Vila=Real	36	0.02
Local:cidade	36581	Amor_de_Salvação	Madrid	1	0.02
Local:cidade	36581	Amor_de_Salvação	Potosi	1	0.02
Local:cidade	36581	Amor_de_Salvação	Coimbra	14	0.02
Local:cidade	36581	Amor_de_Salvação	Roma	1	0.02
Local:cidade	36581	Amor_de_Salvação	Paris	22	0.02
Local:cidade	36581	Amor_de_Salvação	Lisboa	45	0.02
Local:cidade	36581	Amor_de_Salvação	Porto	11	0.02
Local:cidade	36581	Amor_de_Salvação	Babilónia	1	0.02
Local:cidade	36581	Amor_de_Salvação	Buenos=Aires	6	0.02
Local:cidade	36581	Amor_de_Salvação	Buenos=Mies	2	0.02
Local:cidade	36581	Anfitrião_ou_Júpiter_e_Alcmena	Tebas	12	0.02
Local:cidade	36581	Anfitrião_ou_Júpiter_e_Alcmena	Lisboa	1	0.02
Local:cidade	36581	Anátema	Madrid	12	0.02
Local:cidade	36581	Anátema	Coimbra	2	0.02
Local:cidade	36581	Anátema	Atenas	1	0.02
Local:cidade	36581	Anátema	Roma	1	0.02
Local:cidade	36581	Anátema	Lisboa	24	0.02
Local:cidade	36581	Anátema	Porto	3	0.02
Local:cidade	36581	Anátema	Babilónia	1	0.02
Local:cidade	36581	Anátema	Viseu	1	0.02
Local:cidade	36581	Anátema	Mirandela	1	0.02
Local:cidade	36581	Anátema	Chaves	2	0.02
Local:cidade	36581	Anátema	Vila=Real	58	0.02
Local:cidade	36581	Ao_de_leve	Coimbra	3	0.02
Local:cidade	36581	Ao_de_leve	Paris	3	0.02
Local:cidade	36581	Ao_de_leve	Pombal	1	0.02
Local:cidade	36581	Ao_de_leve	Porto	3	0.02
Local:cidade	36581	Ao_de_leve	Lisboa	5	0.02
Local:cidade	36581	Ao_de_leve	Londres	1	0.02
Local:cidade	36581	Ao_de_leve	Dio	1	0.02
Local:cidade	36581	Ao_de_leve	Marselha	1	0.02
Local:cidade	36581	Ao_de_leve	Toulon	1	0.02
Local:cidade	36581	Ao_de_leve	Biarritz	2	0.02
Local:cidade	36581	Apólogos_e_Adivinhações	Paris	1	0.02
Local:cidade	36581	Artigo_de_Sensação	Lisboa	1	0.02
Local:cidade	36581	Arzila:_Romance_do_Século_XV	Meca	1	0.02
Local:cidade	36581	Arzila:_Romance_do_Século_XV	Gibraltar	1	0.02
Local:cidade	36581	Arzila:_Romance_do_Século_XV	Ceuta	7	0.02
Local:cidade	36581	Arzila:_Romance_do_Século_XV	Bragança	2	0.02
Local:cidade	36581	Arzila:_Romance_do_Século_XV	Fez	6	0.02
Local:cidade	36581	Arzila:_Romance_do_Século_XV	Coimbra	6	0.02
Local:cidade	36581	Arzila:_Romance_do_Século_XV	Paris	2	0.02
Local:cidade	36581	Arzila:_Romance_do_Século_XV	Guimarães	2	0.02
Local:cidade	36581	Arzila:_Romance_do_Século_XV	Porto	21	0.02
Local:cidade	36581	Arzila:_Romance_do_Século_XV	Lisboa	48	0.02
Local:cidade	36581	Arzila:_Romance_do_Século_XV	Roma	5	0.02
Local:cidade	36581	Arzila:_Romance_do_Século_XV	Leiria	6	0.02
Local:cidade	36581	Arzila:_Romance_do_Século_XV	Granada	1	0.02
Local:cidade	36581	Arzila:_Romance_do_Século_XV	Toledo	1	0.02
Local:cidade	36581	Arzila:_Romance_do_Século_XV	Veneza	1	0.02
Local:cidade	36581	Arzila:_Romance_do_Século_XV	Santarem	3	0.02
Local:cidade	36581	As_Farpas_Tomo_VIII	Coimbra	16	0.02
Local:cidade	36581	As_Farpas_Tomo_VIII	Paris	7	0.02
Local:cidade	36581	As_Farpas_Tomo_VIII	Lisboa	38	0.02
Local:cidade	36581	As_Farpas_Tomo_VIII	Benguela	1	0.02
Local:cidade	36581	As_Farpas_Tomo_VIII	Porto	11	0.02
Local:cidade	36581	As_Farpas_Tomo_VIII	Roma	2	0.02
Local:cidade	36581	As_Farpas_Tomo_VIII	Berlim	2	0.02
Local:cidade	36581	As_Farpas_Tomo_VIII	Londres	7	0.02
Local:cidade	36581	As_Farpas_Tomo_VIII	Oxford	2	0.02
Local:cidade	36581	As_Farpas_Tomo_VIII	Bragança	1	0.02
Local:cidade	36581	As_Farpas_Tomo_VIII	Suez	1	0.02
Local:cidade	36581	As_Farpas_Tomo_VIII	Zanzibar	2	0.02
Local:cidade	36581	As_Farpas_Tomo_VIII	Estrasburgo	1	0.02
Local:cidade	36581	As_Ilhas_Desconhecidas	Ribeira=Grande	8	0.02
Local:cidade	36581	As_Ilhas_Desconhecidas	Lisboa	5	0.02
Local:cidade	36581	As_Ilhas_Desconhecidas	Londres	1	0.02
Local:cidade	36581	As_Ilhas_Desconhecidas	Castelo=Branco	6	0.02
Local:cidade	36581	As_Lendas_Cristãs	Vicenze	1	0.02
Local:cidade	36581	As_Lendas_Cristãs	Porto	2	0.02
Local:cidade	36581	As_Lendas_Cristãs	Cartago	7	0.02
Local:cidade	36581	As_Lendas_Cristãs	Paris	6	0.02
Local:cidade	36581	As_Lendas_Cristãs	Atenas	1	0.02
Local:cidade	36581	As_Lendas_Cristãs	Roma	60	0.02
Local:cidade	36581	As_Lendas_Cristãs	Veneza	2	0.02
Local:cidade	36581	As_Lendas_Cristãs	Alexandria	5	0.02
Local:cidade	36581	As_Lendas_Cristãs	Tróia	1	0.02
Local:cidade	36581	As_Lendas_Cristãs	Londres	1	0.02
Local:cidade	36581	As_Lendas_Cristãs	Toledo	4	0.02
Local:cidade	36581	As_Lendas_Cristãs	Oxford	1	0.02
Local:cidade	36581	As_Lendas_Cristãs	Amsterdam	1	0.02
Local:cidade	36581	As_Lendas_Cristãs	Viseu	2	0.02
Local:cidade	36581	As_Lendas_Cristãs	Bragança	1	0.02
Local:cidade	36581	As_Lendas_Cristãs	Constantinopla	1	0.02
Local:cidade	36581	As_Lendas_Cristãs	Tavira	1	0.02
Local:cidade	36581	As_Lendas_Cristãs	Delfos	1	0.02
Local:cidade	36581	As_Lendas_Cristãs	Hamburgo	2	0.02
Local:cidade	36581	As_Lendas_Cristãs	Génova	1	0.02
Local:cidade	36581	As_Lendas_Cristãs	Babilónia	2	0.02
Local:cidade	36581	As_Lendas_Cristãs	Marselha	3	0.02
Local:cidade	36581	As_Lendas_Cristãs	Vila=Nova=de=Gaia	2	0.02
Local:cidade	36581	As_Lendas_Cristãs	Francoforte	1	0.02
Local:cidade	36581	As_Lendas_Cristãs	Murcia	1	0.02
Local:cidade	36581	As_Lendas_Cristãs	Ravena	1	0.02
Local:cidade	36581	As_Lendas_Cristãs	Tournai	1	0.02
Local:cidade	36581	As_Minas_de_Salomão	Londres	5	0.02
Local:cidade	36581	As_Minas_de_Salomão	Lourenço=Marques	16	0.02
Local:cidade	36581	As_Minas_de_Salomão	Southampton	1	0.02
Local:cidade	36581	As_Minas_de_Salomão	Lu	28	0.02
Local:cidade	36581	As_Minas_de_Salomão	Durban	17	0.02
Local:cidade	36581	As_Praias_de_Portugal._Guia_do_Banhista_e_do_Viajante	Alcobaça	5	0.02
Local:cidade	36581	As_Praias_de_Portugal._Guia_do_Banhista_e_do_Viajante	Bragança	2	0.02
Local:cidade	36581	As_Praias_de_Portugal._Guia_do_Banhista_e_do_Viajante	Santarém	2	0.02
Local:cidade	36581	As_Praias_de_Portugal._Guia_do_Banhista_e_do_Viajante	Aveiro	3	0.02
Local:cidade	36581	As_Praias_de_Portugal._Guia_do_Banhista_e_do_Viajante	Ovar	2	0.02
Local:cidade	36581	As_Praias_de_Portugal._Guia_do_Banhista_e_do_Viajante	Póvoa=de=Varzim	6	0.02
Local:cidade	36581	As_Praias_de_Portugal._Guia_do_Banhista_e_do_Viajante	Póvoa	16	0.02
Local:cidade	36581	As_Praias_de_Portugal._Guia_do_Banhista_e_do_Viajante	Coimbra	10	0.02
Local:cidade	36581	As_Praias_de_Portugal._Guia_do_Banhista_e_do_Viajante	Roma	1	0.02
Local:cidade	36581	As_Praias_de_Portugal._Guia_do_Banhista_e_do_Viajante	Porto	20	0.02
Local:cidade	36581	As_Praias_de_Portugal._Guia_do_Banhista_e_do_Viajante	Lisboa	37	0.02
Local:cidade	36581	As_Praias_de_Portugal._Guia_do_Banhista_e_do_Viajante	Pombal	3	0.02
Local:cidade	36581	As_Praias_de_Portugal._Guia_do_Banhista_e_do_Viajante	Guimarães	2	0.02
Local:cidade	36581	As_Praias_de_Portugal._Guia_do_Banhista_e_do_Viajante	Paris	6	0.02
Local:cidade	36581	As_Praias_de_Portugal._Guia_do_Banhista_e_do_Viajante	Toledo	1	0.02
Local:cidade	36581	As_Praias_de_Portugal._Guia_do_Banhista_e_do_Viajante	Leiria	4	0.02
Local:cidade	36581	As_Praias_de_Portugal._Guia_do_Banhista_e_do_Viajante	Londres	1	0.02
Local:cidade	36581	As_Praias_de_Portugal._Guia_do_Banhista_e_do_Viajante	Vila=do=Conde	30	0.02
Local:cidade	36581	As_Praias_de_Portugal._Guia_do_Banhista_e_do_Viajante	Tróia	3	0.02
Local:cidade	36581	As_Praias_de_Portugal._Guia_do_Banhista_e_do_Viajante	Penafiel	1	0.02
Local:cidade	36581	As_Praias_de_Portugal._Guia_do_Banhista_e_do_Viajante	Peniche	3	0.02
Local:cidade	36581	As_Praias_de_Portugal._Guia_do_Banhista_e_do_Viajante	Vila=Nova=de=Famalicão	4	0.02
Local:cidade	36581	As_Praias_de_Portugal._Guia_do_Banhista_e_do_Viajante	Caldas=da=Rainha	12	0.02
Local:cidade	36581	As_Praias_de_Portugal._Guia_do_Banhista_e_do_Viajante	Fafe	1	0.02
Local:cidade	36581	As_Praias_de_Portugal._Guia_do_Banhista_e_do_Viajante	Havre	1	0.02
Local:cidade	36581	As_Praias_de_Portugal._Guia_do_Banhista_e_do_Viajante	New=York	2	0.02
Local:cidade	36581	As_Pupilas_do_Senhor_Reitor	Porto	15	0.02
Local:cidade	36581	As_Pupilas_do_Senhor_Reitor	Coimbra	4	0.02
Local:cidade	36581	As_apreensões_de_uma_mãe	Porto	12	0.02
Local:cidade	36581	As_apreensões_de_uma_mãe	Lisboa	2	0.02
Local:cidade	36581	As_apreensões_de_uma_mãe	Paris	8	0.02
Local:cidade	36581	As_apreensões_de_uma_mãe	Coimbra	2	0.02
Local:cidade	36581	As_duas_cartas	Porto	20	0.02
Local:cidade	36581	As_duas_cartas	Lisboa	4	0.02
Local:cidade	36581	As_noites_do_asceta	Roma	1	0.02
Local:cidade	36581	As_noites_do_asceta	Lisboa	2	0.02
Local:cidade	36581	As_noites_do_asceta	Coimbra	1	0.02
Local:cidade	36581	As_noites_do_asceta	Beja	1	0.02
Local:cidade	36581	As_noites_do_asceta	Aveiro	1	0.02
Local:cidade	36581	As_noites_do_asceta	Bragança	3	0.02
Local:cidade	36581	As_noites_do_asceta	Alcobaça	1	0.02
Local:cidade	36581	As_noites_do_asceta	Castelo=Branco	2	0.02
Local:cidade	36581	As_noites_do_asceta	Cintra	6	0.02
Local:cidade	36581	As_noites_do_asceta	Fiesole	1	0.02
Local:cidade	36581	As_obras_do_diabinho_da_mão_furada	Aldeia=Galega	4	0.02
Local:cidade	36581	As_obras_do_diabinho_da_mão_furada	Roma	1	0.02
Local:cidade	36581	As_obras_do_diabinho_da_mão_furada	Lisboa	9	0.02
Local:cidade	36581	As_obras_do_diabinho_da_mão_furada	Porto	1	0.02
Local:cidade	36581	As_obras_do_diabinho_da_mão_furada	Fez	1	0.02
Local:cidade	36581	As_obras_do_diabinho_da_mão_furada	Évora	2	0.02
Local:cidade	36581	Assembleia_ou_partida	Cartago	2	0.02
Local:cidade	36581	Assembleia_ou_partida	Paris	1	0.02
Local:cidade	36581	Assembleia_ou_partida	Lisboa	4	0.02
Local:cidade	36581	Assembleia_ou_partida	Veneza	1	0.02
Local:cidade	36581	Assembleia_ou_partida	Londres	1	0.02
Local:cidade	36581	Assembleia_ou_partida	Praga	1	0.02
Local:cidade	36581	Astúcias_de_namorada	Lisboa	7	0.02
Local:cidade	36581	Auto_Chamado_de_Filodemo	Veneza	2	0.02
Local:cidade	36581	Auto_da_Alma	Lisboa	1	0.02
Local:cidade	36581	Auto_da_Barca_da_Glória	Viena	2	0.02
Local:cidade	36581	Auto_da_Barca_do_Purgatório	Diu	1	0.02
Local:cidade	36581	Auto_da_Barca_do_Purgatório	Lisboa	1	0.02
Local:cidade	36581	Auto_da_Cananeia	Paris	1	0.02
Local:cidade	36581	Auto_da_Fé	Viena	4	0.02
Local:cidade	36581	Auto_da_Fé	Paris	1	0.02
Local:cidade	36581	Auto_da_História_de_Deus	Belém=de=Judá	2	0.02
Local:cidade	36581	Auto_da_História_de_Deus	Roma	1	0.02
Local:cidade	36581	Auto_da_História_de_Deus	Aldeia=Galega	2	0.02
Local:cidade	36581	Auto_da_Visitação	Paris	1	0.02
Local:cidade	36581	Auto_da_feira	Roma	14	0.02
Local:cidade	36581	Auto_da_feira	Lisboa	1	0.02
Local:cidade	36581	Auto_da_Índia	Meca	1	0.02
Local:cidade	36581	Auto_da_Índia	Lisboa	1	0.02
Local:cidade	36581	Auto_da_Índia	Calecu	1	0.02
Local:cidade	36581	Auto_de_Mofina_Mendes	Roma	1	0.02
Local:cidade	36581	Auto_dos_Quatro_Tempos	Viena	3	0.02
Local:cidade	36581	Auto_dos_Quatro_Tempos	Lisboa	1	0.02
Local:cidade	36581	Auto_dos_Quatro_Tempos	Sevilla	2	0.02
Local:cidade	36581	Auto_dos_Reis_Magos	Paris	1	0.02
Local:cidade	36581	Aventuras_de_Basílio_Fernandes_Enxertado	Penafiel	1	0.02
Local:cidade	36581	Aventuras_de_Basílio_Fernandes_Enxertado	Veneza	1	0.02
Local:cidade	36581	Aventuras_de_Basílio_Fernandes_Enxertado	Coimbra	6	0.02
Local:cidade	36581	Aventuras_de_Basílio_Fernandes_Enxertado	Espinho	1	0.02
Local:cidade	36581	Aventuras_de_Basílio_Fernandes_Enxertado	Roma	1	0.02
Local:cidade	36581	Aventuras_de_Basílio_Fernandes_Enxertado	Paris	18	0.02
Local:cidade	36581	Aventuras_de_Basílio_Fernandes_Enxertado	Lisboa	48	0.02
Local:cidade	36581	Aventuras_de_Basílio_Fernandes_Enxertado	Porto	68	0.02
Local:cidade	36581	Aventuras_de_Basílio_Fernandes_Enxertado	Ovar	1	0.02
Local:cidade	36581	Aventuras_de_Basílio_Fernandes_Enxertado	Bragança	3	0.02
Local:cidade	36581	Aventuras_de_Basílio_Fernandes_Enxertado	Ílhavo	1	0.02
Local:cidade	36581	Aventuras_de_Basílio_Fernandes_Enxertado	Chaves	1	0.02
Local:cidade	36581	Aventuras_de_Basílio_Fernandes_Enxertado	Vila=Real	2	0.02
Local:cidade	36581	Aventuras_de_Basílio_Fernandes_Enxertado	Marco=de=Canaveses	2	0.02
Local:cidade	36581	Aventuras_de_Basílio_Fernandes_Enxertado	Narva	1	0.02
Local:cidade	36581	Aventuras_de_Dona_Redonda	Roma	4	0.02
Local:cidade	36581	Aventuras_de_Dona_Redonda	Lisboa	1	0.02
Local:cidade	36581	Aventuras_de_Dona_Redonda	Porto	1	0.02
Local:cidade	36581	Aves_migradoras	Porto	1	0.02
Local:cidade	36581	Aves_migradoras	Lisboa	6	0.02
Local:cidade	36581	Aves_migradoras	Evora	1	0.02
Local:cidade	36581	Campo_de_Flores_Tomo_II	Coimbra	1	0.02
Local:cidade	36581	Campo_de_Flores_Tomo_II	Roma	1	0.02
Local:cidade	36581	Campo_de_Flores_Tomo_II	Porto	8	0.02
Local:cidade	36581	Campo_de_Flores_Tomo_II	Lisboa	3	0.02
Local:cidade	36581	Campo_de_Flores_Tomo_II	Paris	3	0.02
Local:cidade	36581	Campo_de_Flores_Tomo_II	Moura	1	0.02
Local:cidade	36581	Campo_de_Flores_Tomo_II	Babilónia	3	0.02
Local:cidade	36581	Campo_de_Flores_Tomo_II	Gouveia	1	0.02
Local:cidade	36581	Campo_de_Flores_Tomo_II	Tondela	1	0.02
Local:cidade	36581	Campo_de_Flores_Tomo_II	Engaddi	1	0.02
Local:cidade	36581	Camões_(AG)	Madrid	4	0.02
Local:cidade	36581	Camões_(AG)	Berlim	1	0.02
Local:cidade	36581	Camões_(AG)	Londres	4	0.02
Local:cidade	36581	Camões_(AG)	Ulisseia	2	0.02
Local:cidade	36581	Camões_(AG)	Coimbra	15	0.02
Local:cidade	36581	Camões_(AG)	Malaca	2	0.02
Local:cidade	36581	Camões_(AG)	Roma	8	0.02
Local:cidade	36581	Camões_(AG)	Porto	1	0.02
Local:cidade	36581	Camões_(AG)	Lisboa	38	0.02
Local:cidade	36581	Camões_(AG)	Diu	2	0.02
Local:cidade	36581	Camões_(AG)	Cartago	1	0.02
Local:cidade	36581	Camões_(AG)	Paris	18	0.02
Local:cidade	36581	Camões_(AG)	Valladolid	1	0.02
Local:cidade	36581	Camões_(AG)	Bragança	1	0.02
Local:cidade	36581	Camões_(AG)	Ílhavo	2	0.02
Local:cidade	36581	Camões_(AG)	Ceuta	8	0.02
Local:cidade	36581	Camões_(AG)	Tunes	1	0.02
Local:cidade	36581	Camões_(AG)	Oxford	1	0.02
Local:cidade	36581	Camões_(AG)	Leipzig	1	0.02
Local:cidade	36581	Camões_(AG)	Amsterdam	1	0.02
Local:cidade	36581	Camões_(AG)	London	5	0.02
Local:cidade	36581	Camões_(AG)	Bizâncio	1	0.02
Local:cidade	36581	Camões_(AG)	Dabul	1	0.02
Local:cidade	36581	Camões_(AG)	Meca	2	0.02
Local:cidade	36581	Camões_(AG)	Pafos	2	0.02
Local:cidade	36581	Camões_(AG)	Cidade=de=Albuquerque	2	0.02
Local:cidade	36581	Camões_(AG)	Odivelas	1	0.02
Local:cidade	36581	Camões_(AG)	Viseu	1	0.02
Local:cidade	36581	Cancioneiro_Alegre_I	Londres	2	0.02
Local:cidade	36581	Cancioneiro_Alegre_I	Tróia	1	0.02
Local:cidade	36581	Cancioneiro_Alegre_I	Coimbra	3	0.02
Local:cidade	36581	Cancioneiro_Alegre_I	Atenas	1	0.02
Local:cidade	36581	Cancioneiro_Alegre_I	Roma	4	0.02
Local:cidade	36581	Cancioneiro_Alegre_I	Diu	1	0.02
Local:cidade	36581	Cancioneiro_Alegre_I	Paris	7	0.02
Local:cidade	36581	Cancioneiro_Alegre_I	Porto	10	0.02
Local:cidade	36581	Cancioneiro_Alegre_I	Lisboa	12	0.02
Local:cidade	36581	Cancioneiro_Alegre_I	Washington	1	0.02
Local:cidade	36581	Cancioneiro_Alegre_I	Edimburgo	1	0.02
Local:cidade	36581	Cancioneiro_Geral_(Prólogo)	Roma	1	0.02
Local:cidade	36581	Cantos_e_Cantatas	Lisboa	3	0.02
Local:cidade	36581	Cantos_e_Cantatas	Ulisseia	2	0.02
Local:cidade	36581	Canções	Diu	1	0.02
Local:cidade	36581	Cartas	Lisboa	4	0.02
Local:cidade	36581	Cartas	Porto	1	0.02
Local:cidade	36581	Cartas	Moura	1	0.02
Local:cidade	36581	Cartas	Ceuta	1	0.02
Local:cidade	36581	Cartas	Babilónia	1	0.02
Local:cidade	36581	Cartas	Estremoz	1	0.02
Local:cidade	36581	Cartas_Familiares	Bizâncio	1	0.02
Local:cidade	36581	Cartas_Familiares	Bruxelas	1	0.02
Local:cidade	36581	Cartas_Familiares	Sampetersburgo	4	0.02
Local:cidade	36581	Cartas_Familiares	Washington	6	0.02
Local:cidade	36581	Cartas_Familiares	Babilónia	1	0.02
Local:cidade	36581	Cartas_Familiares	Porto	1	0.02
Local:cidade	36581	Cartas_Familiares	Lisboa	2	0.02
Local:cidade	36581	Cartas_Familiares	Cartago	2	0.02
Local:cidade	36581	Cartas_Familiares	Paris	110	0.02
Local:cidade	36581	Cartas_Familiares	Atenas	3	0.02
Local:cidade	36581	Cartas_Familiares	Roma	8	0.02
Local:cidade	36581	Cartas_Familiares	Coimbra	12	0.02
Local:cidade	36581	Cartas_Familiares	Rio=de=Janeiro	3	0.02
Local:cidade	36581	Cartas_Familiares	Tróia	1	0.02
Local:cidade	36581	Cartas_Familiares	Madrid	1	0.02
Local:cidade	36581	Cartas_Familiares	Berlim	3	0.02
Local:cidade	36581	Cartas_Familiares	Londres	4	0.02
Local:cidade	36581	Cartas_Familiares	Santiago	1	0.02
Local:cidade	36581	Cartas_Familiares	Orleães	17	0.02
Local:cidade	36581	Cartas_Familiares	Pequim	13	0.02
Local:cidade	36581	Cartas_Familiares	Bagdade	1	0.02
Local:cidade	36581	Cartas_Familiares	Marselha	3	0.02
Local:cidade	36581	Cartas_Familiares	Tiro	1	0.02
Local:cidade	36581	Cartas_Familiares	Toulon	1	0.02
Local:cidade	36581	Cartas_Familiares	Châlons	2	0.02
Local:cidade	36581	Cartas_Familiares	Xangai	2	0.02
Local:cidade	36581	Cartas_Familiares	Cantão	2	0.02
Local:cidade	36581	Cartas_Familiares	Seul	2	0.02
Local:cidade	36581	Cartas_Familiares	Moscovo	2	0.02
Local:cidade	36581	Cartas_Inéditas_de_Fradique_Mendes	Washington	1	0.02
Local:cidade	36581	Cartas_Inéditas_de_Fradique_Mendes	Castelo=Branco	2	0.02
Local:cidade	36581	Cartas_Inéditas_de_Fradique_Mendes	Babilónia	7	0.02
Local:cidade	36581	Cartas_Inéditas_de_Fradique_Mendes	Porto	6	0.02
Local:cidade	36581	Cartas_Inéditas_de_Fradique_Mendes	Lisboa	35	0.02
Local:cidade	36581	Cartas_Inéditas_de_Fradique_Mendes	Diu	1	0.02
Local:cidade	36581	Cartas_Inéditas_de_Fradique_Mendes	Cartago	1	0.02
Local:cidade	36581	Cartas_Inéditas_de_Fradique_Mendes	Paris	12	0.02
Local:cidade	36581	Cartas_Inéditas_de_Fradique_Mendes	Roma	2	0.02
Local:cidade	36581	Cartas_Inéditas_de_Fradique_Mendes	Atenas	1	0.02
Local:cidade	36581	Cartas_Inéditas_de_Fradique_Mendes	Tebas	1	0.02
Local:cidade	36581	Cartas_Inéditas_de_Fradique_Mendes	Rio=de=Janeiro	5	0.02
Local:cidade	36581	Cartas_Inéditas_de_Fradique_Mendes	Coimbra	2	0.02
Local:cidade	36581	Cartas_Inéditas_de_Fradique_Mendes	Veneza	2	0.02
Local:cidade	36581	Cartas_Inéditas_de_Fradique_Mendes	Alexandria	1	0.02
Local:cidade	36581	Cartas_Inéditas_de_Fradique_Mendes	Tróia	1	0.02
Local:cidade	36581	Cartas_Inéditas_de_Fradique_Mendes	Berlim	1	0.02
Local:cidade	36581	Cartas_Inéditas_de_Fradique_Mendes	Londres	7	0.02
Local:cidade	36581	Cartas_Inéditas_de_Fradique_Mendes	Toledo	1	0.02
Local:cidade	36581	Cartas_Inéditas_de_Fradique_Mendes	Lourenço=Marques	4	0.02
Local:cidade	36581	Cartas_Inéditas_de_Fradique_Mendes	Pequim	5	0.02
Local:cidade	36581	Cartas_Inéditas_de_Fradique_Mendes	Southampton	1	0.02
Local:cidade	36581	Cartas_Inéditas_de_Fradique_Mendes	Petrópolis	1	0.02
Local:cidade	36581	Cartas_Inéditas_de_Fradique_Mendes	Zanzibar	2	0.02
Local:cidade	36581	Cartas_Inéditas_de_Fradique_Mendes	Conisberga	1	0.02
Local:cidade	36581	Cartas_Inéditas_de_Fradique_Mendes	Óstia	1	0.02
Local:cidade	36581	Cartas_Inéditas_de_Fradique_Mendes	Épinal	1	0.02
Local:cidade	36581	Cartas_Inéditas_de_Fradique_Mendes	Loures	1	0.02
Local:cidade	36581	Cartas_Inéditas_de_Fradique_Mendes	Nuremberga	1	0.02
Local:cidade	36581	Cartas_Inéditas_de_Fradique_Mendes	Roskilde	1	0.02
Local:cidade	36581	Cartas_Inéditas_de_Fradique_Mendes	Cardife	2	0.02
Local:cidade	36581	Cartas_Inéditas_de_Fradique_Mendes	Newcastle	1	0.02
Local:cidade	36581	Cartas_de_Inglaterra	Tunes	4	0.02
Local:cidade	36581	Cartas_de_Inglaterra	Leipzig	1	0.02
Local:cidade	36581	Cartas_de_Inglaterra	Meca	7	0.02
Local:cidade	36581	Cartas_de_Inglaterra	Constantinopla	70	0.02
Local:cidade	36581	Cartas_de_Inglaterra	Buenos=Aires	2	0.02
Local:cidade	36581	Cartas_de_Inglaterra	Viena	4	0.02
Local:cidade	36581	Cartas_de_Inglaterra	Sampetersburgo	11	0.02
Local:cidade	36581	Cartas_de_Inglaterra	Génova	1	0.02
Local:cidade	36581	Cartas_de_Inglaterra	Babilónia	1	0.02
Local:cidade	36581	Cartas_de_Inglaterra	Lisboa	9	0.02
Local:cidade	36581	Cartas_de_Inglaterra	Diu	1	0.02
Local:cidade	36581	Cartas_de_Inglaterra	Paris	44	0.02
Local:cidade	36581	Cartas_de_Inglaterra	Roma	14	0.02
Local:cidade	36581	Cartas_de_Inglaterra	Atenas	6	0.02
Local:cidade	36581	Cartas_de_Inglaterra	Tebas	2	0.02
Local:cidade	36581	Cartas_de_Inglaterra	Rio=de=Janeiro	1	0.02
Local:cidade	36581	Cartas_de_Inglaterra	Coimbra	1	0.02
Local:cidade	36581	Cartas_de_Inglaterra	Veneza	1	0.02
Local:cidade	36581	Cartas_de_Inglaterra	Alexandria	56	0.02
Local:cidade	36581	Cartas_de_Inglaterra	Londres	120	0.02
Local:cidade	36581	Cartas_de_Inglaterra	Berlim	10	0.02
Local:cidade	36581	Cartas_de_Inglaterra	Madrid	1	0.02
Local:cidade	36581	Cartas_de_Inglaterra	Dio	1	0.02
Local:cidade	36581	Cartas_de_Inglaterra	Edimburgo	2	0.02
Local:cidade	36581	Cartas_de_Inglaterra	Lourenço=Marques	2	0.02
Local:cidade	36581	Cartas_de_Inglaterra	Suez	14	0.02
Local:cidade	36581	Cartas_de_Inglaterra	Orleães	1	0.02
Local:cidade	36581	Cartas_de_Inglaterra	Lião	2	0.02
Local:cidade	36581	Cartas_de_Inglaterra	Pequim	1	0.02
Local:cidade	36581	Cartas_de_Inglaterra	Bordéus	3	0.02
Local:cidade	36581	Cartas_de_Inglaterra	Poitiers	1	0.02
Local:cidade	36581	Cartas_de_Inglaterra	Marselha	4	0.02
Local:cidade	36581	Cartas_de_Inglaterra	Southampton	1	0.02
Local:cidade	36581	Cartas_de_Inglaterra	Leicester	2	0.02
Local:cidade	36581	Cartas_de_Inglaterra	Toulon	1	0.02
Local:cidade	36581	Cartas_de_Inglaterra	Filadélfia	2	0.02
Local:cidade	36581	Cartas_de_Inglaterra	Istambul	2	0.02
Local:cidade	36581	Cartas_de_Inglaterra	City	6	0.02
Local:cidade	36581	Cartas_de_Inglaterra	Cabul	4	0.02
Local:cidade	36581	Cartas_de_Inglaterra	Moscovo	4	0.02
Local:cidade	36581	Cartas_de_Inglaterra	Port=Said	6	0.02
Local:cidade	36581	Cartas_de_Inglaterra	Ardahan	5	0.02
Local:cidade	36581	Cartas_de_Inglaterra	Bayreuth	4	0.02
Local:cidade	36581	Cartas_de_Inglaterra	Caerleon	3	0.02
Local:cidade	36581	Cartas_de_Inglaterra	Newcastle	2	0.02
Local:cidade	36581	Cartas_de_Inglaterra	Odessa	2	0.02
Local:cidade	36581	Cartas_de_Inglaterra	Chipka	18	0.02
Local:cidade	36581	Cartas_de_Inglaterra	Plevna	10	0.02
Local:cidade	36581	Cartas_de_Inglaterra	Pittsburgh	4	0.02
Local:cidade	36581	Cartas_de_Inglaterra	San=Francisco	2	0.02
Local:cidade	36581	Cartas_de_Inglaterra	Chicago	2	0.02
Local:cidade	36581	Cartas_de_Inglaterra	Madras	4	0.02
Local:cidade	36581	Cartas_de_Inglaterra	Ascot	2	0.02
Local:cidade	36581	Catão	Dio	2	0.02
Local:cidade	36581	Catão	Londres	3	0.02
Local:cidade	36581	Catão	Alexandria	1	0.02
Local:cidade	36581	Catão	Atenas	3	0.02
Local:cidade	36581	Catão	Roma	143	0.02
Local:cidade	36581	Catão	Porto	2	0.02
Local:cidade	36581	Catão	Lisboa	10	0.02
Local:cidade	36581	Catão	Paris	1	0.02
Local:cidade	36581	Catão	Utica	18	0.02
Local:cidade	36581	Catão	Plymouth	1	0.02
Local:cidade	36581	Catão	Delfos	1	0.02
Local:cidade	36581	Catão	Canúsio	3	0.02
Local:cidade	36581	Causas_da_Decadência_dos_Povos_Peninsulares	Coimbra	1	0.02
Local:cidade	36581	Causas_da_Decadência_dos_Povos_Peninsulares	Lisboa	2	0.02
Local:cidade	36581	Causas_da_Decadência_dos_Povos_Peninsulares	Roma	14	0.02
Local:cidade	36581	Causas_da_Decadência_dos_Povos_Peninsulares	Toledo	2	0.02
Local:cidade	36581	Causas_da_Decadência_dos_Povos_Peninsulares	Tarragona	1	0.02
Local:cidade	36581	Cenas_da_Foz	Bragança	2	0.02
Local:cidade	36581	Cenas_da_Foz	Cintra	1	0.02
Local:cidade	36581	Cenas_da_Foz	Castelo=Branco	2	0.02
Local:cidade	36581	Cenas_da_Foz	Rio=de=Janeiro	3	0.02
Local:cidade	36581	Cenas_da_Foz	Coimbra	5	0.02
Local:cidade	36581	Cenas_da_Foz	Paris	1	0.02
Local:cidade	36581	Cenas_da_Foz	Lisboa	12	0.02
Local:cidade	36581	Cenas_da_Foz	Porto	11	0.02
Local:cidade	36581	Cenas_da_Foz	Roma	1	0.02
Local:cidade	36581	Cenas_da_Foz	Londres	1	0.02
Local:cidade	36581	Cenas_da_Foz	Manchester	1	0.02
Local:cidade	36581	Cenas_da_Foz	Chaves	8	0.02
Local:cidade	36581	Charneca_em_Flor	Toledo	2	0.02
Local:cidade	36581	Charneca_em_Flor	Nice	1	0.02
Local:cidade	36581	Claridades_do_Sul	Delfos	2	0.02
Local:cidade	36581	Claridades_do_Sul	Atenas	1	0.02
Local:cidade	36581	Claridades_do_Sul	Roma	10	0.02
Local:cidade	36581	Claridades_do_Sul	Lisboa	1	0.02
Local:cidade	36581	Claridades_do_Sul	Gnido	1	0.02
Local:cidade	36581	Claridades_do_Sul	Alexandria	1	0.02
Local:cidade	36581	Claridades_do_Sul	Veneza	1	0.02
Local:cidade	36581	Claridades_do_Sul	Londres	1	0.02
Local:cidade	36581	Claridades_do_Sul	Worms	1	0.02
Local:cidade	36581	Claridades_do_Sul	Éfeso	1	0.02
Local:cidade	36581	Clepsidra	Lisboa	1	0.02
Local:cidade	36581	Coisas_Espantosas	Madrid	2	0.02
Local:cidade	36581	Coisas_Espantosas	Londres	2	0.02
Local:cidade	36581	Coisas_Espantosas	Coimbra	3	0.02
Local:cidade	36581	Coisas_Espantosas	Roma	9	0.02
Local:cidade	36581	Coisas_Espantosas	Paris	58	0.02
Local:cidade	36581	Coisas_Espantosas	Porto	11	0.02
Local:cidade	36581	Coisas_Espantosas	Lisboa	51	0.02
Local:cidade	36581	Coisas_Espantosas	Constantinopla	1	0.02
Local:cidade	36581	Coisas_Espantosas	Bragança	1	0.02
Local:cidade	36581	Coisas_Espantosas	Tuy	1	0.02
Local:cidade	36581	Coisas_Espantosas	Chaves	7	0.02
Local:cidade	36581	Coisas_Espantosas	Genebra	11	0.02
Local:cidade	36581	Colaboração_no_Distrito_de_Évora	Meca	1	0.02
Local:cidade	36581	Colaboração_no_Distrito_de_Évora	Viseu	2	0.02
Local:cidade	36581	Colaboração_no_Distrito_de_Évora	Bragança	2	0.02
Local:cidade	36581	Colaboração_no_Distrito_de_Évora	Constantinopla	6	0.02
Local:cidade	36581	Colaboração_no_Distrito_de_Évora	Silves	2	0.02
Local:cidade	36581	Colaboração_no_Distrito_de_Évora	Hamburgo	1	0.02
Local:cidade	36581	Colaboração_no_Distrito_de_Évora	Viena	5	0.02
Local:cidade	36581	Colaboração_no_Distrito_de_Évora	Sampetersburgo	4	0.02
Local:cidade	36581	Colaboração_no_Distrito_de_Évora	Estocolmo	1	0.02
Local:cidade	36581	Colaboração_no_Distrito_de_Évora	Washington	3	0.02
Local:cidade	36581	Colaboração_no_Distrito_de_Évora	Génova	1	0.02
Local:cidade	36581	Colaboração_no_Distrito_de_Évora	Babilónia	1	0.02
Local:cidade	36581	Colaboração_no_Distrito_de_Évora	Varsóvia	3	0.02
Local:cidade	36581	Colaboração_no_Distrito_de_Évora	Porto	75	0.02
Local:cidade	36581	Colaboração_no_Distrito_de_Évora	Lisboa	85	0.02
Local:cidade	36581	Colaboração_no_Distrito_de_Évora	Benguela	1	0.02
Local:cidade	36581	Colaboração_no_Distrito_de_Évora	Diu	2	0.02
Local:cidade	36581	Colaboração_no_Distrito_de_Évora	Paris	57	0.02
Local:cidade	36581	Colaboração_no_Distrito_de_Évora	Atenas	3	0.02
Local:cidade	36581	Colaboração_no_Distrito_de_Évora	Roma	25	0.02
Local:cidade	36581	Colaboração_no_Distrito_de_Évora	Coimbra	9	0.02
Local:cidade	36581	Colaboração_no_Distrito_de_Évora	Veneza	3	0.02
Local:cidade	36581	Colaboração_no_Distrito_de_Évora	Madrid	10	0.02
Local:cidade	36581	Colaboração_no_Distrito_de_Évora	Berlim	8	0.02
Local:cidade	36581	Colaboração_no_Distrito_de_Évora	Londres	29	0.02
Local:cidade	36581	Colaboração_no_Distrito_de_Évora	Rio=Maior	2	0.02
Local:cidade	36581	Colaboração_no_Distrito_de_Évora	Lille	1	0.02
Local:cidade	36581	Colaboração_no_Distrito_de_Évora	Suez	2	0.02
Local:cidade	36581	Colaboração_no_Distrito_de_Évora	Estremoz	3	0.02
Local:cidade	36581	Colaboração_no_Distrito_de_Évora	Loulé	1	0.02
Local:cidade	36581	Colaboração_no_Distrito_de_Évora	Pequim	2	0.02
Local:cidade	36581	Colaboração_no_Distrito_de_Évora	Ávila	3	0.02
Local:cidade	36581	Colaboração_no_Distrito_de_Évora	Huesca	1	0.02
Local:cidade	36581	Colaboração_no_Distrito_de_Évora	Vila=Real	2	0.02
Local:cidade	36581	Colaboração_no_Distrito_de_Évora	Marselha	1	0.02
Local:cidade	36581	Colaboração_no_Distrito_de_Évora	Chaves	1	0.02
Local:cidade	36581	Colaboração_no_Distrito_de_Évora	Mirandela	1	0.02
Local:cidade	36581	Colaboração_no_Distrito_de_Évora	Ponte=de=Sor	2	0.02
Local:cidade	36581	Colaboração_no_Distrito_de_Évora	Montevideu	4	0.02
Local:cidade	36581	Colaboração_no_Distrito_de_Évora	Fafe	1	0.02
Local:cidade	36581	Colaboração_no_Distrito_de_Évora	Malines	1	0.02
Local:cidade	36581	Colaboração_no_Distrito_de_Évora	Fontainebleau	1	0.02
Local:cidade	36581	Colaboração_no_Distrito_de_Évora	Estrasburgo	1	0.02
Local:cidade	36581	Colaboração_no_Distrito_de_Évora	Weimar	1	0.02
Local:cidade	36581	Colaboração_no_Distrito_de_Évora	Querétaro	15	0.02
Local:cidade	36581	Comigo_(Versos_dum_Solitário)	Porto	1	0.02
Local:cidade	36581	Composições_Poéticas	Roma	1	0.02
Local:cidade	36581	Composições_Poéticas	Atenas	1	0.02
Local:cidade	36581	Composições_Poéticas	Lisboa	2	0.02
Local:cidade	36581	Composições_Poéticas	Gnido	1	0.02
Local:cidade	36581	Composições_Poéticas	Pombal	1	0.02
Local:cidade	36581	Composições_Poéticas	Tróia	1	0.02
Local:cidade	36581	Composições_Poéticas	Palermo	1	0.02
Local:cidade	36581	Comédia_de_Rubena	Paris	1	0.02
Local:cidade	36581	Comédia_de_Rubena	Moura	1	0.02
Local:cidade	36581	Contos	Roma	1	0.02
Local:cidade	36581	Contos	Lisboa	8	0.02
Local:cidade	36581	Contos_(EQ)	Tunes	1	0.02
Local:cidade	36581	Contos_(EQ)	Tiberíade	2	0.02
Local:cidade	36581	Contos_(EQ)	Nantes	1	0.02
Local:cidade	36581	Contos_(EQ)	Porto	7	0.02
Local:cidade	36581	Contos_(EQ)	Lisboa	19	0.02
Local:cidade	36581	Contos_(EQ)	Roma	1	0.02
Local:cidade	36581	Contos_(EQ)	Atenas	7	0.02
Local:cidade	36581	Contos_(EQ)	Rio=de=Janeiro	1	0.02
Local:cidade	36581	Contos_(EQ)	Coimbra	4	0.02
Local:cidade	36581	Contos_(EQ)	Tróia	9	0.02
Local:cidade	36581	Contos_(EQ)	Londres	8	0.02
Local:cidade	36581	Contos_(EQ)	Arrás	3	0.02
Local:cidade	36581	Contos_(EQ)	Genebra	1	0.02
Local:cidade	36581	Contos_(EQ)	Gadara	2	0.02
Local:cidade	36581	Contos_(EQ)	Bordéus	1	0.02
Local:cidade	36581	Contos_(EQ)	Vila=Real	12	0.02
Local:cidade	36581	Contos_(EQ)	Tiro	2	0.02
Local:cidade	36581	Contos_(EQ)	Cesareia	8	0.02
Local:cidade	36581	Contos_(EQ)	Engaddi	2	0.02
Local:cidade	36581	Contos_(EQ)	Síbaris	2	0.02
Local:cidade	36581	Contos_(EQ)	Sichem	5	0.02
Local:cidade	36581	Contos_(EQ)	Safed	2	0.02
Local:cidade	36581	Contos_Tradicionais_do_Povo_Português_Vol._I	Porto	69	0.02
Local:cidade	36581	Contos_Tradicionais_do_Povo_Português_Vol._I	Lisboa	8	0.02
Local:cidade	36581	Contos_Tradicionais_do_Povo_Português_Vol._I	Cartago	2	0.02
Local:cidade	36581	Contos_Tradicionais_do_Povo_Português_Vol._I	Paris	4	0.02
Local:cidade	36581	Contos_Tradicionais_do_Povo_Português_Vol._I	Roma	4	0.02
Local:cidade	36581	Contos_Tradicionais_do_Povo_Português_Vol._I	Coimbra	16	0.02
Local:cidade	36581	Contos_Tradicionais_do_Povo_Português_Vol._I	Rio=de=Janeiro	4	0.02
Local:cidade	36581	Contos_Tradicionais_do_Povo_Português_Vol._I	Veneza	3	0.02
Local:cidade	36581	Contos_Tradicionais_do_Povo_Português_Vol._I	Moura	2	0.02
Local:cidade	36581	Contos_Tradicionais_do_Povo_Português_Vol._I	Toledo	3	0.02
Local:cidade	36581	Contos_Tradicionais_do_Povo_Português_Vol._I	Leipzig	1	0.02
Local:cidade	36581	Contos_Tradicionais_do_Povo_Português_Vol._I	Viseu	1	0.02
Local:cidade	36581	Contos_Tradicionais_do_Povo_Português_Vol._I	Bragança	3	0.02
Local:cidade	36581	Contos_Tradicionais_do_Povo_Português_Vol._I	Bruxelas	1	0.02
Local:cidade	36581	Contos_Tradicionais_do_Povo_Português_Vol._I	Siracusa	1	0.02
Local:cidade	36581	Contos_Tradicionais_do_Povo_Português_Vol._I	Babilónia	1	0.02
Local:cidade	36581	Contos_Tradicionais_do_Povo_Português_Vol._I	Loulé	5	0.02
Local:cidade	36581	Contos_Tradicionais_do_Povo_Português_Vol._I	Ancona	1	0.02
Local:cidade	36581	Contos_Tradicionais_do_Povo_Português_Vol._I	Vila=Real	4	0.02
Local:cidade	36581	Contos_Tradicionais_do_Povo_Português_Vol._I	Palermo	4	0.02
Local:cidade	36581	Contos_Tradicionais_do_Povo_Português_Vol._I	Bona	1	0.02
Local:cidade	36581	Contos_Tradicionais_do_Povo_Português_Vol._I	Perugia	1	0.02
Local:cidade	36581	Contos_Tradicionais_do_Povo_Português_Vol._I	Mirandela	1	0.02
Local:cidade	36581	Contos_Tradicionais_do_Povo_Português_Vol._I	Portimão	2	0.02
Local:cidade	36581	Contos_Tradicionais_do_Povo_Português_Vol._I	Huelva	1	0.02
Local:cidade	36581	Contos_Tradicionais_do_Povo_Português_Vol._I	Éfeso	5	0.02
Local:cidade	36581	Contos_Tradicionais_do_Povo_Português_Vol._I	Tondela	2	0.02
Local:cidade	36581	Contos_Tradicionais_do_Povo_Português_Vol._I	Lu	1	0.02
Local:cidade	36581	Contos_Tradicionais_do_Povo_Português_Vol._I	Óstia	1	0.02
Local:cidade	36581	Contos_Tradicionais_do_Povo_Português_Vol._II	Paços=de=Ferreira	8	0.02
Local:cidade	36581	Contos_Tradicionais_do_Povo_Português_Vol._II	Augsburg	1	0.02
Local:cidade	36581	Contos_Tradicionais_do_Povo_Português_Vol._II	Katha	1	0.02
Local:cidade	36581	Contos_Tradicionais_do_Povo_Português_Vol._II	Porto	27	0.02
Local:cidade	36581	Contos_Tradicionais_do_Povo_Português_Vol._II	Lisboa	31	0.02
Local:cidade	36581	Contos_Tradicionais_do_Povo_Português_Vol._II	Paris	4	0.02
Local:cidade	36581	Contos_Tradicionais_do_Povo_Português_Vol._II	Atenas	1	0.02
Local:cidade	36581	Contos_Tradicionais_do_Povo_Português_Vol._II	Roma	14	0.02
Local:cidade	36581	Contos_Tradicionais_do_Povo_Português_Vol._II	Verona	2	0.02
Local:cidade	36581	Contos_Tradicionais_do_Povo_Português_Vol._II	Malaca	1	0.02
Local:cidade	36581	Contos_Tradicionais_do_Povo_Português_Vol._II	Coimbra	5	0.02
Local:cidade	36581	Contos_Tradicionais_do_Povo_Português_Vol._II	Moura	25	0.02
Local:cidade	36581	Contos_Tradicionais_do_Povo_Português_Vol._II	Penafiel	5	0.02
Local:cidade	36581	Contos_Tradicionais_do_Povo_Português_Vol._II	Tróia	1	0.02
Local:cidade	36581	Contos_Tradicionais_do_Povo_Português_Vol._II	Madrid	1	0.02
Local:cidade	36581	Contos_Tradicionais_do_Povo_Português_Vol._II	Toledo	2	0.02
Local:cidade	36581	Contos_Tradicionais_do_Povo_Português_Vol._II	Santiago	2	0.02
Local:cidade	36581	Contos_Tradicionais_do_Povo_Português_Vol._II	London	2	0.02
Local:cidade	36581	Contos_Tradicionais_do_Povo_Português_Vol._II	Viseu	1	0.02
Local:cidade	36581	Contos_Tradicionais_do_Povo_Português_Vol._II	Bragança	3	0.02
Local:cidade	36581	Contos_Tradicionais_do_Povo_Português_Vol._II	Constantinopla	2	0.02
Local:cidade	36581	Contos_Tradicionais_do_Povo_Português_Vol._II	Alcobaça	3	0.02
Local:cidade	36581	Contos_Tradicionais_do_Povo_Português_Vol._II	Tavira	2	0.02
Local:cidade	36581	Contos_Tradicionais_do_Povo_Português_Vol._II	Viena	2	0.02
Local:cidade	36581	Contos_Tradicionais_do_Povo_Português_Vol._II	Castelo=Branco	2	0.02
Local:cidade	36581	Contos_Tradicionais_do_Povo_Português_Vol._II	Babilónia	1	0.02
Local:cidade	36581	Contos_Tradicionais_do_Povo_Português_Vol._II	Loulé	2	0.02
Local:cidade	36581	Contos_Tradicionais_do_Povo_Português_Vol._II	Ancona	1	0.02
Local:cidade	36581	Contos_Tradicionais_do_Povo_Português_Vol._II	Chaves	2	0.02
Local:cidade	36581	Contos_Tradicionais_do_Povo_Português_Vol._II	Mirandela	1	0.02
Local:cidade	36581	Contos_Tradicionais_do_Povo_Português_Vol._II	Oliveira=de=Azeméis	4	0.02
Local:cidade	36581	Contos_Tradicionais_do_Povo_Português_Vol._II	Tuy	1	0.02
Local:cidade	36581	Contos_Tradicionais_do_Povo_Português_Vol._II	Ravena	1	0.02
Local:cidade	36581	Contos_Tradicionais_do_Povo_Português_Vol._II	Éfeso	8	0.02
Local:cidade	36581	Contos_Tradicionais_do_Povo_Português_Vol._II	Mileto	1	0.02
Local:cidade	36581	Contos_Tradicionais_do_Povo_Português_Vol._II	Bagdad	1	0.02
Local:cidade	36581	Contos_Tradicionais_do_Povo_Português_Vol._II	Liège	1	0.02
Local:cidade	36581	Contos_e_fantasias	Cintra	2	0.02
Local:cidade	36581	Contos_e_fantasias	Washington	1	0.02
Local:cidade	36581	Contos_e_fantasias	Rio=de=Janeiro	3	0.02
Local:cidade	36581	Contos_e_fantasias	Coimbra	13	0.02
Local:cidade	36581	Contos_e_fantasias	Paris	7	0.02
Local:cidade	36581	Contos_e_fantasias	Guimarães	1	0.02
Local:cidade	36581	Contos_e_fantasias	Lisboa	22	0.02
Local:cidade	36581	Contos_e_fantasias	Porto	6	0.02
Local:cidade	36581	Contos_e_fantasias	Londres	2	0.02
Local:cidade	36581	Contos_e_fantasias	Arrás	1	0.02
Local:cidade	36581	Contos_e_fantasias	Vigo	1	0.02
Local:cidade	36581	Contos_fantásticos	Bamberga	2	0.02
Local:cidade	36581	Contos_fantásticos	Viena	1	0.02
Local:cidade	36581	Contos_fantásticos	Bruges	1	0.02
Local:cidade	36581	Contos_fantásticos	Salé	1	0.02
Local:cidade	36581	Contos_fantásticos	Veneza	2	0.02
Local:cidade	36581	Contos_fantásticos	Toledo	1	0.02
Local:cidade	36581	Contos_fantásticos	Porto	7	0.02
Local:cidade	36581	Contos_fantásticos	Lisboa	3	0.02
Local:cidade	36581	Contos_fantásticos	Roma	2	0.02
Local:cidade	36581	Contos_fantásticos	Verona	1	0.02
Local:cidade	36581	Contos_fantásticos	Coimbra	2	0.02
Local:cidade	36581	Contos_fantásticos	Nuremberga	1	0.02
Local:cidade	36581	Contos_fantásticos	Estrasburgo	5	0.02
Local:cidade	36581	Coração_Cabeça_e_Estômago	Londres	5	0.02
Local:cidade	36581	Coração_Cabeça_e_Estômago	Alexandria	1	0.02
Local:cidade	36581	Coração_Cabeça_e_Estômago	Coimbra	1	0.02
Local:cidade	36581	Coração_Cabeça_e_Estômago	Rio=de=Janeiro	3	0.02
Local:cidade	36581	Coração_Cabeça_e_Estômago	Roma	2	0.02
Local:cidade	36581	Coração_Cabeça_e_Estômago	Paris	7	0.02
Local:cidade	36581	Coração_Cabeça_e_Estômago	Porto	40	0.02
Local:cidade	36581	Coração_Cabeça_e_Estômago	Gnido	1	0.02
Local:cidade	36581	Coração_Cabeça_e_Estômago	Lisboa	31	0.02
Local:cidade	36581	Coração_Cabeça_e_Estômago	Póvoa=de=Varzim	2	0.02
Local:cidade	36581	Coração_Cabeça_e_Estômago	Buenos=Aires	4	0.02
Local:cidade	36581	Coração_Cabeça_e_Estômago	Mirandela	2	0.02
Local:cidade	36581	Coração_Cabeça_e_Estômago	Chaves	6	0.02
Local:cidade	36581	Coração_Cabeça_e_Estômago	Istambul	1	0.02
Local:cidade	36581	Coração_Cabeça_e_Estômago	Caldas=da=Rainha	2	0.02
Local:cidade	36581	Coronado	Lisboa	5	0.02
Local:cidade	36581	Coronado	Paris	1	0.02
Local:cidade	36581	Coronado	Veneza	1	0.02
Local:cidade	36581	Coronado	Badajoz	2	0.02
Local:cidade	36581	Corte_na_Aldeia	Ceuta	1	0.02
Local:cidade	36581	Corte_na_Aldeia	Bragança	1	0.02
Local:cidade	36581	Corte_na_Aldeia	Génova	3	0.02
Local:cidade	36581	Corte_na_Aldeia	Roma	9	0.02
Local:cidade	36581	Corte_na_Aldeia	Atenas	3	0.02
Local:cidade	36581	Corte_na_Aldeia	Cartago	2	0.02
Local:cidade	36581	Corte_na_Aldeia	Paris	3	0.02
Local:cidade	36581	Corte_na_Aldeia	Porto	1	0.02
Local:cidade	36581	Corte_na_Aldeia	Lisboa	10	0.02
Local:cidade	36581	Corte_na_Aldeia	Coimbra	4	0.02
Local:cidade	36581	Corte_na_Aldeia	Malaca	1	0.02
Local:cidade	36581	Corte_na_Aldeia	Tebas	1	0.02
Local:cidade	36581	Corte_na_Aldeia	Veneza	6	0.02
Local:cidade	36581	Corte_na_Aldeia	Santiago	1	0.02
Local:cidade	36581	Corte_na_Aldeia	Londres	1	0.02
Local:cidade	36581	Corte_na_Aldeia	Avinhão	1	0.02
Local:cidade	36581	Corte_na_Aldeia	Marselha	1	0.02
Local:cidade	36581	Corte_na_Aldeia	Ancona	1	0.02
Local:cidade	36581	Corte_na_Aldeia	Vila=Real	2	0.02
Local:cidade	36581	Corte_na_Aldeia	Éfeso	2	0.02
Local:cidade	36581	Corte_na_Aldeia	Aquileia	2	0.02
Local:cidade	36581	Corte_na_Aldeia	Basileia	1	0.02
Local:cidade	36581	Cristo_não_volta	Pariz	4	0.02
Local:cidade	36581	Cristo_não_volta	Lisboa	2	0.02
Local:cidade	36581	Cristo_não_volta	Porto	10	0.02
Local:cidade	36581	Cristo_não_volta	Penafiel	1	0.02
Local:cidade	36581	Cristo_não_volta	Londres	1	0.02
Local:cidade	36581	Crónica_Certa_e_muito_Verdadeira_de_Maria_da_Fonte	Peso=da=Régua	9	0.02
Local:cidade	36581	Crónica_Certa_e_muito_Verdadeira_de_Maria_da_Fonte	Vila=do=Conde	2	0.02
Local:cidade	36581	Crónica_Certa_e_muito_Verdadeira_de_Maria_da_Fonte	Roma	2	0.02
Local:cidade	36581	Crónica_Certa_e_muito_Verdadeira_de_Maria_da_Fonte	Porto	3	0.02
Local:cidade	36581	Crónica_Certa_e_muito_Verdadeira_de_Maria_da_Fonte	Lisboa	8	0.02
Local:cidade	36581	Crónica_de_El-Rei_D._Afonso_Henriques	Viseu	1	0.02
Local:cidade	36581	Crónica_de_El-Rei_D._Afonso_Henriques	Porto	5	0.02
Local:cidade	36581	Crónica_de_El-Rei_D._Afonso_Henriques	Roma	12	0.02
Local:cidade	36581	Crónica_de_El-Rei_D._Afonso_Henriques	Coimbra	8	0.02
Local:cidade	36581	Crónica_de_El-Rei_D._Afonso_Henriques	Moura	2	0.02
Local:cidade	36581	Crónica_de_El-Rei_D._Afonso_Henriques	Euora	4	0.02
Local:cidade	36581	Crónica_de_El-Rei_D._Afonso_Henriques	Bona	1	0.02
Local:cidade	36581	Crónica_de_El-Rei_D._Afonso_Henriques	Tuy	2	0.02
Local:cidade	36581	Crónica_de_El-Rei_D._Afonso_Henriques	Estorga	2	0.02
Local:cidade	36581	Crónica_do_Felicíssimo_Rei_D._Manuel	Viseu	1	0.02
Local:cidade	36581	Crónica_do_Felicíssimo_Rei_D._Manuel	Meca	3	0.02
Local:cidade	36581	Crónica_do_Felicíssimo_Rei_D._Manuel	Bragança	2	0.02
Local:cidade	36581	Crónica_do_Felicíssimo_Rei_D._Manuel	Constantinopla	1	0.02
Local:cidade	36581	Crónica_do_Felicíssimo_Rei_D._Manuel	Castelo=Branco	2	0.02
Local:cidade	36581	Crónica_do_Felicíssimo_Rei_D._Manuel	Lisboa	75	0.02
Local:cidade	36581	Crónica_do_Felicíssimo_Rei_D._Manuel	Porto	3	0.02
Local:cidade	36581	Crónica_do_Felicíssimo_Rei_D._Manuel	Roma	11	0.02
Local:cidade	36581	Crónica_do_Felicíssimo_Rei_D._Manuel	Coimbra	6	0.02
Local:cidade	36581	Crónica_do_Felicíssimo_Rei_D._Manuel	Veneza	8	0.02
Local:cidade	36581	Crónica_do_Felicíssimo_Rei_D._Manuel	Moura	4	0.02
Local:cidade	36581	Crónica_do_Felicíssimo_Rei_D._Manuel	Euora	11	0.02
Local:cidade	36581	Crónica_do_Felicíssimo_Rei_D._Manuel	Toledo	2	0.02
Local:cidade	36581	Crónica_do_Felicíssimo_Rei_D._Manuel	Merida	1	0.02
Local:cidade	36581	Crónica_do_Felicíssimo_Rei_D._Manuel	Sines	1	0.02
Local:cidade	36581	Crónica_do_Felicíssimo_Rei_D._Manuel	Estremoz	5	0.02
Local:cidade	36581	Crónica_do_Felicíssimo_Rei_D._Manuel	Arzila	4	0.02
Local:cidade	36581	Crónica_do_Felicíssimo_Rei_D._Manuel	Larache	5	0.02
Local:cidade	36581	Crónica_do_Felicíssimo_Rei_D._Manuel	Genoa	1	0.02
Local:cidade	36581	Crónica_do_Felicíssimo_Rei_D._Manuel	Quiloa	3	0.02
Local:cidade	36581	Crónica_do_Felicíssimo_Rei_D._Manuel	Cranganor	23	0.02
Local:cidade	36581	Crónica_do_Felicíssimo_Rei_D._Manuel	Çaragoça	9	0.02
Local:cidade	36581	Crónica_do_Felicíssimo_Rei_D._Manuel	Melinde	36	0.02
Local:cidade	36581	Crónica_do_Felicíssimo_Rei_D._Manuel	Alcaçer=do=Sal	5	0.02
Local:cidade	36581	Crónica_do_Felicíssimo_Rei_D._Manuel	Mõte=Mor=ho=Nouo	8	0.02
Local:cidade	36581	Crónica_do_Felicíssimo_Rei_D._Manuel	Cananor	30	0.02
Local:cidade	36581	Crónica_do_Felicíssimo_Rei_D._Manuel_Parte_II	Meca	13	0.02
Local:cidade	36581	Crónica_do_Felicíssimo_Rei_D._Manuel_Parte_II	Dabul	10	0.02
Local:cidade	36581	Crónica_do_Felicíssimo_Rei_D._Manuel_Parte_II	Bruges	1	0.02
Local:cidade	36581	Crónica_do_Felicíssimo_Rei_D._Manuel_Parte_II	Lisboa	26	0.02
Local:cidade	36581	Crónica_do_Felicíssimo_Rei_D._Manuel_Parte_II	Porto	2	0.02
Local:cidade	36581	Crónica_do_Felicíssimo_Rei_D._Manuel_Parte_II	Roma	4	0.02
Local:cidade	36581	Crónica_do_Felicíssimo_Rei_D._Manuel_Parte_II	Malaca	4	0.02
Local:cidade	36581	Crónica_do_Felicíssimo_Rei_D._Manuel_Parte_II	Coimbra	3	0.02
Local:cidade	36581	Crónica_do_Felicíssimo_Rei_D._Manuel_Parte_II	Veneza	1	0.02
Local:cidade	36581	Crónica_do_Felicíssimo_Rei_D._Manuel_Parte_II	Alexandria	1	0.02
Local:cidade	36581	Crónica_do_Felicíssimo_Rei_D._Manuel_Parte_II	Euora	3	0.02
Local:cidade	36581	Crónica_do_Felicíssimo_Rei_D._Manuel_Parte_II	Dio	12	0.02
Local:cidade	36581	Crónica_do_Felicíssimo_Rei_D._Manuel_Parte_II	Arzila	1	0.02
Local:cidade	36581	Crónica_do_Felicíssimo_Rei_D._Manuel_Parte_II	Larache	2	0.02
Local:cidade	36581	Crónica_do_Felicíssimo_Rei_D._Manuel_Parte_II	Melinde	20	0.02
Local:cidade	36581	Crónica_do_Felicíssimo_Rei_D._Manuel_Parte_II	Çafim	15	0.02
Local:cidade	36581	Crónica_do_Felicíssimo_Rei_D._Manuel_Parte_II	Cananor	77	0.02
Local:cidade	36581	Curso_de_Literatura_Portuguesa	Euora	1	0.02
Local:cidade	36581	Curso_de_Literatura_Portuguesa	Toledo	1	0.02
Local:cidade	36581	Curso_de_Literatura_Portuguesa	Madrid	11	0.02
Local:cidade	36581	Curso_de_Literatura_Portuguesa	Londres	8	0.02
Local:cidade	36581	Curso_de_Literatura_Portuguesa	Tróia	2	0.02
Local:cidade	36581	Curso_de_Literatura_Portuguesa	Haia	1	0.02
Local:cidade	36581	Curso_de_Literatura_Portuguesa	Ulisseia	6	0.02
Local:cidade	36581	Curso_de_Literatura_Portuguesa	Veneza	1	0.02
Local:cidade	36581	Curso_de_Literatura_Portuguesa	Moura	2	0.02
Local:cidade	36581	Curso_de_Literatura_Portuguesa	Rio=de=Janeiro	9	0.02
Local:cidade	36581	Curso_de_Literatura_Portuguesa	Coimbra	21	0.02
Local:cidade	36581	Curso_de_Literatura_Portuguesa	Malaca	4	0.02
Local:cidade	36581	Curso_de_Literatura_Portuguesa	Roma	23	0.02
Local:cidade	36581	Curso_de_Literatura_Portuguesa	Atenas	1	0.02
Local:cidade	36581	Curso_de_Literatura_Portuguesa	Diu	2	0.02
Local:cidade	36581	Curso_de_Literatura_Portuguesa	Cartago	1	0.02
Local:cidade	36581	Curso_de_Literatura_Portuguesa	Pombal	3	0.02
Local:cidade	36581	Curso_de_Literatura_Portuguesa	Paris	18	0.02
Local:cidade	36581	Curso_de_Literatura_Portuguesa	Porto	19	0.02
Local:cidade	36581	Curso_de_Literatura_Portuguesa	Lisboa	78	0.02
Local:cidade	36581	Curso_de_Literatura_Portuguesa	Babilónia	1	0.02
Local:cidade	36581	Curso_de_Literatura_Portuguesa	Castelo=Branco	4	0.02
Local:cidade	36581	Curso_de_Literatura_Portuguesa	Génova	1	0.02
Local:cidade	36581	Curso_de_Literatura_Portuguesa	Viena	2	0.02
Local:cidade	36581	Curso_de_Literatura_Portuguesa	Hamburgo	1	0.02
Local:cidade	36581	Curso_de_Literatura_Portuguesa	Silves	1	0.02
Local:cidade	36581	Curso_de_Literatura_Portuguesa	Alcobaça	1	0.02
Local:cidade	36581	Curso_de_Literatura_Portuguesa	Constantinopla	1	0.02
Local:cidade	36581	Curso_de_Literatura_Portuguesa	Bragança	3	0.02
Local:cidade	36581	Curso_de_Literatura_Portuguesa	Pafos	1	0.02
Local:cidade	36581	Curso_de_Literatura_Portuguesa	Viseu	1	0.02
Local:cidade	36581	Curso_de_Literatura_Portuguesa	Valhadolid	1	0.02
Local:cidade	36581	Curso_de_Literatura_Portuguesa	Vila=Real	6	0.02
Local:cidade	36581	Curso_de_Literatura_Portuguesa	Arzila	3	0.02
Local:cidade	36581	Curso_de_Literatura_Portuguesa	Viena=de=Áustria	4	0.02
Local:cidade	36581	Curso_de_Literatura_Portuguesa	Cananor	1	0.02
Local:cidade	36581	Curso_de_Literatura_Portuguesa	Filadélfia	1	0.02
Local:cidade	36581	Curso_de_Literatura_Portuguesa	Havre	1	0.02
Local:cidade	36581	Curso_de_Literatura_Portuguesa	Caldas=da=Rainha	2	0.02
Local:cidade	36581	Céu_em_Fogo	Paris	52	0.02
Local:cidade	36581	Céu_em_Fogo	Mênfis	1	0.02
Local:cidade	36581	Céu_em_Fogo	Lisboa	26	0.02
Local:cidade	36581	Céu_em_Fogo	Roma	2	0.02
Local:cidade	36581	Céu_em_Fogo	Veneza	6	0.02
Local:cidade	36581	Céu_em_Fogo	Bizâncio	1	0.02
Local:cidade	36581	Céu_em_Fogo	Sampetersburgo	1	0.02
Local:cidade	36581	Céu_em_Fogo	Gouveia	2	0.02
Local:cidade	36581	Céu_em_Fogo	Moscou	2	0.02
Local:cidade	36581	Céu_em_Fogo	Arrás	1	0.02
Local:cidade	36581	Céu_em_Fogo	Nice	1	0.02
Local:cidade	36581	D._João_e_a_Máscara	Madrid	4	0.02
Local:cidade	36581	D._João_e_a_Máscara	Toledo	2	0.02
Local:cidade	36581	D._João_e_a_Máscara	Veneza	2	0.02
Local:cidade	36581	Da_parte_d'el-rei	Ceuta	1	0.02
Local:cidade	36581	Da_parte_d'el-rei	Coimbra	52	0.02
Local:cidade	36581	Da_parte_d'el-rei	Roma	3	0.02
Local:cidade	36581	Da_parte_d'el-rei	Lisboa	55	0.02
Local:cidade	36581	Da_parte_d'el-rei	Porto	4	0.02
Local:cidade	36581	Da_parte_d'el-rei	Guimarães	17	0.02
Local:cidade	36581	Da_parte_d'el-rei	Pombal	1	0.02
Local:cidade	36581	Da_parte_d'el-rei	Leiria	14	0.02
Local:cidade	36581	Da_parte_d'el-rei	Santarem	52	0.02
Local:cidade	36581	Da_parte_d'el-rei	Loures	1	0.02
Local:cidade	36581	Decameron	Bruges	1	0.02
Local:cidade	36581	Decameron	Veneza	1	0.02
Local:cidade	36581	Decameron	Londres	2	0.02
Local:cidade	36581	Decameron	Roma	3	0.02
Local:cidade	36581	Decameron	Lisboa	6	0.02
Local:cidade	36581	Decameron	Paris	11	0.02
Local:cidade	36581	Decameron	Verona	1	0.02
Local:cidade	36581	Decameron	Chartres	1	0.02
Local:cidade	36581	Decameron	Limoges	1	0.02
Local:cidade	36581	Decameron	Jerusalem	2	0.02
Local:cidade	36581	Decameron	Avinhão	1	0.02
Local:cidade	36581	Decameron	Bourges	1	0.02
Local:cidade	36581	Decameron	Malines	1	0.02
Local:cidade	36581	Decameron	Odessa	1	0.02
Local:cidade	36581	Dicionário_de_Milagres	Meca	1	0.02
Local:cidade	36581	Dicionário_de_Milagres	Viseu	3	0.02
Local:cidade	36581	Dicionário_de_Milagres	Constantinopla	3	0.02
Local:cidade	36581	Dicionário_de_Milagres	Viena	2	0.02
Local:cidade	36581	Dicionário_de_Milagres	Siracusa	1	0.02
Local:cidade	36581	Dicionário_de_Milagres	Ovar	3	0.02
Local:cidade	36581	Dicionário_de_Milagres	Porto	5	0.02
Local:cidade	36581	Dicionário_de_Milagres	Lisboa	17	0.02
Local:cidade	36581	Dicionário_de_Milagres	Paris	9	0.02
Local:cidade	36581	Dicionário_de_Milagres	Atenas	2	0.02
Local:cidade	36581	Dicionário_de_Milagres	Roma	25	0.02
Local:cidade	36581	Dicionário_de_Milagres	Tebas	1	0.02
Local:cidade	36581	Dicionário_de_Milagres	Verona	2	0.02
Local:cidade	36581	Dicionário_de_Milagres	Coimbra	10	0.02
Local:cidade	36581	Dicionário_de_Milagres	Madrid	2	0.02
Local:cidade	36581	Dicionário_de_Milagres	Londres	2	0.02
Local:cidade	36581	Dicionário_de_Milagres	Toledo	3	0.02
Local:cidade	36581	Dicionário_de_Milagres	Santiago	1	0.02
Local:cidade	36581	Dicionário_de_Milagres	Arrás	5	0.02
Local:cidade	36581	Dicionário_de_Milagres	Saint-Malo	1	0.02
Local:cidade	36581	Dicionário_de_Milagres	Viena=de=Áustria	2	0.02
Local:cidade	36581	Dicionário_de_Milagres	Praga	1	0.02
Local:cidade	36581	Dicionário_de_Milagres	Susa	1	0.02
Local:cidade	36581	Dicionário_de_Milagres	Antioquia	3	0.02
Local:cidade	36581	Dicionário_de_Milagres	Ravena	1	0.02
Local:cidade	36581	Dicionário_de_Milagres	Avinhão	1	0.02
Local:cidade	36581	Dicionário_de_Milagres	Alcácer=do=Sal	1	0.02
Local:cidade	36581	Dicionário_de_Milagres	Tarragona	1	0.02
Local:cidade	36581	Dicionário_de_Milagres	Poitiers	3	0.02
Local:cidade	36581	Dicionário_de_Milagres	Palermo	2	0.02
Local:cidade	36581	Dicionário_de_Milagres	Ancona	1	0.02
Local:cidade	36581	Dicionário_de_Milagres	Vila=Real	2	0.02
Local:cidade	36581	Dicionário_de_Milagres	Chaves	3	0.02
Local:cidade	36581	Dicionário_de_Milagres	Perugia	1	0.02
Local:cidade	36581	Dicionário_de_Milagres	Aosta	2	0.02
Local:cidade	36581	Dicionário_de_Milagres	Mangualde	1	0.02
Local:cidade	36581	Dicionário_de_Milagres	Cesareia	1	0.02
Local:cidade	36581	Dicionário_de_Milagres	Fiesole	2	0.02
Local:cidade	36581	Dicionário_de_Milagres	Avenay	3	0.02
Local:cidade	36581	Dicionário_de_Milagres	Tournai	3	0.02
Local:cidade	36581	Dicionário_de_Milagres	Rennes	1	0.02
Local:cidade	36581	Dissertações	Roma	1	0.02
Local:cidade	36581	Dissertações	Atenas	2	0.02
Local:cidade	36581	Dissertações	Tebas	3	0.02
Local:cidade	36581	Diálogo_sobre_a_Ressurreição	Porto	1	0.02
Local:cidade	36581	Diálogo_sobre_a_Ressurreição	Arzila	1	0.02
Local:cidade	36581	Diálogo_sobre_a_Ressurreição	Vila=Real	2	0.02
Local:cidade	36581	Diário_de_uma_criança	Peniche	1	0.02
Local:cidade	36581	Diário_de_uma_criança	Lisboa	7	0.02
Local:cidade	36581	Diário_de_uma_criança	Paris	1	0.02
Local:cidade	36581	Diário_de_uma_criança	Coimbra	2	0.02
Local:cidade	36581	Diário_de_África:_Como_atravessei_a_África_do_Atlântico_ao_Índico	London	1	0.02
Local:cidade	36581	Diário_de_África:_Como_atravessei_a_África_do_Atlântico_ao_Índico	Nantes	1	0.02
Local:cidade	36581	Diário_de_África:_Como_atravessei_a_África_do_Atlântico_ao_Índico	Málaga	1	0.02
Local:cidade	36581	Diário_de_África:_Como_atravessei_a_África_do_Atlântico_ao_Índico	Coimbra	1	0.02
Local:cidade	36581	Diário_de_África:_Como_atravessei_a_África_do_Atlântico_ao_Índico	Paris	14	0.02
Local:cidade	36581	Diário_de_África:_Como_atravessei_a_África_do_Atlântico_ao_Índico	Guimarães	1	0.02
Local:cidade	36581	Diário_de_África:_Como_atravessei_a_África_do_Atlântico_ao_Índico	Lisboa	40	0.02
Local:cidade	36581	Diário_de_África:_Como_atravessei_a_África_do_Atlântico_ao_Índico	Benguela	131	0.02
Local:cidade	36581	Diário_de_África:_Como_atravessei_a_África_do_Atlântico_ao_Índico	Porto	7	0.02
Local:cidade	36581	Diário_de_África:_Como_atravessei_a_África_do_Atlântico_ao_Índico	Roma	1	0.02
Local:cidade	36581	Diário_de_África:_Como_atravessei_a_África_do_Atlântico_ao_Índico	Londres	20	0.02
Local:cidade	36581	Diário_de_África:_Como_atravessei_a_África_do_Atlântico_ao_Índico	Lourenço=Marques	10	0.02
Local:cidade	36581	Diário_de_África:_Como_atravessei_a_África_do_Atlântico_ao_Índico	Suez	1	0.02
Local:cidade	36581	Diário_de_África:_Como_atravessei_a_África_do_Atlântico_ao_Índico	Marselha	1	0.02
Local:cidade	36581	Diário_de_África:_Como_atravessei_a_África_do_Atlântico_ao_Índico	Faro	3	0.02
Local:cidade	36581	Diário_de_África:_Como_atravessei_a_África_do_Atlântico_ao_Índico	Zanzibar	6	0.02
Local:cidade	36581	Diário_de_África:_Como_atravessei_a_África_do_Atlântico_ao_Índico	Durban	18	0.02
Local:cidade	36581	Diário_de_África:_Como_atravessei_a_África_do_Atlântico_ao_Índico	Newcastle	3	0.02
Local:cidade	36581	Diário_de_África:_Como_atravessei_a_África_do_Atlântico_ao_Índico	Figueira=da=Foz	3	0.02
Local:cidade	36581	Diário_de_África:_Como_atravessei_a_África_do_Atlântico_ao_Índico	Standerton	4	0.02
Local:cidade	36581	Diário_de_África:_Como_atravessei_a_África_do_Atlântico_ao_Índico	Xoxom	7	0.02
Local:cidade	36581	Diário_de_África:_Como_atravessei_a_África_do_Atlântico_ao_Índico	Pretória	3	0.02
Local:cidade	36581	Dona_Branca	Toledo	4	0.02
Local:cidade	36581	Dona_Branca	Santiago	20	0.02
Local:cidade	36581	Dona_Branca	Londres	2	0.02
Local:cidade	36581	Dona_Branca	Madrid	2	0.02
Local:cidade	36581	Dona_Branca	Coimbra	1	0.02
Local:cidade	36581	Dona_Branca	Lisboa	3	0.02
Local:cidade	36581	Dona_Branca	Porto	1	0.02
Local:cidade	36581	Dona_Branca	Paris	1	0.02
Local:cidade	36581	Dona_Branca	Silves	18	0.02
Local:cidade	36581	Dona_Branca	Santiago=de=Compostela	4	0.02
Local:cidade	36581	Dona_Branca	Múrcia	1	0.02
Local:cidade	36581	Dona_Branca	Tavira	11	0.02
Local:cidade	36581	Dona_Branca	Alcobaça	1	0.02
Local:cidade	36581	Dona_Branca	Almeria	1	0.02
Local:cidade	36581	Dona_Branca	Ceuta	1	0.02
Local:cidade	36581	Dona_Branca	Meca	1	0.02
Local:cidade	36581	Doze_Casamentos_Felizes	Moura	1	0.02
Local:cidade	36581	Doze_Casamentos_Felizes	Coimbra	2	0.02
Local:cidade	36581	Doze_Casamentos_Felizes	Rio=de=Janeiro	1	0.02
Local:cidade	36581	Doze_Casamentos_Felizes	Malaca	1	0.02
Local:cidade	36581	Doze_Casamentos_Felizes	Espinho	2	0.02
Local:cidade	36581	Doze_Casamentos_Felizes	Roma	3	0.02
Local:cidade	36581	Doze_Casamentos_Felizes	Diu	2	0.02
Local:cidade	36581	Doze_Casamentos_Felizes	Cartago	1	0.02
Local:cidade	36581	Doze_Casamentos_Felizes	Paris	7	0.02
Local:cidade	36581	Doze_Casamentos_Felizes	Porto	30	0.02
Local:cidade	36581	Doze_Casamentos_Felizes	Lisboa	38	0.02
Local:cidade	36581	Doze_Casamentos_Felizes	Ovar	1	0.02
Local:cidade	36581	Doze_Casamentos_Felizes	Alcobaça	1	0.02
Local:cidade	36581	Doze_Casamentos_Felizes	Bragança	2	0.02
Local:cidade	36581	Doze_Casamentos_Felizes	Chaves	2	0.02
Local:cidade	36581	Doze_Casamentos_Felizes	Vila=Real	32	0.02
Local:cidade	36581	Doze_Casamentos_Felizes	Valpaços	1	0.02
Local:cidade	36581	Doze_Casamentos_Felizes	Cananor	5	0.02
Local:cidade	36581	Doze_Casamentos_Felizes	Caldas=da=Rainha	2	0.02
Local:cidade	36581	Doze_Casamentos_Felizes	Cantanhede	1	0.02
Local:cidade	36581	Dramas_Alegóricos	Roma	1	0.02
Local:cidade	36581	Dramas_Alegóricos	Lisboa	3	0.02
Local:cidade	36581	Dramas_Alegóricos	Tunes	1	0.02
Local:cidade	36581	Dramas_Alegóricos	Pafos	1	0.02
Local:cidade	36581	Dramas_da_corte	Roma	1	0.02
Local:cidade	36581	Dramas_da_corte	de	1	0.02
Local:cidade	36581	Dramas_da_corte	Lisboa	27	0.02
Local:cidade	36581	Dramas_da_corte	Veneza	1	0.02
Local:cidade	36581	Dramas_da_corte	Bragança	2	0.02
Local:cidade	36581	Dramas_da_corte	Ceuta	1	0.02
Local:cidade	36581	Dramas_da_corte	Silves	1	0.02
Local:cidade	36581	Dramas_da_corte	Cintra	1	0.02
Local:cidade	36581	Dramas_da_corte	Bombaim	1	0.02
Local:cidade	36581	Dramas_da_corte	Montijo	1	0.02
Local:cidade	36581	Duas_Horas_de_Leitura	Londres	1	0.02
Local:cidade	36581	Duas_Horas_de_Leitura	Veneza	1	0.02
Local:cidade	36581	Duas_Horas_de_Leitura	Rio=de=Janeiro	2	0.02
Local:cidade	36581	Duas_Horas_de_Leitura	Espinho	1	0.02
Local:cidade	36581	Duas_Horas_de_Leitura	Roma	6	0.02
Local:cidade	36581	Duas_Horas_de_Leitura	Cartago	1	0.02
Local:cidade	36581	Duas_Horas_de_Leitura	Paris	3	0.02
Local:cidade	36581	Duas_Horas_de_Leitura	Porto	24	0.02
Local:cidade	36581	Duas_Horas_de_Leitura	Lisboa	7	0.02
Local:cidade	36581	Duas_Horas_de_Leitura	Vila=Nova=de=Gaia	2	0.02
Local:cidade	36581	Duas_Horas_de_Leitura	Mirandela	2	0.02
Local:cidade	36581	Duas_Horas_de_Leitura	Chaves	2	0.02
Local:cidade	36581	Duas_Horas_de_Leitura	Vila=Real	20	0.02
Local:cidade	36581	Duas_Horas_de_Leitura	Tondela	1	0.02
Local:cidade	36581	Ecos_de_Paris	Tunes	3	0.02
Local:cidade	36581	Ecos_de_Paris	Leipzig	1	0.02
Local:cidade	36581	Ecos_de_Paris	Ceuta	1	0.02
Local:cidade	36581	Ecos_de_Paris	Constantinopla	1	0.02
Local:cidade	36581	Ecos_de_Paris	Hamburgo	4	0.02
Local:cidade	36581	Ecos_de_Paris	Sampetersburgo	3	0.02
Local:cidade	36581	Ecos_de_Paris	Génova	1	0.02
Local:cidade	36581	Ecos_de_Paris	Nantes	1	0.02
Local:cidade	36581	Ecos_de_Paris	Lisboa	9	0.02
Local:cidade	36581	Ecos_de_Paris	Paris	103	0.02
Local:cidade	36581	Ecos_de_Paris	Roma	10	0.02
Local:cidade	36581	Ecos_de_Paris	Atenas	7	0.02
Local:cidade	36581	Ecos_de_Paris	Coimbra	1	0.02
Local:cidade	36581	Ecos_de_Paris	Veneza	2	0.02
Local:cidade	36581	Ecos_de_Paris	Berlim	12	0.02
Local:cidade	36581	Ecos_de_Paris	Madrid	10	0.02
Local:cidade	36581	Ecos_de_Paris	Londres	20	0.02
Local:cidade	36581	Ecos_de_Paris	Merida	1	0.02
Local:cidade	36581	Ecos_de_Paris	Manchester	1	0.02
Local:cidade	36581	Ecos_de_Paris	Orleães	1	0.02
Local:cidade	36581	Ecos_de_Paris	Avinhão	1	0.02
Local:cidade	36581	Ecos_de_Paris	Genebra	2	0.02
Local:cidade	36581	Ecos_de_Paris	Lião	13	0.02
Local:cidade	36581	Ecos_de_Paris	Pequim	3	0.02
Local:cidade	36581	Ecos_de_Paris	Bagdade	2	0.02
Local:cidade	36581	Ecos_de_Paris	Bona	1	0.02
Local:cidade	36581	Ecos_de_Paris	Toulon	2	0.02
Local:cidade	36581	Ecos_de_Paris	Havre	1	0.02
Local:cidade	36581	Ecos_de_Paris	Estrasburgo	1	0.02
Local:cidade	36581	Ecos_de_Paris	Cantão	1	0.02
Local:cidade	36581	Ecos_de_Paris	Nice	1	0.02
Local:cidade	36581	Ecos_de_Paris	Rennes	1	0.02
Local:cidade	36581	El-Rei_Junot	Marinha=Grande	2	0.02
Local:cidade	36581	El-Rei_Junot	Oporto	1	0.02
Local:cidade	36581	El-Rei_Junot	Cidade=de=Bragança	2	0.02
Local:cidade	36581	El-Rei_Junot	Coimbra	23	0.02
Local:cidade	36581	El-Rei_Junot	Rio=de=Janeiro	5	0.02
Local:cidade	36581	El-Rei_Junot	Pombal	26	0.02
Local:cidade	36581	El-Rei_Junot	Paris	26	0.02
Local:cidade	36581	El-Rei_Junot	Lisboa	195	0.02
Local:cidade	36581	El-Rei_Junot	Porto	65	0.02
Local:cidade	36581	El-Rei_Junot	Roma	10	0.02
Local:cidade	36581	El-Rei_Junot	Madrid	25	0.02
Local:cidade	36581	El-Rei_Junot	Londres	5	0.02
Local:cidade	36581	El-Rei_Junot	Santiago	2	0.02
Local:cidade	36581	El-Rei_Junot	Peso=da=Régua	3	0.02
Local:cidade	36581	El-Rei_Junot	Toledo	2	0.02
Local:cidade	36581	El-Rei_Junot	Penafiel	2	0.02
Local:cidade	36581	El-Rei_Junot	Ulisseia	1	0.02
Local:cidade	36581	El-Rei_Junot	Veneza	1	0.02
Local:cidade	36581	El-Rei_Junot	Alcobaça	6	0.02
Local:cidade	36581	El-Rei_Junot	Bruxelas	1	0.02
Local:cidade	36581	El-Rei_Junot	Valladolid	1	0.02
Local:cidade	36581	El-Rei_Junot	Viseu	2	0.02
Local:cidade	36581	El-Rei_Junot	Bragança	11	0.02
Local:cidade	36581	El-Rei_Junot	Génova	1	0.02
Local:cidade	36581	El-Rei_Junot	Castelo=Branco	16	0.02
Local:cidade	36581	El-Rei_Junot	Varsóvia	2	0.02
Local:cidade	36581	El-Rei_Junot	Hamburgo	1	0.02
Local:cidade	36581	El-Rei_Junot	Buenos=Aires	6	0.02
Local:cidade	36581	El-Rei_Junot	Viena	2	0.02
Local:cidade	36581	El-Rei_Junot	Ávila	1	0.02
Local:cidade	36581	El-Rei_Junot	Chaves	6	0.02
Local:cidade	36581	El-Rei_Junot	Aldeia=Galega	2	0.02
Local:cidade	36581	El-Rei_Junot	Vila=Real	10	0.02
Local:cidade	36581	El-Rei_Junot	Loulé	1	0.02
Local:cidade	36581	El-Rei_Junot	Estremoz	2	0.02
Local:cidade	36581	El-Rei_Junot	Oliveira=de=Azeméis	2	0.02
Local:cidade	36581	El-Rei_Junot	Peniche	14	0.02
Local:cidade	36581	El-Rei_Junot	Manchester	1	0.02
Local:cidade	36581	El-Rei_Junot	Rio=Maior	4	0.02
Local:cidade	36581	El-Rei_Junot	Liverpool	1	0.02
Local:cidade	36581	El-Rei_Junot	Bordeaux	1	0.02
Local:cidade	36581	El-Rei_Junot	Bagdad	1	0.02
Local:cidade	36581	El-Rei_Junot	Chicago	1	0.02
Local:cidade	36581	El-Rei_Junot	Moscovo	1	0.02
Local:cidade	36581	El-Rei_Junot	Fontainebleau	4	0.02
Local:cidade	36581	El-rei_dinheiro	Pariz	1	0.02
Local:cidade	36581	El-rei_dinheiro	Coimbra	6	0.02
Local:cidade	36581	El-rei_dinheiro	Rio=de=Janeiro	3	0.02
Local:cidade	36581	El-rei_dinheiro	Lisboa	4	0.02
Local:cidade	36581	El-rei_dinheiro	Porto	42	0.02
Local:cidade	36581	El-rei_dinheiro	Londres	5	0.02
Local:cidade	36581	El-rei_dinheiro	Tolosa	2	0.02
Local:cidade	36581	El-rei_dinheiro	Badajoz	12	0.02
Local:cidade	36581	El-rei_dinheiro	Sevilla	1	0.02
Local:cidade	36581	El-rei_dinheiro	Golconda	1	0.02
Local:cidade	36581	Ele	Cintra	2	0.02
Local:cidade	36581	Ele	Coimbra	1	0.02
Local:cidade	36581	Ele	Lisboa	25	0.02
Local:cidade	36581	Ele	Moura	1	0.02
Local:cidade	36581	Ele	Faro	1	0.02
Local:cidade	36581	Elegias_e_Epicédios	Roma	1	0.02
Local:cidade	36581	Elegias_e_Epicédios	Cartago	1	0.02
Local:cidade	36581	Elegias_e_Epicédios	Ulisseia	1	0.02
Local:cidade	36581	Elegias_e_Epicédios	Bragança	1	0.02
Local:cidade	36581	Elogios	Roma	9	0.02
Local:cidade	36581	Elogios	Atenas	1	0.02
Local:cidade	36581	Elogios	Ulisseia	4	0.02
Local:cidade	36581	Elogios	Bragança	1	0.02
Local:cidade	36581	Elvenda,_ou_Conquista_de_Coimbra_por_Fernando_Magno	Vacca	1	0.02
Local:cidade	36581	Elvenda,_ou_Conquista_de_Coimbra_por_Fernando_Magno	Viseu	2	0.02
Local:cidade	36581	Elvenda,_ou_Conquista_de_Coimbra_por_Fernando_Magno	Coimbra	55	0.02
Local:cidade	36581	Elvenda,_ou_Conquista_de_Coimbra_por_Fernando_Magno	Pombal	1	0.02
Local:cidade	36581	Elvenda,_ou_Conquista_de_Coimbra_por_Fernando_Magno	Lisboa	1	0.02
Local:cidade	36581	Elvenda,_ou_Conquista_de_Coimbra_por_Fernando_Magno	Leiria	4	0.02
Local:cidade	36581	Elvenda,_ou_Conquista_de_Coimbra_por_Fernando_Magno	Lamego	2	0.02
Local:cidade	36581	Epigramas	Roma	1	0.02
Local:cidade	36581	Epístolas,_Sátiras_e_outras_composições	Atenas	2	0.02
Local:cidade	36581	Epístolas,_Sátiras_e_outras_composições	Roma	2	0.02
Local:cidade	36581	Epístolas,_Sátiras_e_outras_composições	Lisboa	6	0.02
Local:cidade	36581	Epístolas_e_Sátiras	Tebas	2	0.02
Local:cidade	36581	Epístolas_e_Sátiras	Cartago	1	0.02
Local:cidade	36581	Epístolas_e_Sátiras	Pombal	1	0.02
Local:cidade	36581	Epístolas_e_Sátiras	Porto	3	0.02
Local:cidade	36581	Epístolas_e_Sátiras	Lisboa	1	0.02
Local:cidade	36581	Epístolas_e_Sátiras	Roma	6	0.02
Local:cidade	36581	Epístolas_e_Sátiras	Ulisseia	7	0.02
Local:cidade	36581	Epístolas_e_Sátiras	Tróia	2	0.02
Local:cidade	36581	Epístolas_e_Sátiras	Bizâncio	1	0.02
Local:cidade	36581	Epístolas_e_Sátiras	Chaves	1	0.02
Local:cidade	36581	Esbocos_de_Apreciacões_Literárias	Toledo	1	0.02
Local:cidade	36581	Esbocos_de_Apreciacões_Literárias	Londres	3	0.02
Local:cidade	36581	Esbocos_de_Apreciacões_Literárias	Madrid	1	0.02
Local:cidade	36581	Esbocos_de_Apreciacões_Literárias	Coimbra	2	0.02
Local:cidade	36581	Esbocos_de_Apreciacões_Literárias	Rio=de=Janeiro	4	0.02
Local:cidade	36581	Esbocos_de_Apreciacões_Literárias	Atenas	3	0.02
Local:cidade	36581	Esbocos_de_Apreciacões_Literárias	Roma	14	0.02
Local:cidade	36581	Esbocos_de_Apreciacões_Literárias	Paris	12	0.02
Local:cidade	36581	Esbocos_de_Apreciacões_Literárias	Pombal	1	0.02
Local:cidade	36581	Esbocos_de_Apreciacões_Literárias	Benguela	1	0.02
Local:cidade	36581	Esbocos_de_Apreciacões_Literárias	Lisboa	28	0.02
Local:cidade	36581	Esbocos_de_Apreciacões_Literárias	Porto	28	0.02
Local:cidade	36581	Esbocos_de_Apreciacões_Literárias	Varsóvia	2	0.02
Local:cidade	36581	Esbocos_de_Apreciacões_Literárias	Nantes	1	0.02
Local:cidade	36581	Esbocos_de_Apreciacões_Literárias	Viena	1	0.02
Local:cidade	36581	Esbocos_de_Apreciacões_Literárias	Hamburgo	2	0.02
Local:cidade	36581	Esbocos_de_Apreciacões_Literárias	Alcobaça	1	0.02
Local:cidade	36581	Esbocos_de_Apreciacões_Literárias	Bragança	1	0.02
Local:cidade	36581	Esbocos_de_Apreciacões_Literárias	Marselha	2	0.02
Local:cidade	36581	Esbocos_de_Apreciacões_Literárias	Bordéus	1	0.02
Local:cidade	36581	Esbocos_de_Apreciacões_Literárias	Avinhão	1	0.02
Local:cidade	36581	Esbocos_de_Apreciacões_Literárias	Gouveia	1	0.02
Local:cidade	36581	Esbocos_de_Apreciacões_Literárias	Viena=de=Áustria	2	0.02
Local:cidade	36581	Esbocos_de_Apreciacões_Literárias	Zanzibar	1	0.02
Local:cidade	36581	Esbocos_de_Apreciacões_Literárias	Éfeso	1	0.02
Local:cidade	36581	Esbocos_de_Apreciacões_Literárias	Cantanhede	1	0.02
Local:cidade	36581	Espinhos_e_flores	Porto	3	0.02
Local:cidade	36581	Espinhos_e_flores	Lisboa	10	0.02
Local:cidade	36581	Espinhos_e_flores	Paris	1	0.02
Local:cidade	36581	Espinhos_e_flores	Bragança	2	0.02
Local:cidade	36581	Estatutos_da_Arcádia_Lusitana	Petersburgo	1	0.02
Local:cidade	36581	Estatutos_da_Arcádia_Lusitana	Viena	1	0.02
Local:cidade	36581	Estatutos_da_Arcádia_Lusitana	Paris	2	0.02
Local:cidade	36581	Estatutos_da_Arcádia_Lusitana	Porto	1	0.02
Local:cidade	36581	Estatutos_da_Arcádia_Lusitana	Lisboa	2	0.02
Local:cidade	36581	Estatutos_da_Arcádia_Lusitana	Coimbra	1	0.02
Local:cidade	36581	Estatutos_da_Arcádia_Lusitana	Madrid	1	0.02
Local:cidade	36581	Estatutos_da_Arcádia_Lusitana	Berlim	1	0.02
Local:cidade	36581	Estatutos_da_Arcádia_Lusitana	Cidade=de=Leão	2	0.02
Local:cidade	36581	Esteiros	Póvoa	1	0.02
Local:cidade	36581	Esteiros	Porto	2	0.02
Local:cidade	36581	Esteiros	Lisboa	4	0.02
Local:cidade	36581	Esteiros	Montijo	1	0.02
Local:cidade	36581	Eurico_o_Presbítero	Toledo	2	0.02
Local:cidade	36581	Eurico_o_Presbítero	Moura	1	0.02
Local:cidade	36581	Eurico_o_Presbítero	Roma	2	0.02
Local:cidade	36581	Eurico_o_Presbítero	Babilónia	1	0.02
Local:cidade	36581	Eurico_o_Presbítero	Constantinopla	1	0.02
Local:cidade	36581	Eurico_o_Presbítero	Meca	1	0.02
Local:cidade	36581	Eurico_o_Presbítero	Ceuta	2	0.02
Local:cidade	36581	Eurico_o_Presbítero	Oviedo	1	0.02
Local:cidade	36581	Eurico_o_Presbítero	Toletum	13	0.02
Local:cidade	36581	Euronovela	Odivelas	3	0.02
Local:cidade	36581	Euronovela	Varsóvia	3	0.02
Local:cidade	36581	Euronovela	Viena	1	0.02
Local:cidade	36581	Euronovela	Paris	3	0.02
Local:cidade	36581	Euronovela	Lisboa	61	0.02
Local:cidade	36581	Euronovela	Porto	1	0.02
Local:cidade	36581	Euronovela	Praga	4	0.02
Local:cidade	36581	Euronovela	Palermo	1	0.02
Local:cidade	36581	Euronovela	Badajoz	6	0.02
Local:cidade	36581	Euronovela	Moscovo	16	0.02
Local:cidade	36581	Euronovela	Vila=Real=de=Santo=António	5	0.02
Local:cidade	36581	Euronovela	Munique	2	0.02
Local:cidade	36581	Euronovela	Nice	1	0.02
Local:cidade	36581	Euronovela	La=Valeta	12	0.02
Local:cidade	36581	Eusébio_Macário	Santiago	1	0.02
Local:cidade	36581	Eusébio_Macário	Tróia	1	0.02
Local:cidade	36581	Eusébio_Macário	Veneza	1	0.02
Local:cidade	36581	Eusébio_Macário	Coimbra	4	0.02
Local:cidade	36581	Eusébio_Macário	Rio=de=Janeiro	3	0.02
Local:cidade	36581	Eusébio_Macário	Atenas	1	0.02
Local:cidade	36581	Eusébio_Macário	Porto	30	0.02
Local:cidade	36581	Eusébio_Macário	Lisboa	9	0.02
Local:cidade	36581	Eusébio_Macário	Paris	3	0.02
Local:cidade	36581	Eusébio_Macário	Castelo=Branco	2	0.02
Local:cidade	36581	Eusébio_Macário	Bruxelas	1	0.02
Local:cidade	36581	Eusébio_Macário	Alcobaça	1	0.02
Local:cidade	36581	Eusébio_Macário	Vizela	2	0.02
Local:cidade	36581	Eusébio_Macário	Chaves	3	0.02
Local:cidade	36581	Eusébio_Macário	Marco=de=Canaveses	2	0.02
Local:cidade	36581	Exortação_da_Guerra	Seixal	1	0.02
Local:cidade	36581	Exortação_da_Guerra	Roma	3	0.02
Local:cidade	36581	Exortação_da_Guerra	Lisboa	2	0.02
Local:cidade	36581	Falar_Verdade_a_Mentir	Rio=de=Janeiro	1	0.02
Local:cidade	36581	Falar_Verdade_a_Mentir	Paris	1	0.02
Local:cidade	36581	Falar_Verdade_a_Mentir	Porto	7	0.02
Local:cidade	36581	Falar_Verdade_a_Mentir	Lisboa	19	0.02
Local:cidade	36581	Farsa_de_«Quem_Tem_Farelos?»	Lisboa	1	0.02
Local:cidade	36581	Farsa_do_Juiz_da_Beira	Viseu	1	0.02
Local:cidade	36581	Farsa_do_Juiz_da_Beira	Lisboa	1	0.02
Local:cidade	36581	Farsa_do_Juiz_da_Beira	Moura	1	0.02
Local:cidade	36581	Farsa_ou_Auto_de_Inês_Pereira	Arzila	2	0.02
Local:cidade	36581	Febo_Moniz	Bragança	3	0.02
Local:cidade	36581	Febo_Moniz	Santarém	24	0.02
Local:cidade	36581	Febo_Moniz	Bizâncio	1	0.02
Local:cidade	36581	Febo_Moniz	Viseu	1	0.02
Local:cidade	36581	Febo_Moniz	Viena	1	0.02
Local:cidade	36581	Febo_Moniz	Washington	1	0.02
Local:cidade	36581	Febo_Moniz	Coimbra	1	0.02
Local:cidade	36581	Febo_Moniz	Elvas	3	0.02
Local:cidade	36581	Febo_Moniz	Roma	7	0.02
Local:cidade	36581	Febo_Moniz	Porto	1	0.02
Local:cidade	36581	Febo_Moniz	Lisboa	53	0.02
Local:cidade	36581	Febo_Moniz	Toledo	1	0.02
Local:cidade	36581	Febo_Moniz	Leiria	6	0.02
Local:cidade	36581	Febo_Moniz	Beja	1	0.02
Local:cidade	36581	Febo_Moniz	Évora	1	0.02
Local:cidade	36581	Febo_Moniz	Moura	4	0.02
Local:cidade	36581	Filho_das_ervas	Alcobaça	1	0.02
Local:cidade	36581	Filho_das_ervas	Santarém	1	0.02
Local:cidade	36581	Filho_das_ervas	Cintra	1	0.02
Local:cidade	36581	Filho_das_ervas	Coimbra	59	0.02
Local:cidade	36581	Filho_das_ervas	Guimarães	1	0.02
Local:cidade	36581	Filho_das_ervas	Pombal	1	0.02
Local:cidade	36581	Filho_das_ervas	Paris	2	0.02
Local:cidade	36581	Filho_das_ervas	Lisboa	43	0.02
Local:cidade	36581	Filho_das_ervas	Porto	6	0.02
Local:cidade	36581	Filho_das_ervas	Cadiz	1	0.02
Local:cidade	36581	Filho_das_ervas	Santa=Comba	2	0.02
Local:cidade	36581	Filipa_de_Vilhena	Madrid	8	0.02
Local:cidade	36581	Filipa_de_Vilhena	Paris	1	0.02
Local:cidade	36581	Filipa_de_Vilhena	Lisboa	4	0.02
Local:cidade	36581	Filipa_de_Vilhena	Bissau	3	0.02
Local:cidade	36581	Filipa_de_Vilhena	Bragança	4	0.02
Local:cidade	36581	Finis_Patriae	Lisboa	2	0.02
Local:cidade	36581	Finis_Patriae	Porto	1	0.02
Local:cidade	36581	Finis_Patriae	Pombal	1	0.02
Local:cidade	36581	Finis_Patriae	Paris	1	0.02
Local:cidade	36581	Finis_Patriae	Bragança	5	0.02
Local:cidade	36581	Flores_sem_Fruto	Londres	3	0.02
Local:cidade	36581	Flores_sem_Fruto	Toledo	1	0.02
Local:cidade	36581	Flores_sem_Fruto	Coimbra	1	0.02
Local:cidade	36581	Flores_sem_Fruto	Cartago	5	0.02
Local:cidade	36581	Flores_sem_Fruto	Diu	1	0.02
Local:cidade	36581	Flores_sem_Fruto	Paris	6	0.02
Local:cidade	36581	Flores_sem_Fruto	Porto	1	0.02
Local:cidade	36581	Flores_sem_Fruto	Lisboa	3	0.02
Local:cidade	36581	Flores_sem_Fruto	Roma	1	0.02
Local:cidade	36581	Flores_sem_Fruto	Atenas	1	0.02
Local:cidade	36581	Flores_sem_Fruto	Tura	1	0.02
Local:cidade	36581	Flores_sem_Fruto	Betlém	4	0.02
Local:cidade	36581	Flores_sem_Fruto	Constantinopla	1	0.02
Local:cidade	36581	Flores_sem_Fruto	Bruxelas	1	0.02
Local:cidade	36581	Flores_sem_Fruto	Bizâncio	1	0.02
Local:cidade	36581	Folhas_Caídas	Dio	2	0.02
Local:cidade	36581	Folhas_Caídas	Lisboa	3	0.02
Local:cidade	36581	Folhas_Caídas	Roma	4	0.02
Local:cidade	36581	Folhas_Caídas	Estocolmo	2	0.02
Local:cidade	36581	Fradique_Mendes	Oxford	1	0.02
Local:cidade	36581	Fradique_Mendes	Bizâncio	1	0.02
Local:cidade	36581	Fradique_Mendes	Meca	1	0.02
Local:cidade	36581	Fradique_Mendes	Bragança	1	0.02
Local:cidade	36581	Fradique_Mendes	Viena	1	0.02
Local:cidade	36581	Fradique_Mendes	Babilónia	1	0.02
Local:cidade	36581	Fradique_Mendes	Mênfis	3	0.02
Local:cidade	36581	Fradique_Mendes	Porto	1	0.02
Local:cidade	36581	Fradique_Mendes	Lisboa	40	0.02
Local:cidade	36581	Fradique_Mendes	Cartago	1	0.02
Local:cidade	36581	Fradique_Mendes	Paris	61	0.02
Local:cidade	36581	Fradique_Mendes	Atenas	11	0.02
Local:cidade	36581	Fradique_Mendes	Roma	8	0.02
Local:cidade	36581	Fradique_Mendes	Tebas	8	0.02
Local:cidade	36581	Fradique_Mendes	Verona	1	0.02
Local:cidade	36581	Fradique_Mendes	Coimbra	7	0.02
Local:cidade	36581	Fradique_Mendes	Berlim	2	0.02
Local:cidade	36581	Fradique_Mendes	Londres	15	0.02
Local:cidade	36581	Fradique_Mendes	Manchester	1	0.02
Local:cidade	36581	Fradique_Mendes	Suez	1	0.02
Local:cidade	36581	Fradique_Mendes	Genebra	1	0.02
Local:cidade	36581	Fradique_Mendes	Bordéus	2	0.02
Local:cidade	36581	Fradique_Mendes	Bagdade	3	0.02
Local:cidade	36581	Fradique_Mendes	Marselha	2	0.02
Local:cidade	36581	Fradique_Mendes	Liverpool	1	0.02
Local:cidade	36581	Fradique_Mendes	Petrópolis	1	0.02
Local:cidade	36581	Fradique_Mendes	Havre	1	0.02
Local:cidade	36581	Fradique_Mendes	Jafa	2	0.02
Local:cidade	36581	Fradique_Mendes	Éfeso	1	0.02
Local:cidade	36581	Fradique_Mendes	Fontainebleau	2	0.02
Local:cidade	36581	Fradique_Mendes	Moscovo	1	0.02
Local:cidade	36581	Fradique_Mendes	Chicago	6	0.02
Local:cidade	36581	Fradique_Mendes	Lahsa	1	0.02
Local:cidade	36581	Fradique_Mendes	Chelsea	1	0.02
Local:cidade	36581	Fradique_Mendes	Delft	1	0.02
Local:cidade	36581	Fradique_Mendes	Tabriz	1	0.02
Local:cidade	36581	Fradique_Mendes	Saint-Georges	1	0.02
Local:cidade	36581	Fradique_Mendes	Tanis	1	0.02
Local:cidade	36581	Fradique_Mendes	Carlsbad	1	0.02
Local:cidade	36581	Fradique_Mendes	Vichy	2	0.02
Local:cidade	36581	Fradique_Mendes	Savran	2	0.02
Local:cidade	36581	Fradique_Mendes	Cardiff	1	0.02
Local:cidade	36581	Frei_Luís_de_Sousa	Vila=do=Conde	2	0.02
Local:cidade	36581	Frei_Luís_de_Sousa	Rio=de=Janeiro	1	0.02
Local:cidade	36581	Frei_Luís_de_Sousa	Lisboa	18	0.02
Local:cidade	36581	Frei_Luís_de_Sousa	Roma	1	0.02
Local:cidade	36581	Frei_Luís_de_Sousa	Póvoa=de=Varzim	2	0.02
Local:cidade	36581	Frei_Luís_de_Sousa	São=Petersburgo	2	0.02
Local:cidade	36581	Frei_Luís_de_Sousa	Washington	1	0.02
Local:cidade	36581	Fábulas	Lisboa	2	0.02
Local:cidade	36581	Fábulas	Atenas	1	0.02
Local:cidade	36581	Fábulas	Moura	3	0.02
Local:cidade	36581	Fábulas_(FMN)	Londres	1	0.02
Local:cidade	36581	Fábulas_(FMN)	Tróia	3	0.02
Local:cidade	36581	Fábulas_(FMN)	Lisboa	1	0.02
Local:cidade	36581	Fábulas_(FMN)	Paris	4	0.02
Local:cidade	36581	Fábulas_(FMN)	Roma	7	0.02
Local:cidade	36581	Fábulas_(FMN)	Atenas	6	0.02
Local:cidade	36581	Fábulas_(FMN)	Meca	1	0.02
Local:cidade	36581	Fábulas_de_La_Fontaine	Gnido	1	0.02
Local:cidade	36581	Fábulas_de_La_Fontaine	Paris	3	0.02
Local:cidade	36581	Fábulas_de_La_Fontaine	Roma	2	0.02
Local:cidade	36581	Fábulas_de_La_Fontaine	Atenas	5	0.02
Local:cidade	36581	Fábulas_de_La_Fontaine	Tróia	1	0.02
Local:cidade	36581	Fábulas_de_La_Fontaine	Berlim	1	0.02
Local:cidade	36581	Fábulas_e_Contos	Londres	4	0.02
Local:cidade	36581	Fábulas_e_Contos	Coimbra	10	0.02
Local:cidade	36581	Fábulas_e_Contos	Lisboa	2	0.02
Local:cidade	36581	Fábulas_e_Contos	Paris	2	0.02
Local:cidade	36581	Fábulas_e_Contos	Petersburgo	1	0.02
Local:cidade	36581	Gente_de_Palmo_e_Meio	Moura	1	0.02
Local:cidade	36581	Gente_de_Palmo_e_Meio	Lisboa	2	0.02
Local:cidade	36581	Gente_de_Palmo_e_Meio	Tavira	2	0.02
Local:cidade	36581	Gomes_Freire	Angoche	3	0.02
Local:cidade	36581	Gomes_Freire	São=Petersburgo	2	0.02
Local:cidade	36581	Gomes_Freire	Varsóvia	1	0.02
Local:cidade	36581	Gomes_Freire	Cintra	10	0.02
Local:cidade	36581	Gomes_Freire	Castelo=Branco	2	0.02
Local:cidade	36581	Gomes_Freire	Bragança	22	0.02
Local:cidade	36581	Gomes_Freire	Gibraltar	1	0.02
Local:cidade	36581	Gomes_Freire	Odivelas	2	0.02
Local:cidade	36581	Gomes_Freire	Petersburgo	1	0.02
Local:cidade	36581	Gomes_Freire	Alcobaça	3	0.02
Local:cidade	36581	Gomes_Freire	Veneza	2	0.02
Local:cidade	36581	Gomes_Freire	Leiria	1	0.02
Local:cidade	36581	Gomes_Freire	Londres	12	0.02
Local:cidade	36581	Gomes_Freire	Roma	21	0.02
Local:cidade	36581	Gomes_Freire	Lisboa	67	0.02
Local:cidade	36581	Gomes_Freire	Porto	11	0.02
Local:cidade	36581	Gomes_Freire	Pombal	56	0.02
Local:cidade	36581	Gomes_Freire	Paris	29	0.02
Local:cidade	36581	Gomes_Freire	Coimbra	7	0.02
Local:cidade	36581	Gomes_Freire	Rio=de=Janeiro	24	0.02
Local:cidade	36581	Gomes_Freire	Elvas	4	0.02
Local:cidade	36581	Gomes_Freire	Praga	3	0.02
Local:cidade	36581	Gomes_Freire	Rio=Maior	2	0.02
Local:cidade	36581	Gomes_Freire	Peniche	44	0.02
Local:cidade	36581	Gomes_Freire	S.=Petersburgo	4	0.02
Local:cidade	36581	Gomes_Freire	Badajoz	4	0.02
Local:cidade	36581	Gomes_Freire	Tolosa	1	0.02
Local:cidade	36581	Gomes_Freire	Faro	1	0.02
Local:cidade	36581	Gomes_Freire	Chaves	1	0.02
Local:cidade	36581	Gomes_Freire	Gerona	5	0.02
Local:cidade	36581	Gomes_Freire	Pamplona	17	0.02
Local:cidade	36581	Gomes_Freire	Toulon	3	0.02
Local:cidade	36581	Gomes_Freire	Odessa	3	0.02
Local:cidade	36581	Gramática_da_Linguagem_Portuguesa	Berlim	1	0.02
Local:cidade	36581	Gramática_da_Linguagem_Portuguesa	Madrid	2	0.02
Local:cidade	36581	Gramática_da_Linguagem_Portuguesa	Toledo	2	0.02
Local:cidade	36581	Gramática_da_Linguagem_Portuguesa	Lisboa	3	0.02
Local:cidade	36581	Gramática_da_Linguagem_Portuguesa	Porto	1	0.02
Local:cidade	36581	Gramática_da_Linguagem_Portuguesa	Paris	4	0.02
Local:cidade	36581	Gramática_da_Linguagem_Portuguesa	Atenas	1	0.02
Local:cidade	36581	Gramática_da_Linguagem_Portuguesa	Roma	3	0.02
Local:cidade	36581	Gramática_da_Linguagem_Portuguesa	London	1	0.02
Local:cidade	36581	Gramática_da_Linguagem_Portuguesa	Antuérpia	1	0.02
Local:cidade	36581	Gramática_da_Linguagem_Portuguesa	Calecu	2	0.02
Local:cidade	36581	Guerras_do_Alecrim_e_Manjerona	Londres	1	0.02
Local:cidade	36581	Guerras_do_Alecrim_e_Manjerona	Paris	1	0.02
Local:cidade	36581	Guerras_do_Alecrim_e_Manjerona	Peniche	1	0.02
Local:cidade	36581	Helena_(AG)	Londres	5	0.02
Local:cidade	36581	Helena_(AG)	Alexandria	1	0.02
Local:cidade	36581	Helena_(AG)	Tróia	1	0.02
Local:cidade	36581	Helena_(AG)	Paris	8	0.02
Local:cidade	36581	Helena_(AG)	Lisboa	1	0.02
Local:cidade	36581	Helena_(AG)	Atenas	1	0.02
Local:cidade	36581	Helena_(AG)	Roma	1	0.02
Local:cidade	36581	Helena_(AG)	Viena	1	0.02
Local:cidade	36581	Helena_(AG)	Sampetersburgo	2	0.02
Local:cidade	36581	Helena_(AG)	Bruxelas	1	0.02
Local:cidade	36581	Henriqueta	Porto	9	0.02
Local:cidade	36581	Henriqueta	Lisboa	4	0.02
Local:cidade	36581	Herança_de_lágrimas	Pariz	3	0.02
Local:cidade	36581	Herança_de_lágrimas	Cintra	4	0.02
Local:cidade	36581	Herança_de_lágrimas	Coimbra	1	0.02
Local:cidade	36581	Herança_de_lágrimas	Elvas	5	0.02
Local:cidade	36581	Herança_de_lágrimas	Guimarães	1	0.02
Local:cidade	36581	Herança_de_lágrimas	Porto	13	0.02
Local:cidade	36581	Herança_de_lágrimas	Lisboa	30	0.02
Local:cidade	36581	Herança_de_lágrimas	Londres	1	0.02
Local:cidade	36581	Herança_de_lágrimas	Veneza	1	0.02
Local:cidade	36581	História_Alegre_de_Portugal	Silves	3	0.02
Local:cidade	36581	História_Alegre_de_Portugal	Alcobaça	2	0.02
Local:cidade	36581	História_Alegre_de_Portugal	Bragança	3	0.02
Local:cidade	36581	História_Alegre_de_Portugal	Santarém	5	0.02
Local:cidade	36581	História_Alegre_de_Portugal	Gibraltar	2	0.02
Local:cidade	36581	História_Alegre_de_Portugal	Ceuta	6	0.02
Local:cidade	36581	História_Alegre_de_Portugal	Odivelas	1	0.02
Local:cidade	36581	História_Alegre_de_Portugal	Viseu	1	0.02
Local:cidade	36581	História_Alegre_de_Portugal	Mazagão	1	0.02
Local:cidade	36581	História_Alegre_de_Portugal	Coimbra	24	0.02
Local:cidade	36581	História_Alegre_de_Portugal	Rio=de=Janeiro	6	0.02
Local:cidade	36581	História_Alegre_de_Portugal	Elvas	4	0.02
Local:cidade	36581	História_Alegre_de_Portugal	Fez	1	0.02
Local:cidade	36581	História_Alegre_de_Portugal	Roma	27	0.02
Local:cidade	36581	História_Alegre_de_Portugal	Porto	15	0.02
Local:cidade	36581	História_Alegre_de_Portugal	Lisboa	52	0.02
Local:cidade	36581	História_Alegre_de_Portugal	Cartago	1	0.02
Local:cidade	36581	História_Alegre_de_Portugal	Guimarães	3	0.02
Local:cidade	36581	História_Alegre_de_Portugal	Pombal	14	0.02
Local:cidade	36581	História_Alegre_de_Portugal	Paris	2	0.02
Local:cidade	36581	História_Alegre_de_Portugal	Granada	1	0.02
Local:cidade	36581	História_Alegre_de_Portugal	Toledo	3	0.02
Local:cidade	36581	História_Alegre_de_Portugal	Leiria	1	0.02
Local:cidade	36581	História_Alegre_de_Portugal	Beja	1	0.02
Local:cidade	36581	História_Alegre_de_Portugal	Lamego	1	0.02
Local:cidade	36581	História_Alegre_de_Portugal	Londres	2	0.02
Local:cidade	36581	História_Alegre_de_Portugal	Évora	7	0.02
Local:cidade	36581	História_Alegre_de_Portugal	Peniche	1	0.02
Local:cidade	36581	História_Alegre_de_Portugal	Viena=de=Áustria	3	0.02
Local:cidade	36581	História_Alegre_de_Portugal	Alcácer=do=Sal	3	0.02
Local:cidade	36581	História_Alegre_de_Portugal	Arzila	2	0.02
Local:cidade	36581	História_Alegre_de_Portugal	Badajoz	3	0.02
Local:cidade	36581	História_Alegre_de_Portugal	Montevideu	1	0.02
Local:cidade	36581	História_Alegre_de_Portugal	Montijo	2	0.02
Local:cidade	36581	História_Alegre_de_Portugal	Toulon	1	0.02
Local:cidade	36581	História_Alegre_de_Portugal	Golconda	1	0.02
Local:cidade	36581	História_da_Antiguidade_da_Cidade_de_Évora	Toledo	3	0.02
Local:cidade	36581	História_da_Antiguidade_da_Cidade_de_Évora	Merida	8	0.02
Local:cidade	36581	História_da_Antiguidade_da_Cidade_de_Évora	Santiago	1	0.02
Local:cidade	36581	História_da_Antiguidade_da_Cidade_de_Évora	Euora	96	0.02
Local:cidade	36581	História_da_Antiguidade_da_Cidade_de_Évora	Coimbra	1	0.02
Local:cidade	36581	História_da_Antiguidade_da_Cidade_de_Évora	Roma	10	0.02
Local:cidade	36581	História_da_Antiguidade_da_Cidade_de_Évora	Lisboa	3	0.02
Local:cidade	36581	História_da_Antiguidade_da_Cidade_de_Évora	Paris	1	0.02
Local:cidade	36581	História_da_Inquisição_I	Toledo	4	0.02
Local:cidade	36581	História_da_Inquisição_I	Veneza	1	0.02
Local:cidade	36581	História_da_Inquisição_I	Coimbra	2	0.02
Local:cidade	36581	História_da_Inquisição_I	Paris	3	0.02
Local:cidade	36581	História_da_Inquisição_I	Porto	1	0.02
Local:cidade	36581	História_da_Inquisição_I	Lisboa	38	0.02
Local:cidade	36581	História_da_Inquisição_I	Roma	86	0.02
Local:cidade	36581	História_da_Inquisição_I	Silves	4	0.02
Local:cidade	36581	História_da_Inquisição_I	Bragança	2	0.02
Local:cidade	36581	História_da_Inquisição_I	Bona	1	0.02
Local:cidade	36581	História_da_Inquisição_I	Lião	1	0.02
Local:cidade	36581	História_da_Inquisição_I	Alby	8	0.02
Local:cidade	36581	História_da_Inquisição_I	Gouveia	8	0.02
Local:cidade	36581	História_da_Inquisição_I	Estremoz	1	0.02
Local:cidade	36581	História_da_Inquisição_I	Lérida	1	0.02
Local:cidade	36581	História_da_Inquisição_I	Avinhão	1	0.02
Local:cidade	36581	História_da_Inquisição_I	Genebra	1	0.02
Local:cidade	36581	História_da_Inquisição_I	Lugo	1	0.02
Local:cidade	36581	História_da_Inquisição_I	Loulé	2	0.02
Local:cidade	36581	História_da_Inquisição_I	Arzila	1	0.02
Local:cidade	36581	História_da_Inquisição_II	Dio	2	0.02
Local:cidade	36581	História_da_Inquisição_II	Veneza	11	0.02
Local:cidade	36581	História_da_Inquisição_II	Coimbra	4	0.02
Local:cidade	36581	História_da_Inquisição_II	Porto	2	0.02
Local:cidade	36581	História_da_Inquisição_II	Lisboa	51	0.02
Local:cidade	36581	História_da_Inquisição_II	Roma	211	0.02
Local:cidade	36581	História_da_Inquisição_II	Babilónia	1	0.02
Local:cidade	36581	História_da_Inquisição_II	Salé	1	0.02
Local:cidade	36581	História_da_Inquisição_II	Alcobaça	1	0.02
Local:cidade	36581	História_da_Inquisição_II	Constantinopla	1	0.02
Local:cidade	36581	História_da_Inquisição_II	Silves	2	0.02
Local:cidade	36581	História_da_Inquisição_II	Viseu	2	0.02
Local:cidade	36581	História_da_Inquisição_II	Tunes	1	0.02
Local:cidade	36581	História_da_Inquisição_II	Ceuta	2	0.02
Local:cidade	36581	História_da_Inquisição_II	Marselha	6	0.02
Local:cidade	36581	História_da_Inquisição_II	Chaves	1	0.02
Local:cidade	36581	História_da_Inquisição_II	Valhadolid	1	0.02
Local:cidade	36581	História_da_Inquisição_II	Aldeia=Galega	2	0.02
Local:cidade	36581	História_da_Inquisição_II	Perugia	4	0.02
Local:cidade	36581	História_da_Inquisição_II	Larache	1	0.02
Local:cidade	36581	História_da_Inquisição_III	Santiago	1	0.02
Local:cidade	36581	História_da_Inquisição_III	Veneza	2	0.02
Local:cidade	36581	História_da_Inquisição_III	Verona	7	0.02
Local:cidade	36581	História_da_Inquisição_III	Coimbra	27	0.02
Local:cidade	36581	História_da_Inquisição_III	Lisboa	63	0.02
Local:cidade	36581	História_da_Inquisição_III	Porto	32	0.02
Local:cidade	36581	História_da_Inquisição_III	Roma	181	0.02
Local:cidade	36581	História_da_Inquisição_III	Alcobaça	1	0.02
Local:cidade	36581	História_da_Inquisição_III	Viseu	5	0.02
Local:cidade	36581	História_da_Inquisição_III	Valhadolid	3	0.02
Local:cidade	36581	História_da_Inquisição_III	Ancona	4	0.02
Local:cidade	36581	História_da_Inquisição_III	Miranda=do=Douro	2	0.02
Local:cidade	36581	História_da_Inquisição_III	Vila=Real	4	0.02
Local:cidade	36581	História_da_Inquisição_III	Palermo	3	0.02
Local:cidade	36581	História_da_Inquisição_III	Avinhão	1	0.02
Local:cidade	36581	História_da_Literatura_Portuguesa_Vol._I	Porto	21	0.02
Local:cidade	36581	História_da_Literatura_Portuguesa_Vol._I	Lisboa	42	0.02
Local:cidade	36581	História_da_Literatura_Portuguesa_Vol._I	Cartago	1	0.02
Local:cidade	36581	História_da_Literatura_Portuguesa_Vol._I	Paris	19	0.02
Local:cidade	36581	História_da_Literatura_Portuguesa_Vol._I	Atenas	1	0.02
Local:cidade	36581	História_da_Literatura_Portuguesa_Vol._I	Roma	29	0.02
Local:cidade	36581	História_da_Literatura_Portuguesa_Vol._I	Tebas	2	0.02
Local:cidade	36581	História_da_Literatura_Portuguesa_Vol._I	Verona	1	0.02
Local:cidade	36581	História_da_Literatura_Portuguesa_Vol._I	Malaca	3	0.02
Local:cidade	36581	História_da_Literatura_Portuguesa_Vol._I	Coimbra	17	0.02
Local:cidade	36581	História_da_Literatura_Portuguesa_Vol._I	Moura	1	0.02
Local:cidade	36581	História_da_Literatura_Portuguesa_Vol._I	Veneza	5	0.02
Local:cidade	36581	História_da_Literatura_Portuguesa_Vol._I	Tróia	8	0.02
Local:cidade	36581	História_da_Literatura_Portuguesa_Vol._I	Berlim	1	0.02
Local:cidade	36581	História_da_Literatura_Portuguesa_Vol._I	Madrid	4	0.02
Local:cidade	36581	História_da_Literatura_Portuguesa_Vol._I	Londres	1	0.02
Local:cidade	36581	História_da_Literatura_Portuguesa_Vol._I	Toledo	5	0.02
Local:cidade	36581	História_da_Literatura_Portuguesa_Vol._I	Santiago	5	0.02
Local:cidade	36581	História_da_Literatura_Portuguesa_Vol._I	Leipzig	1	0.02
Local:cidade	36581	História_da_Literatura_Portuguesa_Vol._I	Oxford	1	0.02
Local:cidade	36581	História_da_Literatura_Portuguesa_Vol._I	Pafos	1	0.02
Local:cidade	36581	História_da_Literatura_Portuguesa_Vol._I	Viseu	1	0.02
Local:cidade	36581	História_da_Literatura_Portuguesa_Vol._I	Bragança	4	0.02
Local:cidade	36581	História_da_Literatura_Portuguesa_Vol._I	Ceuta	6	0.02
Local:cidade	36581	História_da_Literatura_Portuguesa_Vol._I	Alcobaça	4	0.02
Local:cidade	36581	História_da_Literatura_Portuguesa_Vol._I	Múrcia	3	0.02
Local:cidade	36581	História_da_Literatura_Portuguesa_Vol._I	Silves	2	0.02
Local:cidade	36581	História_da_Literatura_Portuguesa_Vol._I	Valladolid	1	0.02
Local:cidade	36581	História_da_Literatura_Portuguesa_Vol._I	Viena	4	0.02
Local:cidade	36581	História_da_Literatura_Portuguesa_Vol._I	Génova	2	0.02
Local:cidade	36581	História_da_Literatura_Portuguesa_Vol._I	Bruges	3	0.02
Local:cidade	36581	História_da_Literatura_Portuguesa_Vol._I	Genebra	4	0.02
Local:cidade	36581	História_da_Literatura_Portuguesa_Vol._I	Lugo	1	0.02
Local:cidade	36581	História_da_Literatura_Portuguesa_Vol._I	Arzila	2	0.02
Local:cidade	36581	História_da_Literatura_Portuguesa_Vol._I	Bordéus	5	0.02
Local:cidade	36581	História_da_Literatura_Portuguesa_Vol._I	Alcácer=do=Sal	1	0.02
Local:cidade	36581	História_da_Literatura_Portuguesa_Vol._I	Guadalajara	1	0.02
Local:cidade	36581	História_da_Literatura_Portuguesa_Vol._I	Bagdade	1	0.02
Local:cidade	36581	História_da_Literatura_Portuguesa_Vol._I	Marselha	2	0.02
Local:cidade	36581	História_da_Literatura_Portuguesa_Vol._I	Bona	1	0.02
Local:cidade	36581	História_da_Literatura_Portuguesa_Vol._I	Bombaim	1	0.02
Local:cidade	36581	História_da_Literatura_Portuguesa_Vol._I	Éfeso	1	0.02
Local:cidade	36581	História_da_Literatura_Portuguesa_Vol._I	Mogúncia	1	0.02
Local:cidade	36581	História_da_Literatura_Portuguesa_Vol._I	Weimar	1	0.02
Local:cidade	36581	História_da_Literatura_Portuguesa_Vol._I	Nuremberga	3	0.02
Local:cidade	36581	História_da_Literatura_Portuguesa_Vol._I	Basileia	3	0.02
Local:cidade	36581	História_da_Literatura_Portuguesa_Vol._II	Alcacer=do=Sal	1	0.02
Local:cidade	36581	História_da_Literatura_Portuguesa_Vol._II	Friburgo=de=Brisgoia	2	0.02
Local:cidade	36581	História_da_Literatura_Portuguesa_Vol._II	Lovaina	11	0.02
Local:cidade	36581	História_da_Literatura_Portuguesa_Vol._II	Roterdão	1	0.02
Local:cidade	36581	História_da_Literatura_Portuguesa_Vol._II	Porto	11	0.02
Local:cidade	36581	História_da_Literatura_Portuguesa_Vol._II	Benguela	1	0.02
Local:cidade	36581	História_da_Literatura_Portuguesa_Vol._II	Lisboa	143	0.02
Local:cidade	36581	História_da_Literatura_Portuguesa_Vol._II	Diu	10	0.02
Local:cidade	36581	História_da_Literatura_Portuguesa_Vol._II	Pombal	2	0.02
Local:cidade	36581	História_da_Literatura_Portuguesa_Vol._II	Paris	33	0.02
Local:cidade	36581	História_da_Literatura_Portuguesa_Vol._II	Roma	35	0.02
Local:cidade	36581	História_da_Literatura_Portuguesa_Vol._II	Atenas	2	0.02
Local:cidade	36581	História_da_Literatura_Portuguesa_Vol._II	Malaca	13	0.02
Local:cidade	36581	História_da_Literatura_Portuguesa_Vol._II	Espinho	1	0.02
Local:cidade	36581	História_da_Literatura_Portuguesa_Vol._II	Coimbra	99	0.02
Local:cidade	36581	História_da_Literatura_Portuguesa_Vol._II	Veneza	8	0.02
Local:cidade	36581	História_da_Literatura_Portuguesa_Vol._II	Moura	2	0.02
Local:cidade	36581	História_da_Literatura_Portuguesa_Vol._II	Haia	2	0.02
Local:cidade	36581	História_da_Literatura_Portuguesa_Vol._II	Tróia	1	0.02
Local:cidade	36581	História_da_Literatura_Portuguesa_Vol._II	Pegu	1	0.02
Local:cidade	36581	História_da_Literatura_Portuguesa_Vol._II	Madrid	10	0.02
Local:cidade	36581	História_da_Literatura_Portuguesa_Vol._II	Toledo	7	0.02
Local:cidade	36581	História_da_Literatura_Portuguesa_Vol._II	Santiago	2	0.02
Local:cidade	36581	História_da_Literatura_Portuguesa_Vol._II	Leipzig	1	0.02
Local:cidade	36581	História_da_Literatura_Portuguesa_Vol._II	Meca	1	0.02
Local:cidade	36581	História_da_Literatura_Portuguesa_Vol._II	Odivelas	2	0.02
Local:cidade	36581	História_da_Literatura_Portuguesa_Vol._II	Viseu	2	0.02
Local:cidade	36581	História_da_Literatura_Portuguesa_Vol._II	Bragança	12	0.02
Local:cidade	36581	História_da_Literatura_Portuguesa_Vol._II	Ceuta	17	0.02
Local:cidade	36581	História_da_Literatura_Portuguesa_Vol._II	Constantinopla	1	0.02
Local:cidade	36581	História_da_Literatura_Portuguesa_Vol._II	Bruxelas	4	0.02
Local:cidade	36581	História_da_Literatura_Portuguesa_Vol._II	Alcobaça	3	0.02
Local:cidade	36581	História_da_Literatura_Portuguesa_Vol._II	Tavira	1	0.02
Local:cidade	36581	História_da_Literatura_Portuguesa_Vol._II	Santiago=de=Compostela	2	0.02
Local:cidade	36581	História_da_Literatura_Portuguesa_Vol._II	Valladolid	1	0.02
Local:cidade	36581	História_da_Literatura_Portuguesa_Vol._II	Viena	2	0.02
Local:cidade	36581	História_da_Literatura_Portuguesa_Vol._II	Castelo=Branco	4	0.02
Local:cidade	36581	História_da_Literatura_Portuguesa_Vol._II	Cintra	4	0.02
Local:cidade	36581	História_da_Literatura_Portuguesa_Vol._II	Bruges	1	0.02
Local:cidade	36581	História_da_Literatura_Portuguesa_Vol._II	Babilónia	1	0.02
Local:cidade	36581	História_da_Literatura_Portuguesa_Vol._II	Gouveia	4	0.02
Local:cidade	36581	História_da_Literatura_Portuguesa_Vol._II	Estremoz	6	0.02
Local:cidade	36581	História_da_Literatura_Portuguesa_Vol._II	Arzila	3	0.02
Local:cidade	36581	História_da_Literatura_Portuguesa_Vol._II	Bordéus	7	0.02
Local:cidade	36581	História_da_Literatura_Portuguesa_Vol._II	Alcácer=do=Sal	1	0.02
Local:cidade	36581	História_da_Literatura_Portuguesa_Vol._II	Vila=Nova=de=Gaia	2	0.02
Local:cidade	36581	História_da_Literatura_Portuguesa_Vol._II	Edimburgo	1	0.02
Local:cidade	36581	História_da_Literatura_Portuguesa_Vol._II	Sines	1	0.02
Local:cidade	36581	História_da_Literatura_Portuguesa_Vol._II	Cidade=de=Lisboa	2	0.02
Local:cidade	36581	História_da_Literatura_Portuguesa_Vol._II	Vigo	1	0.02
Local:cidade	36581	História_da_Literatura_Portuguesa_Vol._II	Cananor	1	0.02
Local:cidade	36581	História_da_Literatura_Portuguesa_Vol._II	Çafim	1	0.02
Local:cidade	36581	História_da_Literatura_Portuguesa_Vol._II	Fontainebleau	4	0.02
Local:cidade	36581	História_da_Literatura_Portuguesa_Vol._II	Cantão	2	0.02
Local:cidade	36581	História_da_Literatura_Portuguesa_Vol._II	Nuremberga	1	0.02
Local:cidade	36581	História_da_Literatura_Portuguesa_Vol._II	Extremoz	1	0.02
Local:cidade	36581	História_da_Literatura_Portuguesa_Vol._II	Basileia	1	0.02
Local:cidade	36581	História_da_Literatura_Portuguesa_Vol._III	Ciudad=de=Lisbona	2	0.02
Local:cidade	36581	História_da_Literatura_Portuguesa_Vol._III	Roterdão	1	0.02
Local:cidade	36581	História_da_Literatura_Portuguesa_Vol._III	Lx.a	3	0.02
Local:cidade	36581	História_da_Literatura_Portuguesa_Vol._III	Porto	14	0.02
Local:cidade	36581	História_da_Literatura_Portuguesa_Vol._III	Lisboa	143	0.02
Local:cidade	36581	História_da_Literatura_Portuguesa_Vol._III	Cartago	2	0.02
Local:cidade	36581	História_da_Literatura_Portuguesa_Vol._III	Paris	19	0.02
Local:cidade	36581	História_da_Literatura_Portuguesa_Vol._III	Roma	54	0.02
Local:cidade	36581	História_da_Literatura_Portuguesa_Vol._III	Malaca	14	0.02
Local:cidade	36581	História_da_Literatura_Portuguesa_Vol._III	Rio=de=Janeiro	1	0.02
Local:cidade	36581	História_da_Literatura_Portuguesa_Vol._III	Coimbra	38	0.02
Local:cidade	36581	História_da_Literatura_Portuguesa_Vol._III	Ulisseia	13	0.02
Local:cidade	36581	História_da_Literatura_Portuguesa_Vol._III	Veneza	1	0.02
Local:cidade	36581	História_da_Literatura_Portuguesa_Vol._III	Moura	7	0.02
Local:cidade	36581	História_da_Literatura_Portuguesa_Vol._III	Tróia	2	0.02
Local:cidade	36581	História_da_Literatura_Portuguesa_Vol._III	Madrid	99	0.02
Local:cidade	36581	História_da_Literatura_Portuguesa_Vol._III	Londres	8	0.02
Local:cidade	36581	História_da_Literatura_Portuguesa_Vol._III	Toledo	3	0.02
Local:cidade	36581	História_da_Literatura_Portuguesa_Vol._III	Bragança	20	0.02
Local:cidade	36581	História_da_Literatura_Portuguesa_Vol._III	Vizela	2	0.02
Local:cidade	36581	História_da_Literatura_Portuguesa_Vol._III	Ceuta	15	0.02
Local:cidade	36581	História_da_Literatura_Portuguesa_Vol._III	Alcobaça	2	0.02
Local:cidade	36581	História_da_Literatura_Portuguesa_Vol._III	Valladolid	1	0.02
Local:cidade	36581	História_da_Literatura_Portuguesa_Vol._III	Hamburgo	1	0.02
Local:cidade	36581	História_da_Literatura_Portuguesa_Vol._III	Castelo=Branco	2	0.02
Local:cidade	36581	História_da_Literatura_Portuguesa_Vol._III	Nantes	2	0.02
Local:cidade	36581	História_da_Literatura_Portuguesa_Vol._III	Babilónia	1	0.02
Local:cidade	36581	História_da_Literatura_Portuguesa_Vol._III	Gouveia	1	0.02
Local:cidade	36581	História_da_Literatura_Portuguesa_Vol._III	Lião	3	0.02
Local:cidade	36581	História_da_Literatura_Portuguesa_Vol._III	Arzila	1	0.02
Local:cidade	36581	História_da_Literatura_Portuguesa_Vol._III	Bordéus	3	0.02
Local:cidade	36581	História_da_Literatura_Portuguesa_Vol._III	Vila=Real	6	0.02
Local:cidade	36581	História_da_Literatura_Portuguesa_Vol._III	Marselha	1	0.02
Local:cidade	36581	História_da_Literatura_Portuguesa_Vol._III	Bona	1	0.02
Local:cidade	36581	História_da_Literatura_Portuguesa_Vol._III	Portimão	2	0.02
Local:cidade	36581	História_da_Literatura_Portuguesa_Vol._III	Sevilla	1	0.02
Local:cidade	36581	História_da_Literatura_Portuguesa_Vol._III	Orleães	1	0.02
Local:cidade	36581	História_da_Literatura_Portuguesa_Vol._III	Cidade=de=Lisboa	2	0.02
Local:cidade	36581	História_da_Literatura_Portuguesa_Vol._III	Bilbau	1	0.02
Local:cidade	36581	História_da_Literatura_Portuguesa_Vol._III	Bombaim	3	0.02
Local:cidade	36581	História_da_Literatura_Portuguesa_Vol._III	San=Francisco	2	0.02
Local:cidade	36581	História_da_Literatura_Portuguesa_Vol._III	Antuérpia	1	0.02
Local:cidade	36581	História_da_Literatura_Portuguesa_Vol._IV	San=Miniato	2	0.02
Local:cidade	36581	História_da_Literatura_Portuguesa_Vol._IV	Porto	42	0.02
Local:cidade	36581	História_da_Literatura_Portuguesa_Vol._IV	Lisboa	194	0.02
Local:cidade	36581	História_da_Literatura_Portuguesa_Vol._IV	Pombal	21	0.02
Local:cidade	36581	História_da_Literatura_Portuguesa_Vol._IV	Paris	47	0.02
Local:cidade	36581	História_da_Literatura_Portuguesa_Vol._IV	Roma	67	0.02
Local:cidade	36581	História_da_Literatura_Portuguesa_Vol._IV	Malaca	2	0.02
Local:cidade	36581	História_da_Literatura_Portuguesa_Vol._IV	Coimbra	47	0.02
Local:cidade	36581	História_da_Literatura_Portuguesa_Vol._IV	Rio=de=Janeiro	38	0.02
Local:cidade	36581	História_da_Literatura_Portuguesa_Vol._IV	Ulisseia	1	0.02
Local:cidade	36581	História_da_Literatura_Portuguesa_Vol._IV	Veneza	8	0.02
Local:cidade	36581	História_da_Literatura_Portuguesa_Vol._IV	Haia	2	0.02
Local:cidade	36581	História_da_Literatura_Portuguesa_Vol._IV	Madrid	13	0.02
Local:cidade	36581	História_da_Literatura_Portuguesa_Vol._IV	Londres	20	0.02
Local:cidade	36581	História_da_Literatura_Portuguesa_Vol._IV	Dio	1	0.02
Local:cidade	36581	História_da_Literatura_Portuguesa_Vol._IV	Santiago	2	0.02
Local:cidade	36581	História_da_Literatura_Portuguesa_Vol._IV	Pafos	1	0.02
Local:cidade	36581	História_da_Literatura_Portuguesa_Vol._IV	Odivelas	2	0.02
Local:cidade	36581	História_da_Literatura_Portuguesa_Vol._IV	Bragança	10	0.02
Local:cidade	36581	História_da_Literatura_Portuguesa_Vol._IV	Ílhavo	1	0.02
Local:cidade	36581	História_da_Literatura_Portuguesa_Vol._IV	Acre	1	0.02
Local:cidade	36581	História_da_Literatura_Portuguesa_Vol._IV	Alcobaça	3	0.02
Local:cidade	36581	História_da_Literatura_Portuguesa_Vol._IV	Valladolid	1	0.02
Local:cidade	36581	História_da_Literatura_Portuguesa_Vol._IV	Hamburgo	6	0.02
Local:cidade	36581	História_da_Literatura_Portuguesa_Vol._IV	Viena	44	0.02
Local:cidade	36581	História_da_Literatura_Portuguesa_Vol._IV	Castelo=Branco	2	0.02
Local:cidade	36581	História_da_Literatura_Portuguesa_Vol._IV	Nantes	1	0.02
Local:cidade	36581	História_da_Literatura_Portuguesa_Vol._IV	Babilónia	1	0.02
Local:cidade	36581	História_da_Literatura_Portuguesa_Vol._IV	Bordéus	1	0.02
Local:cidade	36581	História_da_Literatura_Portuguesa_Vol._IV	Chaves	2	0.02
Local:cidade	36581	História_da_Literatura_Portuguesa_Vol._IV	Amesterdão	2	0.02
Local:cidade	36581	História_da_Literatura_Portuguesa_Vol._IV	Lourenço=Marques	6	0.02
Local:cidade	36581	História_da_Literatura_Portuguesa_Vol._IV	Viena=de=Áustria	14	0.02
Local:cidade	36581	História_da_Literatura_Portuguesa_Vol._IV	Cidade=de=Lisboa	2	0.02
Local:cidade	36581	História_da_Literatura_Portuguesa_Vol._IV	Bombaim	2	0.02
Local:cidade	36581	História_da_Literatura_Portuguesa_Vol._IV	Fontainebleau	1	0.02
Local:cidade	36581	História_da_Literatura_Portuguesa_Vol._IV	Estrasburgo	2	0.02
Local:cidade	36581	História_da_Literatura_Portuguesa_Vol._IV	Cantão	3	0.02
Local:cidade	36581	História_da_Literatura_Portuguesa_Vol._IV	Calcutá	3	0.02
Local:cidade	36581	História_da_Literatura_Portuguesa_Vol._IV	Port=Royal	8	0.02
Local:cidade	36581	História_de_Portugal_I	Londres	1	0.02
Local:cidade	36581	História_de_Portugal_I	Madrid	5	0.02
Local:cidade	36581	História_de_Portugal_I	Santiago	21	0.02
Local:cidade	36581	História_de_Portugal_I	Toledo	128	0.02
Local:cidade	36581	História_de_Portugal_I	Penafiel	6	0.02
Local:cidade	36581	História_de_Portugal_I	Moura	8	0.02
Local:cidade	36581	História_de_Portugal_I	Málaga	10	0.02
Local:cidade	36581	História_de_Portugal_I	Coimbra	74	0.02
Local:cidade	36581	História_de_Portugal_I	Pombal	4	0.02
Local:cidade	36581	História_de_Portugal_I	Cartago	5	0.02
Local:cidade	36581	História_de_Portugal_I	Lisboa	109	0.02
Local:cidade	36581	História_de_Portugal_I	Porto	30	0.02
Local:cidade	36581	História_de_Portugal_I	Roma	57	0.02
Local:cidade	36581	História_de_Portugal_I	Génova	1	0.02
Local:cidade	36581	História_de_Portugal_I	Salé	2	0.02
Local:cidade	36581	História_de_Portugal_I	Alcobaça	21	0.02
Local:cidade	36581	História_de_Portugal_I	Almeria	12	0.02
Local:cidade	36581	História_de_Portugal_I	Constantinopla	2	0.02
Local:cidade	36581	História_de_Portugal_I	Silves	12	0.02
Local:cidade	36581	História_de_Portugal_I	Múrcia	8	0.02
Local:cidade	36581	História_de_Portugal_I	Tavira	1	0.02
Local:cidade	36581	História_de_Portugal_I	Viseu	7	0.02
Local:cidade	36581	História_de_Portugal_I	Meca	2	0.02
Local:cidade	36581	História_de_Portugal_I	Bizâncio	1	0.02
Local:cidade	36581	História_de_Portugal_I	Leipzig	1	0.02
Local:cidade	36581	História_de_Portugal_I	Ceuta	20	0.02
Local:cidade	36581	História_de_Portugal_I	Sevilla	1	0.02
Local:cidade	36581	História_de_Portugal_I	Amiens	1	0.02
Local:cidade	36581	História_de_Portugal_I	Francoforte	2	0.02
Local:cidade	36581	História_de_Portugal_I	Amesterdão	2	0.02
Local:cidade	36581	História_de_Portugal_I	Bagdade	3	0.02
Local:cidade	36581	História_de_Portugal_I	Pamplona	5	0.02
Local:cidade	36581	História_de_Portugal_I	Poitiers	1	0.02
Local:cidade	36581	História_de_Portugal_I	Gerona	5	0.02
Local:cidade	36581	História_de_Portugal_I	Huesca	4	0.02
Local:cidade	36581	História_de_Portugal_I	Tarragona	2	0.02
Local:cidade	36581	História_de_Portugal_I	Palácio=de=Azzahrat=ou=Zahra	1	0.02
Local:cidade	36581	História_de_Portugal_I	Azzahrat	4	0.02
Local:cidade	36581	História_de_Portugal_I	Guadalajara	2	0.02
Local:cidade	36581	História_de_Portugal_I	Ávila	2	0.02
Local:cidade	36581	História_de_Portugal_I	Tabira	1	0.02
Local:cidade	36581	História_de_Portugal_I	Alcácer=do=Sal	1	0.02
Local:cidade	36581	História_de_Portugal_I	Truxillo	4	0.02
Local:cidade	36581	História_de_Portugal_I	Naxera	5	0.02
Local:cidade	36581	História_de_Portugal_I	Medina=Sanábria	4	0.02
Local:cidade	36581	História_de_Portugal_I	Valhadolid	9	0.02
Local:cidade	36581	História_de_Portugal_I	Bona	4	0.02
Local:cidade	36581	História_de_Portugal_I	Oviedo	22	0.02
Local:cidade	36581	História_de_Portugal_I	Lugo	1	0.02
Local:cidade	36581	História_de_Portugal_I	Lérida	5	0.02
Local:cidade	36581	História_de_Portugal_I	Bordéus	1	0.02
Local:cidade	36581	História_de_Portugal_II	Londres	3	0.02
Local:cidade	36581	História_de_Portugal_II	Santiago	15	0.02
Local:cidade	36581	História_de_Portugal_II	Toledo	33	0.02
Local:cidade	36581	História_de_Portugal_II	Merida	1	0.02
Local:cidade	36581	História_de_Portugal_II	Penafiel	1	0.02
Local:cidade	36581	História_de_Portugal_II	Moura	20	0.02
Local:cidade	36581	História_de_Portugal_II	Bremen	1	0.02
Local:cidade	36581	História_de_Portugal_II	Málaga	2	0.02
Local:cidade	36581	História_de_Portugal_II	Coimbra	148	0.02
Local:cidade	36581	História_de_Portugal_II	Paris	8	0.02
Local:cidade	36581	História_de_Portugal_II	Pombal	1	0.02
Local:cidade	36581	História_de_Portugal_II	Lisboa	115	0.02
Local:cidade	36581	História_de_Portugal_II	Porto	122	0.02
Local:cidade	36581	História_de_Portugal_II	Roma	89	0.02
Local:cidade	36581	História_de_Portugal_II	Génova	2	0.02
Local:cidade	36581	História_de_Portugal_II	Salé	1	0.02
Local:cidade	36581	História_de_Portugal_II	Castelo=Branco	12	0.02
Local:cidade	36581	História_de_Portugal_II	Alcobaça	24	0.02
Local:cidade	36581	História_de_Portugal_II	Almeria	1	0.02
Local:cidade	36581	História_de_Portugal_II	Bruxelas	1	0.02
Local:cidade	36581	História_de_Portugal_II	Constantinopla	3	0.02
Local:cidade	36581	História_de_Portugal_II	Acre	8	0.02
Local:cidade	36581	História_de_Portugal_II	Silves	87	0.02
Local:cidade	36581	História_de_Portugal_II	Múrcia	9	0.02
Local:cidade	36581	História_de_Portugal_II	Tavira	13	0.02
Local:cidade	36581	História_de_Portugal_II	Viseu	9	0.02
Local:cidade	36581	História_de_Portugal_II	Oxford	2	0.02
Local:cidade	36581	História_de_Portugal_II	Tunes	1	0.02
Local:cidade	36581	História_de_Portugal_II	Bragança	22	0.02
Local:cidade	36581	História_de_Portugal_II	São=Pedro=do=Sul	3	0.02
Local:cidade	36581	História_de_Portugal_II	Tuy	1	0.02
Local:cidade	36581	História_de_Portugal_II	Huelva	5	0.02
Local:cidade	36581	História_de_Portugal_II	Albufeira	2	0.02
Local:cidade	36581	História_de_Portugal_II	Portimão	4	0.02
Local:cidade	36581	História_de_Portugal_II	Ponte=de=Sor	2	0.02
Local:cidade	36581	História_de_Portugal_II	Valhadolide	1	0.02
Local:cidade	36581	História_de_Portugal_II	Mirandela	4	0.02
Local:cidade	36581	História_de_Portugal_II	Vila=Nova=de=Gaia	2	0.02
Local:cidade	36581	História_de_Portugal_II	Martos	2	0.02
Local:cidade	36581	História_de_Portugal_II	Huesca	1	0.02
Local:cidade	36581	História_de_Portugal_II	Ávila	1	0.02
Local:cidade	36581	História_de_Portugal_II	Tabira	3	0.02
Local:cidade	36581	História_de_Portugal_II	Alcácer=do=Sal	1	0.02
Local:cidade	36581	História_de_Portugal_II	Truxillo	2	0.02
Local:cidade	36581	História_de_Portugal_II	Chaves	6	0.02
Local:cidade	36581	História_de_Portugal_II	Bona	6	0.02
Local:cidade	36581	História_de_Portugal_II	Marselha	2	0.02
Local:cidade	36581	História_de_Portugal_II	Oviedo	3	0.02
Local:cidade	36581	História_de_Portugal_II	Lião	14	0.02
Local:cidade	36581	História_de_Portugal_II	Loulé	3	0.02
Local:cidade	36581	História_de_Portugal_II	Lugo	3	0.02
Local:cidade	36581	História_de_Portugal_II	Estremoz	1	0.02
Local:cidade	36581	História_de_Portugal_II	Gouveia	3	0.02
Local:cidade	36581	História_de_Portugal_III	Toledo	23	0.02
Local:cidade	36581	História_de_Portugal_III	Santiago	15	0.02
Local:cidade	36581	História_de_Portugal_III	Moura	8	0.02
Local:cidade	36581	História_de_Portugal_III	Tróia	1	0.02
Local:cidade	36581	História_de_Portugal_III	Málaga	1	0.02
Local:cidade	36581	História_de_Portugal_III	Coimbra	57	0.02
Local:cidade	36581	História_de_Portugal_III	Porto	39	0.02
Local:cidade	36581	História_de_Portugal_III	Lisboa	57	0.02
Local:cidade	36581	História_de_Portugal_III	Paris	10	0.02
Local:cidade	36581	História_de_Portugal_III	Roma	17	0.02
Local:cidade	36581	História_de_Portugal_III	Castelo=Branco	2	0.02
Local:cidade	36581	História_de_Portugal_III	Babilónia	1	0.02
Local:cidade	36581	História_de_Portugal_III	Bruges	1	0.02
Local:cidade	36581	História_de_Portugal_III	Alcobaça	5	0.02
Local:cidade	36581	História_de_Portugal_III	Tavira	7	0.02
Local:cidade	36581	História_de_Portugal_III	Silves	17	0.02
Local:cidade	36581	História_de_Portugal_III	Múrcia	8	0.02
Local:cidade	36581	História_de_Portugal_III	Meca	1	0.02
Local:cidade	36581	História_de_Portugal_III	Viseu	15	0.02
Local:cidade	36581	História_de_Portugal_III	Bragança	3	0.02
Local:cidade	36581	História_de_Portugal_III	Murcia	3	0.02
Local:cidade	36581	História_de_Portugal_III	Oliveira=de=Azeméis	2	0.02
Local:cidade	36581	História_de_Portugal_III	Arezzo	1	0.02
Local:cidade	36581	História_de_Portugal_III	Vila=Nova=de=Gaia	2	0.02
Local:cidade	36581	História_de_Portugal_III	Sevilla	2	0.02
Local:cidade	36581	História_de_Portugal_III	Albufeira	10	0.02
Local:cidade	36581	História_de_Portugal_III	Huelva	1	0.02
Local:cidade	36581	História_de_Portugal_III	Ponte=de=Sor	1	0.02
Local:cidade	36581	História_de_Portugal_III	Alcácer=do=Sal	1	0.02
Local:cidade	36581	História_de_Portugal_III	Tabira	1	0.02
Local:cidade	36581	História_de_Portugal_III	Vila=Real	2	0.02
Local:cidade	36581	História_de_Portugal_III	Valhadolid	1	0.02
Local:cidade	36581	História_de_Portugal_III	Chaves	4	0.02
Local:cidade	36581	História_de_Portugal_III	Gouveia	1	0.02
Local:cidade	36581	História_de_Portugal_III	Loulé	1	0.02
Local:cidade	36581	História_de_Portugal_III	Lugo	11	0.02
Local:cidade	36581	História_de_Portugal_III	Oviedo	27	0.02
Local:cidade	36581	História_de_Portugal_III	Lião	5	0.02
Local:cidade	36581	História_de_Portugal_III	Chartres	1	0.02
Local:cidade	36581	História_de_Portugal_III	Lille	1	0.02
Local:cidade	36581	História_de_Portugal_III	Worms	1	0.02
Local:cidade	36581	História_de_Portugal_III	Edimburgo	1	0.02
Local:cidade	36581	História_de_Portugal_IV	Madrid	3	0.02
Local:cidade	36581	História_de_Portugal_IV	Toledo	5	0.02
Local:cidade	36581	História_de_Portugal_IV	Santiago	8	0.02
Local:cidade	36581	História_de_Portugal_IV	Moura	6	0.02
Local:cidade	36581	História_de_Portugal_IV	Coimbra	75	0.02
Local:cidade	36581	História_de_Portugal_IV	Porto	13	0.02
Local:cidade	36581	História_de_Portugal_IV	Lisboa	52	0.02
Local:cidade	36581	História_de_Portugal_IV	Paris	1	0.02
Local:cidade	36581	História_de_Portugal_IV	Pombal	6	0.02
Local:cidade	36581	História_de_Portugal_IV	Roma	13	0.02
Local:cidade	36581	História_de_Portugal_IV	Castelo=Branco	52	0.02
Local:cidade	36581	História_de_Portugal_IV	Constantinopla	1	0.02
Local:cidade	36581	História_de_Portugal_IV	Almeria	1	0.02
Local:cidade	36581	História_de_Portugal_IV	Alcobaça	13	0.02
Local:cidade	36581	História_de_Portugal_IV	Tavira	2	0.02
Local:cidade	36581	História_de_Portugal_IV	Silves	2	0.02
Local:cidade	36581	História_de_Portugal_IV	Viseu	12	0.02
Local:cidade	36581	História_de_Portugal_IV	Bragança	22	0.02
Local:cidade	36581	História_de_Portugal_IV	Mirandela	1	0.02
Local:cidade	36581	História_de_Portugal_IV	Sevilla	2	0.02
Local:cidade	36581	História_de_Portugal_IV	Ávila	50	0.02
Local:cidade	36581	História_de_Portugal_IV	Vila=Real	4	0.02
Local:cidade	36581	História_de_Portugal_IV	Chaves	15	0.02
Local:cidade	36581	História_de_Portugal_IV	Gouveia	19	0.02
Local:cidade	36581	História_de_Portugal_IV	Estremoz	11	0.02
Local:cidade	36581	História_de_Portugal_IV	Loulé	2	0.02
Local:cidade	36581	História_de_Portugal_IV	Oviedo	6	0.02
Local:cidade	36581	História_de_Portugal_IV	Rio=Maior	2	0.02
Local:cidade	36581	História_de_Portugal_IV	Rio=Tinto	4	0.02
Local:cidade	36581	História_de_Portugal_IV	Santa=Comba	4	0.02
Local:cidade	36581	História_do_Futuro_I	Tróia	1	0.02
Local:cidade	36581	História_do_Futuro_I	Madrid	2	0.02
Local:cidade	36581	História_do_Futuro_I	Toledo	1	0.02
Local:cidade	36581	História_do_Futuro_I	Dio	1	0.02
Local:cidade	36581	História_do_Futuro_I	Lisboa	2	0.02
Local:cidade	36581	História_do_Futuro_I	Porto	1	0.02
Local:cidade	36581	História_do_Futuro_I	Paris	5	0.02
Local:cidade	36581	História_do_Futuro_I	Cartago	6	0.02
Local:cidade	36581	História_do_Futuro_I	Roma	8	0.02
Local:cidade	36581	História_do_Futuro_I	Malaca	1	0.02
Local:cidade	36581	História_do_Futuro_I	Babilónia	20	0.02
Local:cidade	36581	História_do_Futuro_I	Bragança	2	0.02
Local:cidade	36581	História_do_Futuro_I	Alcobaça	1	0.02
Local:cidade	36581	História_do_Futuro_I	Antioquia	1	0.02
Local:cidade	36581	História_do_Futuro_II	Tróia	1	0.02
Local:cidade	36581	História_do_Futuro_II	Toledo	1	0.02
Local:cidade	36581	História_do_Futuro_II	Atenas	1	0.02
Local:cidade	36581	História_do_Futuro_II	Roma	9	0.02
Local:cidade	36581	História_do_Futuro_II	Babilónia	9	0.02
Local:cidade	36581	História_do_Futuro_II	Constantinopla	3	0.02
Local:cidade	36581	História_do_Futuro_II	Lugo	1	0.02
Local:cidade	36581	História_do_Futuro_II	Praga	1	0.02
Local:cidade	36581	História_do_Romantismo_em_Portugal_I	Porto	25	0.02
Local:cidade	36581	História_do_Romantismo_em_Portugal_I	Lisboa	25	0.02
Local:cidade	36581	História_do_Romantismo_em_Portugal_I	Paris	22	0.02
Local:cidade	36581	História_do_Romantismo_em_Portugal_I	Roma	32	0.02
Local:cidade	36581	História_do_Romantismo_em_Portugal_I	Malaca	1	0.02
Local:cidade	36581	História_do_Romantismo_em_Portugal_I	Verona	1	0.02
Local:cidade	36581	História_do_Romantismo_em_Portugal_I	Rio=de=Janeiro	2	0.02
Local:cidade	36581	História_do_Romantismo_em_Portugal_I	Coimbra	20	0.02
Local:cidade	36581	História_do_Romantismo_em_Portugal_I	Ulisseia	1	0.02
Local:cidade	36581	História_do_Romantismo_em_Portugal_I	Tróia	1	0.02
Local:cidade	36581	História_do_Romantismo_em_Portugal_I	Londres	3	0.02
Local:cidade	36581	História_do_Romantismo_em_Portugal_I	Berlim	1	0.02
Local:cidade	36581	História_do_Romantismo_em_Portugal_I	Santiago	2	0.02
Local:cidade	36581	História_do_Romantismo_em_Portugal_I	Bizâncio	4	0.02
Local:cidade	36581	História_do_Romantismo_em_Portugal_I	Odivelas	3	0.02
Local:cidade	36581	História_do_Romantismo_em_Portugal_I	Bragança	2	0.02
Local:cidade	36581	História_do_Romantismo_em_Portugal_I	Ceuta	1	0.02
Local:cidade	36581	História_do_Romantismo_em_Portugal_I	Constantinopla	2	0.02
Local:cidade	36581	História_do_Romantismo_em_Portugal_I	Plymouth	1	0.02
Local:cidade	36581	História_do_Romantismo_em_Portugal_I	Hamburgo	5	0.02
Local:cidade	36581	História_do_Romantismo_em_Portugal_I	Marselha	1	0.02
Local:cidade	36581	História_do_Romantismo_em_Portugal_I	Aldeia=Galega	2	0.02
Local:cidade	36581	História_do_Romantismo_em_Portugal_I	Chaves	1	0.02
Local:cidade	36581	História_do_Romantismo_em_Portugal_I	Vila=Nova=de=Gaia	2	0.02
Local:cidade	36581	História_do_Romantismo_em_Portugal_I	Lille	1	0.02
Local:cidade	36581	História_do_Romantismo_em_Portugal_I	Viena=de=Áustria	2	0.02
Local:cidade	36581	História_do_Romantismo_em_Portugal_I	Antioquia	1	0.02
Local:cidade	36581	História_do_Romantismo_em_Portugal_I	Havre	3	0.02
Local:cidade	36581	História_do_Romantismo_em_Portugal_II	Oporto	1	0.02
Local:cidade	36581	História_do_Romantismo_em_Portugal_II	Porto	45	0.02
Local:cidade	36581	História_do_Romantismo_em_Portugal_II	Lisboa	44	0.02
Local:cidade	36581	História_do_Romantismo_em_Portugal_II	Paris	11	0.02
Local:cidade	36581	História_do_Romantismo_em_Portugal_II	Pombal	2	0.02
Local:cidade	36581	História_do_Romantismo_em_Portugal_II	Roma	11	0.02
Local:cidade	36581	História_do_Romantismo_em_Portugal_II	Málaga	1	0.02
Local:cidade	36581	História_do_Romantismo_em_Portugal_II	Coimbra	28	0.02
Local:cidade	36581	História_do_Romantismo_em_Portugal_II	Rio=de=Janeiro	4	0.02
Local:cidade	36581	História_do_Romantismo_em_Portugal_II	Alexandria	1	0.02
Local:cidade	36581	História_do_Romantismo_em_Portugal_II	Madrid	5	0.02
Local:cidade	36581	História_do_Romantismo_em_Portugal_II	Berlim	2	0.02
Local:cidade	36581	História_do_Romantismo_em_Portugal_II	Vila=do=Conde	4	0.02
Local:cidade	36581	História_do_Romantismo_em_Portugal_II	Toledo	2	0.02
Local:cidade	36581	História_do_Romantismo_em_Portugal_II	Peso=da=Régua	3	0.02
Local:cidade	36581	História_do_Romantismo_em_Portugal_II	London	1	0.02
Local:cidade	36581	História_do_Romantismo_em_Portugal_II	Bragança	1	0.02
Local:cidade	36581	História_do_Romantismo_em_Portugal_II	Ceuta	2	0.02
Local:cidade	36581	História_do_Romantismo_em_Portugal_II	Almeria	1	0.02
Local:cidade	36581	História_do_Romantismo_em_Portugal_II	Múrcia	1	0.02
Local:cidade	36581	História_do_Romantismo_em_Portugal_II	Plymouth	6	0.02
Local:cidade	36581	História_do_Romantismo_em_Portugal_II	Delfos	1	0.02
Local:cidade	36581	História_do_Romantismo_em_Portugal_II	Siracusa	1	0.02
Local:cidade	36581	História_do_Romantismo_em_Portugal_II	Saint-Malo	2	0.02
Local:cidade	36581	História_do_Romantismo_em_Portugal_II	Saint-Hélier	1	0.02
Local:cidade	36581	História_do_Romantismo_em_Portugal_II	Viena=de=Áustria	2	0.02
Local:cidade	36581	História_do_Romantismo_em_Portugal_II	Ravena	1	0.02
Local:cidade	36581	Horas_de_Luta	Madrid	2	0.02
Local:cidade	36581	Horas_de_Luta	Toledo	2	0.02
Local:cidade	36581	Horas_de_Luta	Moura	1	0.02
Local:cidade	36581	Horas_de_Luta	Coimbra	1	0.02
Local:cidade	36581	Horas_de_Luta	Lisboa	60	0.02
Local:cidade	36581	Horas_de_Luta	Porto	24	0.02
Local:cidade	36581	Horas_de_Luta	Pombal	1	0.02
Local:cidade	36581	Horas_de_Luta	Paris	15	0.02
Local:cidade	36581	Horas_de_Luta	Cartago	1	0.02
Local:cidade	36581	Horas_de_Luta	Roma	11	0.02
Local:cidade	36581	Horas_de_Luta	Berna	1	0.02
Local:cidade	36581	Horas_de_Luta	Babilónia	1	0.02
Local:cidade	36581	Horas_de_Luta	Bragança	11	0.02
Local:cidade	36581	Horas_de_Luta	Vila=Nova=de=Gaia	2	0.02
Local:cidade	36581	Horas_de_Luta	Ávila	1	0.02
Local:cidade	36581	Horas_de_Luta	Lourenço=Marques	2	0.02
Local:cidade	36581	Horas_de_Luta	Bombaim	1	0.02
Local:cidade	36581	Horas_de_Luta	Loures	3	0.02
Local:cidade	36581	Húmus	Paris	5	0.02
Local:cidade	36581	Húmus	Cartago	1	0.02
Local:cidade	36581	Húmus	Roma	1	0.02
Local:cidade	36581	Húmus	Berlim	3	0.02
Local:cidade	36581	Húmus	Londres	2	0.02
Local:cidade	36581	Húmus	Veneza	1	0.02
Local:cidade	36581	Húmus	Viena	1	0.02
Local:cidade	36581	Húmus	Pequim	1	0.02
Local:cidade	36581	In_Illo_Tempore	Lisboa	13	0.02
Local:cidade	36581	In_Illo_Tempore	Porto	7	0.02
Local:cidade	36581	In_Illo_Tempore	Pombal	2	0.02
Local:cidade	36581	In_Illo_Tempore	Paris	1	0.02
Local:cidade	36581	In_Illo_Tempore	Roma	6	0.02
Local:cidade	36581	In_Illo_Tempore	Coimbra	137	0.02
Local:cidade	36581	In_Illo_Tempore	Tróia	3	0.02
Local:cidade	36581	In_Illo_Tempore	Madrid	1	0.02
Local:cidade	36581	In_Illo_Tempore	Vila=do=Conde	2	0.02
Local:cidade	36581	In_Illo_Tempore	Santiago	1	0.02
Local:cidade	36581	In_Illo_Tempore	Viseu	1	0.02
Local:cidade	36581	In_Illo_Tempore	Bragança	1	0.02
Local:cidade	36581	In_Illo_Tempore	Babilónia	1	0.02
Local:cidade	36581	In_Illo_Tempore	Vila=Real	4	0.02
Local:cidade	36581	In_Illo_Tempore	Chaves	10	0.02
Local:cidade	36581	In_Illo_Tempore	Tondela	1	0.02
Local:cidade	36581	In_Illo_Tempore	Estarreja	1	0.02
Local:cidade	36581	Infaustas_Aventuras_de_Mestre_Marçal_Estouro:_Vítima_duma_paixão	Oran	1	0.02
Local:cidade	36581	Infaustas_Aventuras_de_Mestre_Marçal_Estouro:_Vítima_duma_paixão	Amsterdam	2	0.02
Local:cidade	36581	Infaustas_Aventuras_de_Mestre_Marçal_Estouro:_Vítima_duma_paixão	Bragança	1	0.02
Local:cidade	36581	Infaustas_Aventuras_de_Mestre_Marçal_Estouro:_Vítima_duma_paixão	Nantes	1	0.02
Local:cidade	36581	Infaustas_Aventuras_de_Mestre_Marçal_Estouro:_Vítima_duma_paixão	Lisboa	15	0.02
Local:cidade	36581	Infaustas_Aventuras_de_Mestre_Marçal_Estouro:_Vítima_duma_paixão	Pombal	1	0.02
Local:cidade	36581	Infaustas_Aventuras_de_Mestre_Marçal_Estouro:_Vítima_duma_paixão	Montijo	1	0.02
Local:cidade	36581	Infaustas_Aventuras_de_Mestre_Marçal_Estouro:_Vítima_duma_paixão	Munique	1	0.02
Local:cidade	36581	Infelizes:_Histórias_vividas	São=Pedro=do=Sul	4	0.02
Local:cidade	36581	Infelizes:_Histórias_vividas	Lisboa	4	0.02
Local:cidade	36581	Infelizes:_Histórias_vividas	Alcobaça	1	0.02
Local:cidade	36581	Inocente	Lisboa	3	0.02
Local:cidade	36581	Inspirações	Porto	3	0.02
Local:cidade	36581	Inspirações	Lisboa	3	0.02
Local:cidade	36581	Inspirações	Pafos	1	0.02
Local:cidade	36581	Inéditos_e_Esparsos	Rio=de=Janeiro	1	0.02
Local:cidade	36581	Inéditos_e_Esparsos	Coimbra	5	0.02
Local:cidade	36581	Inéditos_e_Esparsos	Málaga	1	0.02
Local:cidade	36581	Inéditos_e_Esparsos	Espinho	4	0.02
Local:cidade	36581	Inéditos_e_Esparsos	Roma	5	0.02
Local:cidade	36581	Inéditos_e_Esparsos	Porto	144	0.02
Local:cidade	36581	Inéditos_e_Esparsos	Lisboa	84	0.02
Local:cidade	36581	Inéditos_e_Esparsos	Paris	16	0.02
Local:cidade	36581	Inéditos_e_Esparsos	Vila=do=Conde	2	0.02
Local:cidade	36581	Inéditos_e_Esparsos	Ulisseia	1	0.02
Local:cidade	36581	Inéditos_e_Esparsos	Moura	1	0.02
Local:cidade	36581	Inéditos_e_Esparsos	Alcobaça	2	0.02
Local:cidade	36581	Inéditos_e_Esparsos	Bragança	1	0.02
Local:cidade	36581	Inéditos_e_Esparsos	Viseu	2	0.02
Local:cidade	36581	Inéditos_e_Esparsos	Varsóvia	1	0.02
Local:cidade	36581	Inéditos_e_Esparsos	Ovar	49	0.02
Local:cidade	36581	Inéditos_e_Esparsos	Castelo=Branco	2	0.02
Local:cidade	36581	Inéditos_e_Esparsos	Bruges	1	0.02
Local:cidade	36581	Inéditos_e_Esparsos	Viena	1	0.02
Local:cidade	36581	Inéditos_e_Esparsos	Sampetersburgo	1	0.02
Local:cidade	36581	Inéditos_e_Esparsos	Arzila	1	0.02
Local:cidade	36581	Inéditos_e_Esparsos	Peniche	2	0.02
Local:cidade	36581	Inéditos_e_Esparsos	Vila=Nova=de=Caia	2	0.02
Local:cidade	36581	Inéditos_e_Esparsos	Tondela	1	0.02
Local:cidade	36581	Inéditos_e_Esparsos	Châlons	1	0.02
Local:cidade	36581	Inéditos_e_Esparsos	Estarreja	1	0.02
Local:cidade	36581	Judas	Jerusalem	11	0.02
Local:cidade	36581	Judas	Roma	16	0.02
Local:cidade	36581	Justiça	Rio=de=Janeiro	1	0.02
Local:cidade	36581	Justiça	Porto	22	0.02
Local:cidade	36581	Justiça	Lisboa	5	0.02
Local:cidade	36581	Justiça_de_Sua_Majestade	Rio=de=Janeiro	3	0.02
Local:cidade	36581	Justiça_de_Sua_Majestade	Roma	1	0.02
Local:cidade	36581	Justiça_de_Sua_Majestade	Porto	23	0.02
Local:cidade	36581	Justiça_de_Sua_Majestade	Lisboa	23	0.02
Local:cidade	36581	Justiça_de_Sua_Majestade	Vila=Nova=de=Gaia	2	0.02
Local:cidade	36581	Lampadário_de_Cristal	Bragança	1	0.02
Local:cidade	36581	Lampadário_de_Cristal	Atenas	1	0.02
Local:cidade	36581	Lampadário_de_Cristal	Roma	2	0.02
Local:cidade	36581	Lampadário_de_Cristal	Porto	1	0.02
Local:cidade	36581	Lampadário_de_Cristal	Mênfis	1	0.02
Local:cidade	36581	Lampadário_de_Cristal	Lisboa	2	0.02
Local:cidade	36581	Lampadário_de_Cristal	Gnido	1	0.02
Local:cidade	36581	Lampadário_de_Cristal	Toledo	1	0.02
Local:cidade	36581	Lampadário_de_Cristal	Tarragona	1	0.02
Local:cidade	36581	Lampadário_de_Cristal	Montijo	1	0.02
Local:cidade	36581	Lampadário_de_Cristal	Cesareia	1	0.02
Local:cidade	36581	Lendas_e_Narrativas_I	Londres	1	0.02
Local:cidade	36581	Lendas_e_Narrativas_I	Coimbra	2	0.02
Local:cidade	36581	Lendas_e_Narrativas_I	Porto	9	0.02
Local:cidade	36581	Lendas_e_Narrativas_I	Lisboa	50	0.02
Local:cidade	36581	Lendas_e_Narrativas_I	Alcobaça	2	0.02
Local:cidade	36581	Lendas_e_Narrativas_I	Meca	1	0.02
Local:cidade	36581	Lendas_e_Narrativas_I	Bragança	1	0.02
Local:cidade	36581	Lendas_e_Narrativas_I	Ceuta	2	0.02
Local:cidade	36581	Lendas_e_Narrativas_I	Bagdade	1	0.02
Local:cidade	36581	Lendas_e_Narrativas_I	Azzahrat	13	0.02
Local:cidade	36581	Lendas_e_Narrativas_I	Estremoz	2	0.02
Local:cidade	36581	Lendas_e_Narrativas_I	Oviedo	2	0.02
Local:cidade	36581	Lendas_e_Narrativas_I	Lião	1	0.02
Local:cidade	36581	Lendas_e_Narrativas_I	Arrás	2	0.02
Local:cidade	36581	Lendas_e_Narrativas_II	Toledo	12	0.02
Local:cidade	36581	Lendas_e_Narrativas_II	Coimbra	17	0.02
Local:cidade	36581	Lendas_e_Narrativas_II	Porto	2	0.02
Local:cidade	36581	Lendas_e_Narrativas_II	Roma	7	0.02
Local:cidade	36581	Lendas_e_Narrativas_II	Plymouth	2	0.02
Local:cidade	36581	Lendas_e_Narrativas_II	Saint-Hélier	5	0.02
Local:cidade	36581	Lendas_e_Narrativas_II	Saint-Malo	3	0.02
Local:cidade	36581	Lirica_de_João_Mínimo	Madrid	1	0.02
Local:cidade	36581	Lirica_de_João_Mínimo	Londres	12	0.02
Local:cidade	36581	Lirica_de_João_Mínimo	Tróia	1	0.02
Local:cidade	36581	Lirica_de_João_Mínimo	Ulisseia	2	0.02
Local:cidade	36581	Lirica_de_João_Mínimo	Haia	1	0.02
Local:cidade	36581	Lirica_de_João_Mínimo	Coimbra	30	0.02
Local:cidade	36581	Lirica_de_João_Mínimo	Malaca	1	0.02
Local:cidade	36581	Lirica_de_João_Mínimo	Atenas	1	0.02
Local:cidade	36581	Lirica_de_João_Mínimo	Roma	6	0.02
Local:cidade	36581	Lirica_de_João_Mínimo	Gnido	1	0.02
Local:cidade	36581	Lirica_de_João_Mínimo	Lisboa	8	0.02
Local:cidade	36581	Lirica_de_João_Mínimo	Mênfis	1	0.02
Local:cidade	36581	Lirica_de_João_Mínimo	Porto	16	0.02
Local:cidade	36581	Lirica_de_João_Mínimo	Paris	1	0.02
Local:cidade	36581	Lirica_de_João_Mínimo	Cartago	1	0.02
Local:cidade	36581	Lirica_de_João_Mínimo	Viena	1	0.02
Local:cidade	36581	Lirica_de_João_Mínimo	Washington	2	0.02
Local:cidade	36581	Lirica_de_João_Mínimo	Odivelas	6	0.02
Local:cidade	36581	Lisboa_no_Ano_Três_Mil	Gibraltar	1	0.02
Local:cidade	36581	Lisboa_no_Ano_Três_Mil	Santarém	1	0.02
Local:cidade	36581	Lisboa_no_Ano_Três_Mil	Pombal	4	0.02
Local:cidade	36581	Lisboa_no_Ano_Três_Mil	Lisboa	6	0.02
Local:cidade	36581	Lisboa_no_Ano_Três_Mil	Porto	1	0.02
Local:cidade	36581	Lisboa_no_Ano_Três_Mil	Roma	1	0.02
Local:cidade	36581	Lisboa_no_Ano_Três_Mil	Veneza	1	0.02
Local:cidade	36581	Lisboa_no_Ano_Três_Mil	Viena=de=Áustria	3	0.02
Local:cidade	36581	Lisboa_no_ano_2000	Aveiro	1	0.02
Local:cidade	36581	Lisboa_no_ano_2000	Castelo=Branco	2	0.02
Local:cidade	36581	Lisboa_no_ano_2000	Paris	1	0.02
Local:cidade	36581	Lisboa_no_ano_2000	Lisboa	31	0.02
Local:cidade	36581	Lisboa_no_ano_2000	Vila=do=Conde	3	0.02
Local:cidade	36581	Lisboa_no_ano_2000	Londres	3	0.02
Local:cidade	36581	Lisboa_no_ano_2000	Nova=Orleães	2	0.02
Local:cidade	36581	Livro_Negro_de_Padre_Dinis_I	Londres	4	0.02
Local:cidade	36581	Livro_Negro_de_Padre_Dinis_I	Alexandria	6	0.02
Local:cidade	36581	Livro_Negro_de_Padre_Dinis_I	Veneza	5	0.02
Local:cidade	36581	Livro_Negro_de_Padre_Dinis_I	Roma	17	0.02
Local:cidade	36581	Livro_Negro_de_Padre_Dinis_I	Lisboa	3	0.02
Local:cidade	36581	Livro_Negro_de_Padre_Dinis_I	Paris	58	0.02
Local:cidade	36581	Livro_Negro_de_Padre_Dinis_I	Babilónia	1	0.02
Local:cidade	36581	Livro_Negro_de_Padre_Dinis_I	Viena	16	0.02
Local:cidade	36581	Livro_Negro_de_Padre_Dinis_I	Verdun	1	0.02
Local:cidade	36581	Livro_Negro_de_Padre_Dinis_I	Jafa	1	0.02
Local:cidade	36581	Livro_Negro_de_Padre_Dinis_II	Londres	5	0.02
Local:cidade	36581	Livro_Negro_de_Padre_Dinis_II	Madrid	1	0.02
Local:cidade	36581	Livro_Negro_de_Padre_Dinis_II	Alexandria	2	0.02
Local:cidade	36581	Livro_Negro_de_Padre_Dinis_II	Roma	2	0.02
Local:cidade	36581	Livro_Negro_de_Padre_Dinis_II	Porto	4	0.02
Local:cidade	36581	Livro_Negro_de_Padre_Dinis_II	Lisboa	15	0.02
Local:cidade	36581	Livro_Negro_de_Padre_Dinis_II	Paris	16	0.02
Local:cidade	36581	Livro_Negro_de_Padre_Dinis_II	Nantes	2	0.02
Local:cidade	36581	Livro_Negro_de_Padre_Dinis_II	Bragança	1	0.02
Local:cidade	36581	Livro_Negro_de_Padre_Dinis_II	Odivelas	2	0.02
Local:cidade	36581	Livro_Negro_de_Padre_Dinis_II	Marselha	1	0.02
Local:cidade	36581	Livro_Negro_de_Padre_Dinis_II	Bombaim	1	0.02
Local:cidade	36581	Livro_Negro_de_Padre_Dinis_II	Toulon	1	0.02
Local:cidade	36581	Livro_das_Obras	Tanjere	3	0.02
Local:cidade	36581	Livro_das_Obras	Alcacer	4	0.02
Local:cidade	36581	Livro_das_Obras	Ceita	1	0.02
Local:cidade	36581	Livro_das_Obras	Alcacer=do=Sal	3	0.02
Local:cidade	36581	Livro_das_Obras	Brujes	1	0.02
Local:cidade	36581	Livro_das_Obras	Tangere	16	0.02
Local:cidade	36581	Livro_das_Obras	Sam=Jorge=na=Mina	6	0.02
Local:cidade	36581	Livro_das_Obras	Çamora	6	0.02
Local:cidade	36581	Livro_das_Obras	Touro	1	0.02
Local:cidade	36581	Livro_das_Obras	Benii	2	0.02
Local:cidade	36581	Livro_das_Obras	Ponte=do=Sor	1	0.02
Local:cidade	36581	Livro_das_Obras	Bragança	2	0.02
Local:cidade	36581	Livro_das_Obras	Viseu	3	0.02
Local:cidade	36581	Livro_das_Obras	Silves	7	0.02
Local:cidade	36581	Livro_das_Obras	Alcobaça	1	0.02
Local:cidade	36581	Livro_das_Obras	Constantinopla	1	0.02
Local:cidade	36581	Livro_das_Obras	Bruges	1	0.02
Local:cidade	36581	Livro_das_Obras	Castelo=Branco	18	0.02
Local:cidade	36581	Livro_das_Obras	Roma	28	0.02
Local:cidade	36581	Livro_das_Obras	Paris	2	0.02
Local:cidade	36581	Livro_das_Obras	Lisboa	38	0.02
Local:cidade	36581	Livro_das_Obras	Porto	7	0.02
Local:cidade	36581	Livro_das_Obras	Coimbra	8	0.02
Local:cidade	36581	Livro_das_Obras	Malaca	3	0.02
Local:cidade	36581	Livro_das_Obras	Pegu	1	0.02
Local:cidade	36581	Livro_das_Obras	Moura	22	0.02
Local:cidade	36581	Livro_das_Obras	Veneza	10	0.02
Local:cidade	36581	Livro_das_Obras	Santiago	16	0.02
Local:cidade	36581	Livro_das_Obras	Toledo	16	0.02
Local:cidade	36581	Livro_das_Obras	Merida	1	0.02
Local:cidade	36581	Livro_das_Obras	Madrid	1	0.02
Local:cidade	36581	Livro_das_Obras	Londres	1	0.02
Local:cidade	36581	Livro_das_Obras	Arzila	2	0.02
Local:cidade	36581	Livro_das_Obras	Lião	1	0.02
Local:cidade	36581	Livro_das_Obras	Estremoz	13	0.02
Local:cidade	36581	Livro_das_Obras	Valhadolid	1	0.02
Local:cidade	36581	Livro_das_Obras	Vila=Real	4	0.02
Local:cidade	36581	Livro_das_Obras	Larache	1	0.02
Local:cidade	36581	Livro_das_Obras	Guadalajara	2	0.02
Local:cidade	36581	Livro_das_Obras	Çaragoça	7	0.02
Local:cidade	36581	Livro_das_Obras	Genoa	1	0.02
Local:cidade	36581	Livro_das_Obras	Çafim	1	0.02
Local:cidade	36581	Livro_de_Consolação	Odivelas	7	0.02
Local:cidade	36581	Livro_de_Consolação	Bragança	7	0.02
Local:cidade	36581	Livro_de_Consolação	Cintra	1	0.02
Local:cidade	36581	Livro_de_Consolação	Verona	1	0.02
Local:cidade	36581	Livro_de_Consolação	Coimbra	7	0.02
Local:cidade	36581	Livro_de_Consolação	Paris	5	0.02
Local:cidade	36581	Livro_de_Consolação	Pombal	8	0.02
Local:cidade	36581	Livro_de_Consolação	Porto	14	0.02
Local:cidade	36581	Livro_de_Consolação	Lisboa	29	0.02
Local:cidade	36581	Livro_de_Consolação	Roma	2	0.02
Local:cidade	36581	Livro_de_Consolação	Lamego	4	0.02
Local:cidade	36581	Livro_de_Consolação	Londres	8	0.02
Local:cidade	36581	Livro_de_Consolação	Beja	1	0.02
Local:cidade	36581	Livro_de_Consolação	Pamplona	3	0.02
Local:cidade	36581	Livro_de_Consolação	Santarem	4	0.02
Local:cidade	36581	Livro_de_Mágoas	Veneza	1	0.02
Local:cidade	36581	Livro_de_Soror_Saudade	Veneza	1	0.02
Local:cidade	36581	Loucura...	Roma	1	0.02
Local:cidade	36581	Loucura...	Lisboa	8	0.02
Local:cidade	36581	Loucura...	Paris	4	0.02
Local:cidade	36581	Loucura...	Basileia	1	0.02
Local:cidade	36581	Luar_de_Janeiro	Roma	1	0.02
Local:cidade	36581	Luar_de_Janeiro	Siracusa	1	0.02
Local:cidade	36581	Margarida	Pariz	1	0.02
Local:cidade	36581	Margarida	Lisboa	19	0.02
Local:cidade	36581	Margarida	Porto	44	0.02
Local:cidade	36581	Margarida	Roma	1	0.02
Local:cidade	36581	Margarida	Rio=de=Janeiro	3	0.02
Local:cidade	36581	Margarida	Coimbra	11	0.02
Local:cidade	36581	Margarida	Veneza	1	0.02
Local:cidade	36581	Margarida	Jerusalem	1	0.02
Local:cidade	36581	Maria_da_Fonte	Santiago	12	0.02
Local:cidade	36581	Maria_da_Fonte	Londres	4	0.02
Local:cidade	36581	Maria_da_Fonte	Madrid	1	0.02
Local:cidade	36581	Maria_da_Fonte	Tróia	1	0.02
Local:cidade	36581	Maria_da_Fonte	Pegu	1	0.02
Local:cidade	36581	Maria_da_Fonte	Moura	1	0.02
Local:cidade	36581	Maria_da_Fonte	Coimbra	9	0.02
Local:cidade	36581	Maria_da_Fonte	Roma	5	0.02
Local:cidade	36581	Maria_da_Fonte	Porto	38	0.02
Local:cidade	36581	Maria_da_Fonte	Lisboa	21	0.02
Local:cidade	36581	Maria_da_Fonte	Cartago	1	0.02
Local:cidade	36581	Maria_da_Fonte	Diu	3	0.02
Local:cidade	36581	Maria_da_Fonte	Paris	2	0.02
Local:cidade	36581	Maria_da_Fonte	Génova	1	0.02
Local:cidade	36581	Maria_da_Fonte	Babilónia	4	0.02
Local:cidade	36581	Maria_da_Fonte	Alcobaça	2	0.02
Local:cidade	36581	Maria_da_Fonte	Bizâncio	1	0.02
Local:cidade	36581	Maria_da_Fonte	Vila=Nova=de=Gaia	2	0.02
Local:cidade	36581	Maria_da_Fonte	Palermo	2	0.02
Local:cidade	36581	Maria_da_Fonte	Vila=Real	16	0.02
Local:cidade	36581	Maria_da_Fonte	Bona	2	0.02
Local:cidade	36581	Maria_da_Fonte	Marselha	2	0.02
Local:cidade	36581	Maria_da_Fonte	Chaves	1	0.02
Local:cidade	36581	Maria_da_Fonte	Ávila	1	0.02
Local:cidade	36581	Maria_da_Fonte	Marco=de=Canaveses	2	0.02
Local:cidade	36581	Maria_da_Fonte	Valpaços	5	0.02
Local:cidade	36581	Maria_da_Fonte	Sines	1	0.02
Local:cidade	36581	Maria_da_Fonte	Bilbau	1	0.02
Local:cidade	36581	Maria_da_Fonte	Heubach	1	0.02
Local:cidade	36581	Maria_da_Fonte	Fafe	5	0.02
Local:cidade	36581	Maria_da_Fonte	Valbom	3	0.02
Local:cidade	36581	Marina:_romance_passional	Pariz	3	0.02
Local:cidade	36581	Marina:_romance_passional	Cintra	1	0.02
Local:cidade	36581	Marina:_romance_passional	Lisboa	12	0.02
Local:cidade	36581	Marina:_romance_passional	Santarem	1	0.02
Local:cidade	36581	Marina:_romance_passional	Figueira=da=Foz	3	0.02
Local:cidade	36581	Marta_Sandomil	Veneza	1	0.02
Local:cidade	36581	Marta_Sandomil	Tróia	1	0.02
Local:cidade	36581	Matilde	Cintra	24	0.02
Local:cidade	36581	Matilde	Roma	4	0.02
Local:cidade	36581	Matilde	Lisboa	26	0.02
Local:cidade	36581	Matilde	Paris	18	0.02
Local:cidade	36581	Matilde	Dio	1	0.02
Local:cidade	36581	Matilde	Londres	1	0.02
Local:cidade	36581	Matilde	Veneza	2	0.02
Local:cidade	36581	Memorias_d'um_doido:_romance_contemporâneo	Cintra	1	0.02
Local:cidade	36581	Memorias_d'um_doido:_romance_contemporâneo	Pombal	1	0.02
Local:cidade	36581	Memorias_d'um_doido:_romance_contemporâneo	Lisboa	4	0.02
Local:cidade	36581	Memorias_d'um_doido:_romance_contemporâneo	Roma	3	0.02
Local:cidade	36581	Memorias_d'um_doido:_romance_contemporâneo	Dio	1	0.02
Local:cidade	36581	Memorias_d'um_doido:_romance_contemporâneo	Veneza	1	0.02
Local:cidade	36581	Memorias_d'um_doido:_romance_contemporâneo	Seul	1	0.02
Local:cidade	36581	Memórias_Biográficas	Londres	11	0.02
Local:cidade	36581	Memórias_Biográficas	Madrid	1	0.02
Local:cidade	36581	Memórias_Biográficas	Veneza	2	0.02
Local:cidade	36581	Memórias_Biográficas	Penafiel	1	0.02
Local:cidade	36581	Memórias_Biográficas	Tebas	1	0.02
Local:cidade	36581	Memórias_Biográficas	Rio=de=Janeiro	6	0.02
Local:cidade	36581	Memórias_Biográficas	Cartago	2	0.02
Local:cidade	36581	Memórias_Biográficas	Paris	16	0.02
Local:cidade	36581	Memórias_Biográficas	Porto	21	0.02
Local:cidade	36581	Memórias_Biográficas	Lisboa	46	0.02
Local:cidade	36581	Memórias_Biográficas	Roma	7	0.02
Local:cidade	36581	Memórias_Biográficas	Atenas	1	0.02
Local:cidade	36581	Memórias_Biográficas	Sandon	2	0.02
Local:cidade	36581	Memórias_Biográficas	Buenos=Aires	2	0.02
Local:cidade	36581	Memórias_Biográficas	Hamburgo	2	0.02
Local:cidade	36581	Memórias_Biográficas	Sampetersburgo	1	0.02
Local:cidade	36581	Memórias_Biográficas	Viena	2	0.02
Local:cidade	36581	Memórias_Biográficas	Bruxelas	1	0.02
Local:cidade	36581	Memórias_Biográficas	Constantinopla	1	0.02
Local:cidade	36581	Memórias_Biográficas	Bizâncio	1	0.02
Local:cidade	36581	Memórias_Biográficas	Viseu	1	0.02
Local:cidade	36581	Memórias_I	Rio=do=Janeiro	1	0.02
Local:cidade	36581	Memórias_I	Espinho	4	0.02
Local:cidade	36581	Memórias_I	Coimbra	7	0.02
Local:cidade	36581	Memórias_I	Pombal	2	0.02
Local:cidade	36581	Memórias_I	Paris	14	0.02
Local:cidade	36581	Memórias_I	Lisboa	50	0.02
Local:cidade	36581	Memórias_I	Porto	22	0.02
Local:cidade	36581	Memórias_I	Roma	4	0.02
Local:cidade	36581	Memórias_I	Vila=do=Conde	4	0.02
Local:cidade	36581	Memórias_I	Berlim	5	0.02
Local:cidade	36581	Memórias_I	Madrid	3	0.02
Local:cidade	36581	Memórias_I	Londres	10	0.02
Local:cidade	36581	Memórias_I	Moura	1	0.02
Local:cidade	36581	Memórias_I	Veneza	1	0.02
Local:cidade	36581	Memórias_I	Bruxelas	1	0.02
Local:cidade	36581	Memórias_I	Bragança	5	0.02
Local:cidade	36581	Memórias_I	Ávila	1	0.02
Local:cidade	36581	Memórias_I	Vila=Real	2	0.02
Local:cidade	36581	Memórias_I	Peniche	1	0.02
Local:cidade	36581	Memórias_I	Lourenço=Marques	2	0.02
Local:cidade	36581	Memórias_I	Orleães	1	0.02
Local:cidade	36581	Memórias_I	Valbom	1	0.02
Local:cidade	36581	Memórias_I	Bombaim	1	0.02
Local:cidade	36581	Memórias_I	Montijo	1	0.02
Local:cidade	36581	Memórias_I	Mangualde	1	0.02
Local:cidade	36581	Memórias_II	Coimbra	10	0.02
Local:cidade	36581	Memórias_II	Rio=de=Janeiro	2	0.02
Local:cidade	36581	Memórias_II	Porto	29	0.02
Local:cidade	36581	Memórias_II	Lisboa	68	0.02
Local:cidade	36581	Memórias_II	Paris	4	0.02
Local:cidade	36581	Memórias_II	Roma	4	0.02
Local:cidade	36581	Memórias_II	Londres	2	0.02
Local:cidade	36581	Memórias_II	Madrid	5	0.02
Local:cidade	36581	Memórias_II	Berlim	2	0.02
Local:cidade	36581	Memórias_II	Veneza	1	0.02
Local:cidade	36581	Memórias_II	Bragança	3	0.02
Local:cidade	36581	Memórias_II	Berna	5	0.02
Local:cidade	36581	Memórias_II	Génova	1	0.02
Local:cidade	36581	Memórias_II	Vila=Real	2	0.02
Local:cidade	36581	Memórias_II	Chaves	1	0.02
Local:cidade	36581	Memórias_II	Tuy	1	0.02
Local:cidade	36581	Memórias_II	Huelva	1	0.02
Local:cidade	36581	Memórias_II	Lourenço=Marques	2	0.02
Local:cidade	36581	Memórias_II	Orleães	1	0.02
Local:cidade	36581	Memórias_II	Vigo	1	0.02
Local:cidade	36581	Memórias_III	Espinho	2	0.02
Local:cidade	36581	Memórias_III	Rio=de=Janeiro	3	0.02
Local:cidade	36581	Memórias_III	Coimbra	12	0.02
Local:cidade	36581	Memórias_III	Porto	60	0.02
Local:cidade	36581	Memórias_III	Lisboa	129	0.02
Local:cidade	36581	Memórias_III	Benguela	3	0.02
Local:cidade	36581	Memórias_III	Paris	18	0.02
Local:cidade	36581	Memórias_III	Pombal	1	0.02
Local:cidade	36581	Memórias_III	Roma	4	0.02
Local:cidade	36581	Memórias_III	Londres	1	0.02
Local:cidade	36581	Memórias_III	Madrid	6	0.02
Local:cidade	36581	Memórias_III	Penafiel	1	0.02
Local:cidade	36581	Memórias_III	Petersburgo	1	0.02
Local:cidade	36581	Memórias_III	Valladolid	2	0.02
Local:cidade	36581	Memórias_III	Amsterdam	1	0.02
Local:cidade	36581	Memórias_III	Bragança	2	0.02
Local:cidade	36581	Memórias_III	Castelo=Branco	6	0.02
Local:cidade	36581	Memórias_III	Chaves	2	0.02
Local:cidade	36581	Memórias_III	Lérida	1	0.02
Local:cidade	36581	Memórias_III	S.=Petersburgo	2	0.02
Local:cidade	36581	Memórias_III	Vigo	5	0.02
Local:cidade	36581	Memórias_III	Verdun	1	0.02
Local:cidade	36581	Memórias_III	Fafe	1	0.02
Local:cidade	36581	Memórias_III	Fontainebleau	1	0.02
Local:cidade	36581	Memórias_do_Cárcere_I	Penafiel	6	0.02
Local:cidade	36581	Memórias_do_Cárcere_I	Coimbra	3	0.02
Local:cidade	36581	Memórias_do_Cárcere_I	Rio=de=Janeiro	1	0.02
Local:cidade	36581	Memórias_do_Cárcere_I	Roma	3	0.02
Local:cidade	36581	Memórias_do_Cárcere_I	Mênfis	1	0.02
Local:cidade	36581	Memórias_do_Cárcere_I	Porto	37	0.02
Local:cidade	36581	Memórias_do_Cárcere_I	Lisboa	22	0.02
Local:cidade	36581	Memórias_do_Cárcere_I	Benguela	3	0.02
Local:cidade	36581	Memórias_do_Cárcere_I	Paris	1	0.02
Local:cidade	36581	Memórias_do_Cárcere_I	Bragança	2	0.02
Local:cidade	36581	Memórias_do_Cárcere_I	Meca	1	0.02
Local:cidade	36581	Memórias_do_Cárcere_I	Viseu	1	0.02
Local:cidade	36581	Memórias_do_Cárcere_I	Vila=Real	28	0.02
Local:cidade	36581	Memórias_do_Cárcere_I	Gouveia	3	0.02
Local:cidade	36581	Memórias_do_Cárcere_I	Orleães	1	0.02
Local:cidade	36581	Memórias_do_Cárcere_I	Angra=do=Heroísmo	2	0.02
Local:cidade	36581	Memórias_do_Cárcere_I	Fafe	9	0.02
Local:cidade	36581	Memórias_do_Cárcere_I	Santa=Maria=da=Feira	2	0.02
Local:cidade	36581	Memórias_do_Cárcere_II	Peso=da=Régua	12	0.02
Local:cidade	36581	Memórias_do_Cárcere_II	Madrid	3	0.02
Local:cidade	36581	Memórias_do_Cárcere_II	Penafiel	3	0.02
Local:cidade	36581	Memórias_do_Cárcere_II	Rio=de=Janeiro	2	0.02
Local:cidade	36581	Memórias_do_Cárcere_II	Coimbra	2	0.02
Local:cidade	36581	Memórias_do_Cárcere_II	Roma	1	0.02
Local:cidade	36581	Memórias_do_Cárcere_II	Paris	2	0.02
Local:cidade	36581	Memórias_do_Cárcere_II	Lisboa	11	0.02
Local:cidade	36581	Memórias_do_Cárcere_II	Porto	36	0.02
Local:cidade	36581	Memórias_do_Cárcere_II	Chaves	1	0.02
Local:cidade	36581	Memórias_do_Cárcere_II	Vila=Real	8	0.02
Local:cidade	36581	Memórias_do_Cárcere_II	Valpaços	2	0.02
Local:cidade	36581	Memórias_do_Cárcere_II	Marco=de=Canaveses	4	0.02
Local:cidade	36581	Memórias_do_Cárcere_II	Vila=Nova=de=Gala	2	0.02
Local:cidade	36581	Menina_e_Moça	Lisboa	1	0.02
Local:cidade	36581	Missão_191208	Lisboa	4	0.02
Local:cidade	36581	Mistério_da_Estrada_de_Sintra	Viseu	5	0.02
Local:cidade	36581	Mistério_da_Estrada_de_Sintra	Meca	2	0.02
Local:cidade	36581	Mistério_da_Estrada_de_Sintra	Ceuta	2	0.02
Local:cidade	36581	Mistério_da_Estrada_de_Sintra	Bruxelas	3	0.02
Local:cidade	36581	Mistério_da_Estrada_de_Sintra	Nantes	1	0.02
Local:cidade	36581	Mistério_da_Estrada_de_Sintra	Varsóvia	1	0.02
Local:cidade	36581	Mistério_da_Estrada_de_Sintra	Paris	15	0.02
Local:cidade	36581	Mistério_da_Estrada_de_Sintra	Lisboa	51	0.02
Local:cidade	36581	Mistério_da_Estrada_de_Sintra	Alexandria	5	0.02
Local:cidade	36581	Mistério_da_Estrada_de_Sintra	Berlim	6	0.02
Local:cidade	36581	Mistério_da_Estrada_de_Sintra	Madrid	1	0.02
Local:cidade	36581	Mistério_da_Estrada_de_Sintra	Londres	6	0.02
Local:cidade	36581	Mistério_da_Estrada_de_Sintra	Lião	1	0.02
Local:cidade	36581	Mistério_da_Estrada_de_Sintra	Genebra	1	0.02
Local:cidade	36581	Mistério_da_Estrada_de_Sintra	Pequim	1	0.02
Local:cidade	36581	Mistério_da_Estrada_de_Sintra	Marselha	1	0.02
Local:cidade	36581	Mistério_da_Estrada_de_Sintra	Southampton	3	0.02
Local:cidade	36581	Mistério_da_Estrada_de_Sintra	Bombaim	2	0.02
Local:cidade	36581	Mistério_da_Estrada_de_Sintra	Calcutá	11	0.02
Local:cidade	36581	Mistério_da_Estrada_de_Sintra	La=Valeta	10	0.02
Local:cidade	36581	Mistério_da_Estrada_de_Sintra	Nice	1	0.02
Local:cidade	36581	Mistérios_de_Lisboa	Alcobaça	1	0.02
Local:cidade	36581	Mistérios_de_Lisboa	Odivelas	14	0.02
Local:cidade	36581	Mistérios_de_Lisboa	Gibraltar	1	0.02
Local:cidade	36581	Mistérios_de_Lisboa	Santarém	38	0.02
Local:cidade	36581	Mistérios_de_Lisboa	Póvoa	1	0.02
Local:cidade	36581	Mistérios_de_Lisboa	Elvas	1	0.02
Local:cidade	36581	Mistérios_de_Lisboa	Rio=de=Janeiro	12	0.02
Local:cidade	36581	Mistérios_de_Lisboa	Cartago	2	0.02
Local:cidade	36581	Mistérios_de_Lisboa	Pombal	3	0.02
Local:cidade	36581	Mistérios_de_Lisboa	Guimarães	2	0.02
Local:cidade	36581	Mistérios_de_Lisboa	Paris	74	0.02
Local:cidade	36581	Mistérios_de_Lisboa	Porto	9	0.02
Local:cidade	36581	Mistérios_de_Lisboa	Lisboa	121	0.02
Local:cidade	36581	Mistérios_de_Lisboa	Roma	7	0.02
Local:cidade	36581	Mistérios_de_Lisboa	Londres	24	0.02
Local:cidade	36581	Mistérios_de_Lisboa	Lamego	1	0.02
Local:cidade	36581	Mistérios_de_Lisboa	Veneza	6	0.02
Local:cidade	36581	Mistérios_de_Lisboa	Marselha	2	0.02
Local:cidade	36581	Mistérios_de_Lisboa	Chaves	2	0.02
Local:cidade	36581	Mistérios_de_Lisboa	Amesterdão	1	0.02
Local:cidade	36581	Mistérios_de_Lisboa	Southampton	4	0.02
Local:cidade	36581	Mistérios_de_Lisboa_I	Rio=de=Janeiro	2	0.02
Local:cidade	36581	Mistérios_de_Lisboa_I	Paris	2	0.02
Local:cidade	36581	Mistérios_de_Lisboa_I	Lisboa	31	0.02
Local:cidade	36581	Mistérios_de_Lisboa_I	Porto	1	0.02
Local:cidade	36581	Mistérios_de_Lisboa_I	Constantinopla	1	0.02
Local:cidade	36581	Mistérios_de_Lisboa_I	Bragança	1	0.02
Local:cidade	36581	Mistérios_de_Lisboa_I	Odivelas	4	0.02
Local:cidade	36581	Mistérios_de_Lisboa_I	Bona	1	0.02
Local:cidade	36581	Mistérios_de_Lisboa_I	Pequim	1	0.02
Local:cidade	36581	Mistérios_de_Lisboa_II	Londres	5	0.02
Local:cidade	36581	Mistérios_de_Lisboa_II	Veneza	5	0.02
Local:cidade	36581	Mistérios_de_Lisboa_II	Rio=de=Janeiro	1	0.02
Local:cidade	36581	Mistérios_de_Lisboa_II	Roma	7	0.02
Local:cidade	36581	Mistérios_de_Lisboa_II	Pombal	1	0.02
Local:cidade	36581	Mistérios_de_Lisboa_II	Paris	14	0.02
Local:cidade	36581	Mistérios_de_Lisboa_II	Cartago	1	0.02
Local:cidade	36581	Mistérios_de_Lisboa_II	Lisboa	51	0.02
Local:cidade	36581	Mistérios_de_Lisboa_II	Porto	4	0.02
Local:cidade	36581	Mistérios_de_Lisboa_II	Alcobaça	1	0.02
Local:cidade	36581	Mistérios_de_Lisboa_II	Constantinopla	1	0.02
Local:cidade	36581	Mistérios_de_Lisboa_II	Odivelas	10	0.02
Local:cidade	36581	Mistérios_de_Lisboa_II	Chaves	2	0.02
Local:cidade	36581	Mistérios_de_Lisboa_III	Londres	19	0.02
Local:cidade	36581	Mistérios_de_Lisboa_III	Veneza	1	0.02
Local:cidade	36581	Mistérios_de_Lisboa_III	Rio=de=Janeiro	1	0.02
Local:cidade	36581	Mistérios_de_Lisboa_III	Paris	58	0.02
Local:cidade	36581	Mistérios_de_Lisboa_III	Cartago	1	0.02
Local:cidade	36581	Mistérios_de_Lisboa_III	Lisboa	37	0.02
Local:cidade	36581	Mistérios_de_Lisboa_III	Porto	4	0.02
Local:cidade	36581	Mistérios_de_Lisboa_III	Babilónia	3	0.02
Local:cidade	36581	Mistérios_de_Lisboa_III	Constantinopla	1	0.02
Local:cidade	36581	Mistérios_de_Lisboa_III	Marselha	2	0.02
Local:cidade	36581	Mistérios_de_Lisboa_III	Bordéus	1	0.02
Local:cidade	36581	Mistérios_de_Lisboa_III	Antioquia	1	0.02
Local:cidade	36581	Mistérios_de_Lisboa_III	Southampton	4	0.02
Local:cidade	36581	Mulheres_e_Crianças:_Notas_Sobre_Educação	Lisboa	2	0.02
Local:cidade	36581	Mulheres_e_Crianças:_Notas_Sobre_Educação	Londres	1	0.02
Local:cidade	36581	Mulheres_e_Crianças:_Notas_Sobre_Educação	Liverpool	1	0.02
Local:cidade	36581	Musa_Cerula	Coimbra	1	0.02
Local:cidade	36581	Máscaras_do_destino	Bruges	1	0.02
Local:cidade	36581	Máscaras_do_destino	Porto	4	0.02
Local:cidade	36581	Máscaras_do_destino	Lisboa	6	0.02
Local:cidade	36581	Máscaras_do_destino	Paris	1	0.02
Local:cidade	36581	Máscaras_do_destino	Toledo	4	0.02
Local:cidade	36581	Máscaras_do_destino	Segóvia	1	0.02
Local:cidade	36581	Mérope	Coimbra	2	0.02
Local:cidade	36581	Mérope	Lisboa	1	0.02
Local:cidade	36581	Mérope	Atenas	1	0.02
Local:cidade	36581	No_Bom_Jesus_do_Monte	Vila=do=Conde	4	0.02
Local:cidade	36581	No_Bom_Jesus_do_Monte	Coimbra	5	0.02
Local:cidade	36581	No_Bom_Jesus_do_Monte	Espinho	1	0.02
Local:cidade	36581	No_Bom_Jesus_do_Monte	Lisboa	24	0.02
Local:cidade	36581	No_Bom_Jesus_do_Monte	Porto	38	0.02
Local:cidade	36581	No_Bom_Jesus_do_Monte	Ovar	1	0.02
Local:cidade	36581	No_Bom_Jesus_do_Monte	Constantinopla	1	0.02
Local:cidade	36581	No_Bom_Jesus_do_Monte	Vizela	1	0.02
Local:cidade	36581	No_Bom_Jesus_do_Monte	Arezzo	1	0.02
Local:cidade	36581	No_Bom_Jesus_do_Monte	Chaves	1	0.02
Local:cidade	36581	No_Bom_Jesus_do_Monte	Vila=Real	4	0.02
Local:cidade	36581	No_Bom_Jesus_do_Monte	Vigo	1	0.02
Local:cidade	36581	No_tempo_dos_franceses	Bragança	13	0.02
Local:cidade	36581	No_tempo_dos_franceses	Aveiro	1	0.02
Local:cidade	36581	No_tempo_dos_franceses	Castelo=Branco	4	0.02
Local:cidade	36581	No_tempo_dos_franceses	Cintra	12	0.02
Local:cidade	36581	No_tempo_dos_franceses	Coimbra	4	0.02
Local:cidade	36581	No_tempo_dos_franceses	Porto	30	0.02
Local:cidade	36581	No_tempo_dos_franceses	Lisboa	171	0.02
Local:cidade	36581	No_tempo_dos_franceses	Pombal	6	0.02
Local:cidade	36581	No_tempo_dos_franceses	Guimarães	1	0.02
Local:cidade	36581	No_tempo_dos_franceses	Paris	67	0.02
Local:cidade	36581	No_tempo_dos_franceses	Roma	2	0.02
Local:cidade	36581	No_tempo_dos_franceses	Londres	3	0.02
Local:cidade	36581	No_tempo_dos_franceses	Beja	1	0.02
Local:cidade	36581	No_tempo_dos_franceses	Veneza	4	0.02
Local:cidade	36581	No_tempo_dos_franceses	Peniche	3	0.02
Local:cidade	36581	No_tempo_dos_franceses	Rio=Maior	8	0.02
Local:cidade	36581	No_tempo_dos_franceses	Faro	1	0.02
Local:cidade	36581	No_tempo_dos_franceses	Santarem	2	0.02
Local:cidade	36581	No_tempo_dos_franceses	Chaves	1	0.02
Local:cidade	36581	No_tempo_dos_franceses	Badajoz	1	0.02
Local:cidade	36581	No_tempo_dos_franceses	S.=Petersburgo	2	0.02
Local:cidade	36581	No_tempo_dos_franceses	Moscou	1	0.02
Local:cidade	36581	No_tempo_dos_franceses	Cidade=de=Lisboa	3	0.02
Local:cidade	36581	No_tempo_dos_franceses	Toulon	1	0.02
Local:cidade	36581	No_tempo_dos_franceses	Evora	1	0.02
Local:cidade	36581	No_tempo_dos_franceses	Bordeaux	1	0.02
Local:cidade	36581	Noites_de_Lamego	Vila=do=Conde	2	0.02
Local:cidade	36581	Noites_de_Lamego	Madrid	1	0.02
Local:cidade	36581	Noites_de_Lamego	Londres	5	0.02
Local:cidade	36581	Noites_de_Lamego	Rio=de=Janeiro	4	0.02
Local:cidade	36581	Noites_de_Lamego	Roma	3	0.02
Local:cidade	36581	Noites_de_Lamego	Paris	3	0.02
Local:cidade	36581	Noites_de_Lamego	Lisboa	21	0.02
Local:cidade	36581	Noites_de_Lamego	Porto	18	0.02
Local:cidade	36581	Noites_de_Lamego	Siquém	1	0.02
Local:cidade	36581	Noites_de_Lamego	Viena	1	0.02
Local:cidade	36581	Noites_de_Lamego	Santiago=de=Compostela	2	0.02
Local:cidade	36581	Noites_de_Lamego	Bragança	3	0.02
Local:cidade	36581	Noites_de_Lamego	Bordéus	1	0.02
Local:cidade	36581	Noites_de_Lamego	Vigo	1	0.02
Local:cidade	36581	Noites_de_Lamego	Botany=Bay	4	0.02
Local:cidade	36581	Noites_de_Sintra	Marco=de=Canavezes	3	0.02
Local:cidade	36581	Noites_de_Sintra	Pariz	4	0.02
Local:cidade	36581	Noites_de_Sintra	Santarem	1	0.02
Local:cidade	36581	Noites_de_Sintra	Sines	4	0.02
Local:cidade	36581	Noites_de_Sintra	Roma	1	0.02
Local:cidade	36581	Noites_de_Sintra	Lisboa	20	0.02
Local:cidade	36581	Noites_de_Sintra	Porto	19	0.02
Local:cidade	36581	Noites_de_Sintra	Guimarães	4	0.02
Local:cidade	36581	Noites_de_Sintra	Rio=de=Janeiro	3	0.02
Local:cidade	36581	Noites_de_Sintra	Coimbra	5	0.02
Local:cidade	36581	Noites_de_Sintra	Elvas	1	0.02
Local:cidade	36581	Noites_de_Sintra	Santiago	1	0.02
Local:cidade	36581	Noites_de_Sintra	Lamego	12	0.02
Local:cidade	36581	Noites_de_Sintra	Cintra	28	0.02
Local:cidade	36581	Notas_Contemporâneas	Oxford	1	0.02
Local:cidade	36581	Notas_Contemporâneas	Dabul	1	0.02
Local:cidade	36581	Notas_Contemporâneas	Meca	7	0.02
Local:cidade	36581	Notas_Contemporâneas	Ceuta	2	0.02
Local:cidade	36581	Notas_Contemporâneas	Constantinopla	3	0.02
Local:cidade	36581	Notas_Contemporâneas	Delfos	1	0.02
Local:cidade	36581	Notas_Contemporâneas	Hamburgo	1	0.02
Local:cidade	36581	Notas_Contemporâneas	Heliópolis	1	0.02
Local:cidade	36581	Notas_Contemporâneas	Siracusa	1	0.02
Local:cidade	36581	Notas_Contemporâneas	Póvoa=de=Varzim	2	0.02
Local:cidade	36581	Notas_Contemporâneas	São=Petersburgo	6	0.02
Local:cidade	36581	Notas_Contemporâneas	Nantes	1	0.02
Local:cidade	36581	Notas_Contemporâneas	Génova	1	0.02
Local:cidade	36581	Notas_Contemporâneas	Babilónia	1	0.02
Local:cidade	36581	Notas_Contemporâneas	Damieta	2	0.02
Local:cidade	36581	Notas_Contemporâneas	Porto	7	0.02
Local:cidade	36581	Notas_Contemporâneas	Mênfis	1	0.02
Local:cidade	36581	Notas_Contemporâneas	Lisboa	34	0.02
Local:cidade	36581	Notas_Contemporâneas	Cartago	2	0.02
Local:cidade	36581	Notas_Contemporâneas	Paris	65	0.02
Local:cidade	36581	Notas_Contemporâneas	Atenas	9	0.02
Local:cidade	36581	Notas_Contemporâneas	Roma	34	0.02
Local:cidade	36581	Notas_Contemporâneas	Tebas	3	0.02
Local:cidade	36581	Notas_Contemporâneas	Coimbra	27	0.02
Local:cidade	36581	Notas_Contemporâneas	Rio=de=Janeiro	3	0.02
Local:cidade	36581	Notas_Contemporâneas	Veneza	1	0.02
Local:cidade	36581	Notas_Contemporâneas	Alexandria	12	0.02
Local:cidade	36581	Notas_Contemporâneas	Tróia	2	0.02
Local:cidade	36581	Notas_Contemporâneas	Londres	17	0.02
Local:cidade	36581	Notas_Contemporâneas	Berlim	2	0.02
Local:cidade	36581	Notas_Contemporâneas	Vila=do=Conde	12	0.02
Local:cidade	36581	Notas_Contemporâneas	Toledo	2	0.02
Local:cidade	36581	Notas_Contemporâneas	Worms	2	0.02
Local:cidade	36581	Notas_Contemporâneas	Limoges	1	0.02
Local:cidade	36581	Notas_Contemporâneas	Suez	26	0.02
Local:cidade	36581	Notas_Contemporâneas	Susa	1	0.02
Local:cidade	36581	Notas_Contemporâneas	Marco=de=Canaveses	4	0.02
Local:cidade	36581	Notas_Contemporâneas	Orleães	1	0.02
Local:cidade	36581	Notas_Contemporâneas	Pequim	7	0.02
Local:cidade	36581	Notas_Contemporâneas	Arzila	2	0.02
Local:cidade	36581	Notas_Contemporâneas	Bordéus	2	0.02
Local:cidade	36581	Notas_Contemporâneas	Ávila	2	0.02
Local:cidade	36581	Notas_Contemporâneas	Marselha	5	0.02
Local:cidade	36581	Notas_Contemporâneas	Havre	2	0.02
Local:cidade	36581	Notas_Contemporâneas	Filadélfia	1	0.02
Local:cidade	36581	Notas_Contemporâneas	Cananor	3	0.02
Local:cidade	36581	Notas_Contemporâneas	Jafa	1	0.02
Local:cidade	36581	Notas_Contemporâneas	Cesareia	1	0.02
Local:cidade	36581	Notas_Contemporâneas	City	2	0.02
Local:cidade	36581	Notas_Contemporâneas	Port=Said	32	0.02
Local:cidade	36581	Notas_Contemporâneas	Moscovo	1	0.02
Local:cidade	36581	Notas_Contemporâneas	Newcastle	1	0.02
Local:cidade	36581	Notas_Contemporâneas	Chicago	4	0.02
Local:cidade	36581	Notas_Contemporâneas	Bagdad	2	0.02
Local:cidade	36581	Notas_Contemporâneas	Liège	1	0.02
Local:cidade	36581	Notas_Contemporâneas	Port=Royal	2	0.02
Local:cidade	36581	Notas_Contemporâneas	New=York	12	0.02
Local:cidade	36581	Nova_Sapho:_Tragedia_Extranha	Heliopolis	1	0.02
Local:cidade	36581	Nova_Sapho:_Tragedia_Extranha	Granada	3	0.02
Local:cidade	36581	Nova_Sapho:_Tragedia_Extranha	Londres	22	0.02
Local:cidade	36581	Nova_Sapho:_Tragedia_Extranha	Roma	6	0.02
Local:cidade	36581	Nova_Sapho:_Tragedia_Extranha	Lisboa	21	0.02
Local:cidade	36581	Nova_Sapho:_Tragedia_Extranha	Porto	2	0.02
Local:cidade	36581	Nova_Sapho:_Tragedia_Extranha	Guimarães	11	0.02
Local:cidade	36581	Nova_Sapho:_Tragedia_Extranha	Paris	7	0.02
Local:cidade	36581	Nova_Sapho:_Tragedia_Extranha	Coimbra	5	0.02
Local:cidade	36581	Nova_Sapho:_Tragedia_Extranha	Rio=de=Janeiro	3	0.02
Local:cidade	36581	Nova_Sapho:_Tragedia_Extranha	Pamplona	2	0.02
Local:cidade	36581	Nova_Sapho:_Tragedia_Extranha	City	1	0.02
Local:cidade	36581	Novelas_do_Minho_I	Madrid	12	0.02
Local:cidade	36581	Novelas_do_Minho_I	Londres	2	0.02
Local:cidade	36581	Novelas_do_Minho_I	Tróia	1	0.02
Local:cidade	36581	Novelas_do_Minho_I	Rio=de=Janeiro	3	0.02
Local:cidade	36581	Novelas_do_Minho_I	Coimbra	12	0.02
Local:cidade	36581	Novelas_do_Minho_I	Roma	1	0.02
Local:cidade	36581	Novelas_do_Minho_I	Paris	4	0.02
Local:cidade	36581	Novelas_do_Minho_I	Gnido	1	0.02
Local:cidade	36581	Novelas_do_Minho_I	Lisboa	19	0.02
Local:cidade	36581	Novelas_do_Minho_I	Porto	22	0.02
Local:cidade	36581	Novelas_do_Minho_I	Castelo=Branco	4	0.02
Local:cidade	36581	Novelas_do_Minho_I	Múrcia	1	0.02
Local:cidade	36581	Novelas_do_Minho_I	Alcobaça	1	0.02
Local:cidade	36581	Novelas_do_Minho_I	Vizela	1	0.02
Local:cidade	36581	Novelas_do_Minho_I	Mirandela	1	0.02
Local:cidade	36581	Novelas_do_Minho_I	Chaves	5	0.02
Local:cidade	36581	Novelas_do_Minho_I	Vila=Real	26	0.02
Local:cidade	36581	Novelas_do_Minho_I	Lourenço=Marques	4	0.02
Local:cidade	36581	Novelas_do_Minho_I	Fafe	1	0.02
Local:cidade	36581	Novelas_do_Minho_II	Londres	6	0.02
Local:cidade	36581	Novelas_do_Minho_II	Madrid	3	0.02
Local:cidade	36581	Novelas_do_Minho_II	Vila=do=Conde	16	0.02
Local:cidade	36581	Novelas_do_Minho_II	Tróia	1	0.02
Local:cidade	36581	Novelas_do_Minho_II	Veneza	1	0.02
Local:cidade	36581	Novelas_do_Minho_II	Moura	1	0.02
Local:cidade	36581	Novelas_do_Minho_II	Penafiel	1	0.02
Local:cidade	36581	Novelas_do_Minho_II	Coimbra	4	0.02
Local:cidade	36581	Novelas_do_Minho_II	Rio=de=Janeiro	5	0.02
Local:cidade	36581	Novelas_do_Minho_II	Roma	5	0.02
Local:cidade	36581	Novelas_do_Minho_II	Porto	38	0.02
Local:cidade	36581	Novelas_do_Minho_II	Lisboa	25	0.02
Local:cidade	36581	Novelas_do_Minho_II	Cartago	1	0.02
Local:cidade	36581	Novelas_do_Minho_II	Paris	17	0.02
Local:cidade	36581	Novelas_do_Minho_II	Castelo=Branco	2	0.02
Local:cidade	36581	Novelas_do_Minho_II	Babilónia	1	0.02
Local:cidade	36581	Novelas_do_Minho_II	Vizela	17	0.02
Local:cidade	36581	Novelas_do_Minho_II	Valhadolid	1	0.02
Local:cidade	36581	Novelas_do_Minho_II	Chaves	1	0.02
Local:cidade	36581	O_Alfageme_de_Santarém	Toledo	1	0.02
Local:cidade	36581	O_Alfageme_de_Santarém	Coimbra	2	0.02
Local:cidade	36581	O_Alfageme_de_Santarém	Lisboa	21	0.02
Local:cidade	36581	O_Alfageme_de_Santarém	Porto	2	0.02
Local:cidade	36581	O_Alfageme_de_Santarém	Ceuta	1	0.02
Local:cidade	36581	O_Alfageme_de_Santarém	Bragança	1	0.02
Local:cidade	36581	O_Anel_Misterioso:_Cenas_da_Guerra_Peninsular	Pariz	13	0.02
Local:cidade	36581	O_Anel_Misterioso:_Cenas_da_Guerra_Peninsular	Badajoz	2	0.02
Local:cidade	36581	O_Anel_Misterioso:_Cenas_da_Guerra_Peninsular	Tolosa	1	0.02
Local:cidade	36581	O_Anel_Misterioso:_Cenas_da_Guerra_Peninsular	Valhadolid	1	0.02
Local:cidade	36581	O_Anel_Misterioso:_Cenas_da_Guerra_Peninsular	Chaves	2	0.02
Local:cidade	36581	O_Anel_Misterioso:_Cenas_da_Guerra_Peninsular	Santarem	1	0.02
Local:cidade	36581	O_Anel_Misterioso:_Cenas_da_Guerra_Peninsular	Pamplona	1	0.02
Local:cidade	36581	O_Anel_Misterioso:_Cenas_da_Guerra_Peninsular	Roma	1	0.02
Local:cidade	36581	O_Anel_Misterioso:_Cenas_da_Guerra_Peninsular	Lisboa	7	0.02
Local:cidade	36581	O_Anel_Misterioso:_Cenas_da_Guerra_Peninsular	Porto	60	0.02
Local:cidade	36581	O_Anel_Misterioso:_Cenas_da_Guerra_Peninsular	Paris	1	0.02
Local:cidade	36581	O_Anel_Misterioso:_Cenas_da_Guerra_Peninsular	Guimarães	2	0.02
Local:cidade	36581	O_Anel_Misterioso:_Cenas_da_Guerra_Peninsular	Coimbra	12	0.02
Local:cidade	36581	O_Anel_Misterioso:_Cenas_da_Guerra_Peninsular	Veneza	1	0.02
Local:cidade	36581	O_Anel_Misterioso:_Cenas_da_Guerra_Peninsular	Leiria	2	0.02
Local:cidade	36581	O_Anel_Misterioso:_Cenas_da_Guerra_Peninsular	Londres	7	0.02
Local:cidade	36581	O_Anel_Misterioso:_Cenas_da_Guerra_Peninsular	Bragança	3	0.02
Local:cidade	36581	O_Anel_Misterioso:_Cenas_da_Guerra_Peninsular	Ovar	1	0.02
Local:cidade	36581	O_Anel_Misterioso:_Cenas_da_Guerra_Peninsular	Castelo=Branco	6	0.02
Local:cidade	36581	O_Anel_Misterioso:_Cenas_da_Guerra_Peninsular	Gondomar	2	0.02
Local:cidade	36581	O_Anel_Misterioso:_Cenas_da_Guerra_Peninsular	Montijo	1	0.02
Local:cidade	36581	O_Arco_de_Santana	Londres	1	0.02
Local:cidade	36581	O_Arco_de_Santana	Santiago	1	0.02
Local:cidade	36581	O_Arco_de_Santana	Veneza	1	0.02
Local:cidade	36581	O_Arco_de_Santana	Tróia	1	0.02
Local:cidade	36581	O_Arco_de_Santana	Coimbra	4	0.02
Local:cidade	36581	O_Arco_de_Santana	Paris	1	0.02
Local:cidade	36581	O_Arco_de_Santana	Lisboa	8	0.02
Local:cidade	36581	O_Arco_de_Santana	Porto	50	0.02
Local:cidade	36581	O_Arco_de_Santana	Roma	7	0.02
Local:cidade	36581	O_Arco_de_Santana	Babilónia	1	0.02
Local:cidade	36581	O_Arco_de_Santana	Bruges	1	0.02
Local:cidade	36581	O_Arco_de_Santana	Ovar	1	0.02
Local:cidade	36581	O_Arco_de_Santana	Varsóvia	1	0.02
Local:cidade	36581	O_Arco_de_Santana	Damieta	1	0.02
Local:cidade	36581	O_Arco_de_Santana	Washington	1	0.02
Local:cidade	36581	O_Arco_de_Santana	Alcobaça	1	0.02
Local:cidade	36581	O_Arco_de_Santana	Oxford	1	0.02
Local:cidade	36581	O_Barão_de_Lavos	Peniche	1	0.02
Local:cidade	36581	O_Barão_de_Lavos	Roma	4	0.02
Local:cidade	36581	O_Barão_de_Lavos	Porto	2	0.02
Local:cidade	36581	O_Barão_de_Lavos	Lisboa	25	0.02
Local:cidade	36581	O_Barão_de_Lavos	Paris	1	0.02
Local:cidade	36581	O_Barão_de_Lavos	Coimbra	3	0.02
Local:cidade	36581	O_Barão_de_Lavos	Veneza	1	0.02
Local:cidade	36581	O_Barão_de_Lavos	Penafiel	1	0.02
Local:cidade	36581	O_Barão_de_Lavos	Londres	1	0.02
Local:cidade	36581	O_Barão_de_Lavos	Lamego	1	0.02
Local:cidade	36581	O_Barão_de_Lavos	Aveiro	2	0.02
Local:cidade	36581	O_Barão_de_Lavos	Óstia	1	0.02
Local:cidade	36581	O_Barão_de_Lavos	Cantanhede	1	0.02
Local:cidade	36581	O_Bem_e_o_Mal	Bragança	9	0.02
Local:cidade	36581	O_Bem_e_o_Mal	Viseu	2	0.02
Local:cidade	36581	O_Bem_e_o_Mal	Viena	1	0.02
Local:cidade	36581	O_Bem_e_o_Mal	Roma	3	0.02
Local:cidade	36581	O_Bem_e_o_Mal	Atenas	1	0.02
Local:cidade	36581	O_Bem_e_o_Mal	Lisboa	39	0.02
Local:cidade	36581	O_Bem_e_o_Mal	Porto	6	0.02
Local:cidade	36581	O_Bem_e_o_Mal	Pombal	1	0.02
Local:cidade	36581	O_Bem_e_o_Mal	Coimbra	46	0.02
Local:cidade	36581	O_Bem_e_o_Mal	Rio=de=Janeiro	3	0.02
Local:cidade	36581	O_Bem_e_o_Mal	Gouveia	2	0.02
Local:cidade	36581	O_Bem_e_o_Mal	Estremoz	1	0.02
Local:cidade	36581	O_Bem_e_o_Mal	Vila=Real	2	0.02
Local:cidade	36581	O_Bobo	Toledo	1	0.02
Local:cidade	36581	O_Bobo	Coimbra	13	0.02
Local:cidade	36581	O_Bobo	Porto	1	0.02
Local:cidade	36581	O_Bobo	Lisboa	1	0.02
Local:cidade	36581	O_Bobo	Roma	2	0.02
Local:cidade	36581	O_Bobo	Oviedo	2	0.02
Local:cidade	36581	O_Brasileiro_Soares	Póvoa	2	0.02
Local:cidade	36581	O_Brasileiro_Soares	Coimbra	8	0.02
Local:cidade	36581	O_Brasileiro_Soares	Rio=de=Janeiro	3	0.02
Local:cidade	36581	O_Brasileiro_Soares	Roma	1	0.02
Local:cidade	36581	O_Brasileiro_Soares	Paris	1	0.02
Local:cidade	36581	O_Brasileiro_Soares	Porto	35	0.02
Local:cidade	36581	O_Brasileiro_Soares	Lisboa	15	0.02
Local:cidade	36581	O_Brasileiro_Soares	Lamego	1	0.02
Local:cidade	36581	O_Brasileiro_Soares	Londres	1	0.02
Local:cidade	36581	O_Carrasco_de_Vitor_Hugo	Bragança	14	0.02
Local:cidade	36581	O_Carrasco_de_Vitor_Hugo	Odivelas	1	0.02
Local:cidade	36581	O_Carrasco_de_Vitor_Hugo	Bizâncio	1	0.02
Local:cidade	36581	O_Carrasco_de_Vitor_Hugo	Roma	2	0.02
Local:cidade	36581	O_Carrasco_de_Vitor_Hugo	Lisboa	44	0.02
Local:cidade	36581	O_Carrasco_de_Vitor_Hugo	Porto	6	0.02
Local:cidade	36581	O_Carrasco_de_Vitor_Hugo	Rio=de=Janeiro	3	0.02
Local:cidade	36581	O_Carrasco_de_Vitor_Hugo	Coimbra	4	0.02
Local:cidade	36581	O_Carrasco_de_Vitor_Hugo	Veneza	1	0.02
Local:cidade	36581	O_Carrasco_de_Vitor_Hugo	Toledo	1	0.02
Local:cidade	36581	O_Carrasco_de_Vitor_Hugo	Chaves	1	0.02
Local:cidade	36581	O_Carrasco_de_Vitor_Hugo	Marselha	3	0.02
Local:cidade	36581	O_Carrasco_de_Vitor_Hugo	Petrópolis	1	0.02
Local:cidade	36581	O_Carrasco_de_Vitor_Hugo	Heubach	3	0.02
Local:cidade	36581	O_Conde_d_Abranhos	Buenos=Aires	4	0.02
Local:cidade	36581	O_Conde_d_Abranhos	Viena	1	0.02
Local:cidade	36581	O_Conde_d_Abranhos	Babilónia	1	0.02
Local:cidade	36581	O_Conde_d_Abranhos	Porto	9	0.02
Local:cidade	36581	O_Conde_d_Abranhos	Lisboa	32	0.02
Local:cidade	36581	O_Conde_d_Abranhos	Cartago	1	0.02
Local:cidade	36581	O_Conde_d_Abranhos	Paris	1	0.02
Local:cidade	36581	O_Conde_d_Abranhos	Roma	5	0.02
Local:cidade	36581	O_Conde_d_Abranhos	Coimbra	12	0.02
Local:cidade	36581	O_Conde_d_Abranhos	Penafiel	11	0.02
Local:cidade	36581	O_Conde_d_Abranhos	Londres	1	0.02
Local:cidade	36581	O_Conde_d_Abranhos	Berlim	2	0.02
Local:cidade	36581	O_Conde_d_Abranhos	Madrid	1	0.02
Local:cidade	36581	O_Conde_d_Abranhos	Biarritz	1	0.02
Local:cidade	36581	O_Conde_de_Castel_Melhor	Bragança	5	0.02
Local:cidade	36581	O_Conde_de_Castel_Melhor	Aveiro	1	0.02
Local:cidade	36581	O_Conde_de_Castel_Melhor	Alcobaça	2	0.02
Local:cidade	36581	O_Conde_de_Castel_Melhor	Cintra	13	0.02
Local:cidade	36581	O_Conde_de_Castel_Melhor	Lisboa	120	0.02
Local:cidade	36581	O_Conde_de_Castel_Melhor	Porto	6	0.02
Local:cidade	36581	O_Conde_de_Castel_Melhor	Guimarães	1	0.02
Local:cidade	36581	O_Conde_de_Castel_Melhor	Pombal	2	0.02
Local:cidade	36581	O_Conde_de_Castel_Melhor	Paris	2	0.02
Local:cidade	36581	O_Conde_de_Castel_Melhor	Roma	2	0.02
Local:cidade	36581	O_Conde_de_Castel_Melhor	Elvas	19	0.02
Local:cidade	36581	O_Conde_de_Castel_Melhor	Rio=de=Janeiro	3	0.02
Local:cidade	36581	O_Conde_de_Castel_Melhor	Évora	3	0.02
Local:cidade	36581	O_Conde_de_Castel_Melhor	Lamego	1	0.02
Local:cidade	36581	O_Conde_de_Castel_Melhor	Londres	4	0.02
Local:cidade	36581	O_Conde_de_Castel_Melhor	Toledo	1	0.02
Local:cidade	36581	O_Conde_de_Castel_Melhor	Beja	8	0.02
Local:cidade	36581	O_Conde_de_Castel_Melhor	Cadiz	2	0.02
Local:cidade	36581	O_Conde_de_Castel_Melhor	Peniche	2	0.02
Local:cidade	36581	O_Conde_de_Castel_Melhor	Badajoz	24	0.02
Local:cidade	36581	O_Conde_de_Castel_Melhor	Faro	1	0.02
Local:cidade	36581	O_Conde_de_Castel_Melhor	Montijo	2	0.02
Local:cidade	36581	O_Conde_de_Castel_Melhor	Cantanhede	3	0.02
Local:cidade	36581	O_Conde_de_Castel_Melhor	Cananor	1	0.02
Local:cidade	36581	O_Conde_de_Castel_Melhor	Bombaim	2	0.02
Local:cidade	36581	O_Conde_de_Castel_Melhor	Evora	53	0.02
Local:cidade	36581	O_Conde_de_Castel_Melhor	Loures	3	0.02
Local:cidade	36581	O_Conde_de_S._Luís	Cintra	1	0.02
Local:cidade	36581	O_Conde_de_S._Luís	Bragança	14	0.02
Local:cidade	36581	O_Conde_de_S._Luís	Porto	1	0.02
Local:cidade	36581	O_Conde_de_S._Luís	Lisboa	28	0.02
Local:cidade	36581	O_Conde_de_S._Luís	Rio=de=Janeiro	15	0.02
Local:cidade	36581	O_Conspirador	Paris	1	0.02
Local:cidade	36581	O_Conspirador	Lisboa	1	0.02
Local:cidade	36581	O_Crime_do_Padre_Amaro	Bruxelas	1	0.02
Local:cidade	36581	O_Crime_do_Padre_Amaro	Alcobaça	18	0.02
Local:cidade	36581	O_Crime_do_Padre_Amaro	Buenos=Aires	2	0.02
Local:cidade	36581	O_Crime_do_Padre_Amaro	Nantes	1	0.02
Local:cidade	36581	O_Crime_do_Padre_Amaro	Babilónia	1	0.02
Local:cidade	36581	O_Crime_do_Padre_Amaro	Porto	12	0.02
Local:cidade	36581	O_Crime_do_Padre_Amaro	Lisboa	42	0.02
Local:cidade	36581	O_Crime_do_Padre_Amaro	Diu	1	0.02
Local:cidade	36581	O_Crime_do_Padre_Amaro	Paris	9	0.02
Local:cidade	36581	O_Crime_do_Padre_Amaro	Pombal	2	0.02
Local:cidade	36581	O_Crime_do_Padre_Amaro	Roma	9	0.02
Local:cidade	36581	O_Crime_do_Padre_Amaro	Coimbra	6	0.02
Local:cidade	36581	O_Crime_do_Padre_Amaro	Londres	1	0.02
Local:cidade	36581	O_Crime_do_Padre_Amaro	Berlim	1	0.02
Local:cidade	36581	O_Crime_do_Padre_Amaro	Gouveia	10	0.02
Local:cidade	36581	O_Crime_do_Padre_Amaro	Extremoz	2	0.02
Local:cidade	36581	O_Crime_do_Padre_Amaro	Salento	1	0.02
Local:cidade	36581	O_Cristão_novo	Coimbra	2	0.02
Local:cidade	36581	O_Cristão_novo	Lisboa	8	0.02
Local:cidade	36581	O_Cristão_novo	Roma	3	0.02
Local:cidade	36581	O_Cristão_novo	Dio	1	0.02
Local:cidade	36581	O_Cristão_novo	Jerusalem	1	0.02
Local:cidade	36581	O_Cura_de_São_Lourenço	Grenoble	1	0.02
Local:cidade	36581	O_Cura_de_São_Lourenço	Roma	17	0.02
Local:cidade	36581	O_Cura_de_São_Lourenço	Lisboa	1	0.02
Local:cidade	36581	O_Cura_de_São_Lourenço	Paris	18	0.02
Local:cidade	36581	O_Cura_de_São_Lourenço	Londres	6	0.02
Local:cidade	36581	O_Cura_de_São_Lourenço	Marselha	3	0.02
Local:cidade	36581	O_Cura_de_São_Lourenço	Jerusalem	4	0.02
Local:cidade	36581	O_Cura_de_São_Lourenço	Avinhão	1	0.02
Local:cidade	36581	O_Cura_de_São_Lourenço	Toulon	2	0.02
Local:cidade	36581	O_Cura_de_São_Lourenço	Nice	4	0.02
Local:cidade	36581	O_Dr._Luís_Sandoval	Cintra	2	0.02
Local:cidade	36581	O_Dr._Luís_Sandoval	Coimbra	2	0.02
Local:cidade	36581	O_Dr._Luís_Sandoval	Paris	3	0.02
Local:cidade	36581	O_Dr._Luís_Sandoval	Porto	3	0.02
Local:cidade	36581	O_Dr._Luís_Sandoval	Lisboa	29	0.02
Local:cidade	36581	O_Dr._Luís_Sandoval	Londres	1	0.02
Local:cidade	36581	O_Dr._Luís_Sandoval	Veneza	1	0.02
Local:cidade	36581	O_Egipto	Tunes	2	0.02
Local:cidade	36581	O_Egipto	Meca	29	0.02
Local:cidade	36581	O_Egipto	Ceuta	1	0.02
Local:cidade	36581	O_Egipto	Acre	1	0.02
Local:cidade	36581	O_Egipto	Constantinopla	9	0.02
Local:cidade	36581	O_Egipto	Sampetersburgo	1	0.02
Local:cidade	36581	O_Egipto	Heliópolis	6	0.02
Local:cidade	36581	O_Egipto	Babilónia	1	0.02
Local:cidade	36581	O_Egipto	Damieta	7	0.02
Local:cidade	36581	O_Egipto	Porto	1	0.02
Local:cidade	36581	O_Egipto	Mênfis	9	0.02
Local:cidade	36581	O_Egipto	Cartago	2	0.02
Local:cidade	36581	O_Egipto	Paris	16	0.02
Local:cidade	36581	O_Egipto	Roma	1	0.02
Local:cidade	36581	O_Egipto	Tebas	3	0.02
Local:cidade	36581	O_Egipto	Alexandria	40	0.02
Local:cidade	36581	O_Egipto	Londres	4	0.02
Local:cidade	36581	O_Egipto	Berlim	1	0.02
Local:cidade	36581	O_Egipto	Suez	35	0.02
Local:cidade	36581	O_Egipto	Viena=de=Áustria	4	0.02
Local:cidade	36581	O_Egipto	Bordéus	1	0.02
Local:cidade	36581	O_Egipto	Bagdade	2	0.02
Local:cidade	36581	O_Egipto	Marselha	3	0.02
Local:cidade	36581	O_Egipto	Istambul	4	0.02
Local:cidade	36581	O_Egipto	Jafa	11	0.02
Local:cidade	36581	O_Egipto	Acra	1	0.02
Local:cidade	36581	O_Egipto	City	2	0.02
Local:cidade	36581	O_Egipto	Port=Said	30	0.02
Local:cidade	36581	O_Egipto	Calcutá	1	0.02
Local:cidade	36581	O_Egipto	La=Valeta	4	0.02
Local:cidade	36581	O_Engeitado	Coimbra	1	0.02
Local:cidade	36581	O_Engeitado_(InaPSar)	Pariz	29	0.02
Local:cidade	36581	O_Engeitado_(InaPSar)	Tunes	1	0.02
Local:cidade	36581	O_Engeitado_(InaPSar)	Amsterdam	1	0.02
Local:cidade	36581	O_Engeitado_(InaPSar)	Lisboa	12	0.02
Local:cidade	36581	O_Engeitado_(InaPSar)	Porto	2	0.02
Local:cidade	36581	O_Engeitado_(InaPSar)	Paris	1	0.02
Local:cidade	36581	O_Engeitado_(InaPSar)	Roma	4	0.02
Local:cidade	36581	O_Engeitado_(InaPSar)	Veneza	1	0.02
Local:cidade	36581	O_Engeitado_(InaPSar)	Londres	5	0.02
Local:cidade	36581	O_Engeitado_(InaPSar)	Leiria	1	0.02
Local:cidade	36581	O_Engeitado_(InaPSar)	Avinhão	1	0.02
Local:cidade	36581	O_Engeitado_(InaPSar)	Tolosa	1	0.02
Local:cidade	36581	O_Engeitado_(InaPSar)	Moscou	2	0.02
Local:cidade	36581	O_Engeitado_(InaPSar)	Chaves	5	0.02
Local:cidade	36581	O_Engeitado_(InaPSar)	Marselha	3	0.02
Local:cidade	36581	O_Engeitado_(InaPSar)	Dublin	1	0.02
Local:cidade	36581	O_Espelho_da_Marquesa	Paris	2	0.02
Local:cidade	36581	O_Espelho_da_Marquesa	Lisboa	1	0.02
Local:cidade	36581	O_Espelho_da_Marquesa	Veneza	1	0.02
Local:cidade	36581	O_Espelho_da_Marquesa	Gouveia	5	0.02
Local:cidade	36581	O_Galego	Londres	1	0.02
Local:cidade	36581	O_Galego	Tebas	1	0.02
Local:cidade	36581	O_Galego	Coimbra	1	0.02
Local:cidade	36581	O_Galego	Porto	3	0.02
Local:cidade	36581	O_Galego	Lisboa	7	0.02
Local:cidade	36581	O_Galego	Paris	3	0.02
Local:cidade	36581	O_Galego	Atenas	1	0.02
Local:cidade	36581	O_Galego	Roma	1	0.02
Local:cidade	36581	O_Galego	Salé	1	0.02
Local:cidade	36581	O_Galego	Vila=Nova=de=Gaia	2	0.02
Local:cidade	36581	O_Galego	Lugo	1	0.02
Local:cidade	36581	O_Livro_de_Cesário_Verde	Almeria	1	0.02
Local:cidade	36581	O_Livro_de_Cesário_Verde	Bruxelas	1	0.02
Local:cidade	36581	O_Livro_de_Cesário_Verde	Sampetersburgo	1	0.02
Local:cidade	36581	O_Livro_de_Cesário_Verde	Paris	2	0.02
Local:cidade	36581	O_Livro_de_Cesário_Verde	Lisboa	4	0.02
Local:cidade	36581	O_Livro_de_Cesário_Verde	Málaga	1	0.02
Local:cidade	36581	O_Livro_de_Cesário_Verde	Coimbra	1	0.02
Local:cidade	36581	O_Livro_de_Cesário_Verde	Madrid	1	0.02
Local:cidade	36581	O_Livro_de_Cesário_Verde	Berlim	1	0.02
Local:cidade	36581	O_Livro_de_Cesário_Verde	Londres	1	0.02
Local:cidade	36581	O_Livro_de_Cesário_Verde	Liverpool	1	0.02
Local:cidade	36581	O_Mandarim	London	1	0.02
Local:cidade	36581	O_Mandarim	Hamburgo	2	0.02
Local:cidade	36581	O_Mandarim	Buenos=Aires	2	0.02
Local:cidade	36581	O_Mandarim	Siracusa	1	0.02
Local:cidade	36581	O_Mandarim	São=Petersburgo	4	0.02
Local:cidade	36581	O_Mandarim	Babilónia	1	0.02
Local:cidade	36581	O_Mandarim	Lisboa	5	0.02
Local:cidade	36581	O_Mandarim	Paris	7	0.02
Local:cidade	36581	O_Mandarim	Roma	1	0.02
Local:cidade	36581	O_Mandarim	Tebas	1	0.02
Local:cidade	36581	O_Mandarim	Coimbra	1	0.02
Local:cidade	36581	O_Mandarim	Alexandria	1	0.02
Local:cidade	36581	O_Mandarim	Londres	7	0.02
Local:cidade	36581	O_Mandarim	Madrid	1	0.02
Local:cidade	36581	O_Mandarim	Suez	1	0.02
Local:cidade	36581	O_Mandarim	Pequim	32	0.02
Local:cidade	36581	O_Mandarim	Nanquim	3	0.02
Local:cidade	36581	O_Mandarim	Bordéus	1	0.02
Local:cidade	36581	O_Mandarim	Marselha	2	0.02
Local:cidade	36581	O_Mandarim	Southampton	1	0.02
Local:cidade	36581	O_Mandarim	Cantão	3	0.02
Local:cidade	36581	O_Mandarim	Xangai	5	0.02
Local:cidade	36581	O_Mandarim	Tung-Chu	2	0.02
Local:cidade	36581	O_Mandarim	Singapura	1	0.02
Local:cidade	36581	O_Manuelinho_de_Évora	Alcobaça	1	0.02
Local:cidade	36581	O_Manuelinho_de_Évora	Bragança	1	0.02
Local:cidade	36581	O_Manuelinho_de_Évora	Santarém	1	0.02
Local:cidade	36581	O_Manuelinho_de_Évora	Elvas	4	0.02
Local:cidade	36581	O_Manuelinho_de_Évora	Coimbra	2	0.02
Local:cidade	36581	O_Manuelinho_de_Évora	Porto	1	0.02
Local:cidade	36581	O_Manuelinho_de_Évora	Lisboa	17	0.02
Local:cidade	36581	O_Manuelinho_de_Évora	Roma	1	0.02
Local:cidade	36581	O_Manuelinho_de_Évora	Lamego	1	0.02
Local:cidade	36581	O_Manuelinho_de_Évora	Euora	4	0.02
Local:cidade	36581	O_Manuelinho_de_Évora	Santiago	1	0.02
Local:cidade	36581	O_Manuelinho_de_Évora	Moura	1	0.02
Local:cidade	36581	O_Manuelinho_de_Évora	Évora	1	0.02
Local:cidade	36581	O_Manuelinho_de_Évora	Faro	2	0.02
Local:cidade	36581	O_Manuelinho_de_Évora	Badajoz	1	0.02
Local:cidade	36581	O_Manuelinho_de_Évora	Evora	86	0.02
Local:cidade	36581	O_Manuelinho_de_Évora	Mileto	1	0.02
Local:cidade	36581	O_Marquês_da_Bacalhoa	Silves	2	0.02
Local:cidade	36581	O_Marquês_da_Bacalhoa	Cintra	13	0.02
Local:cidade	36581	O_Marquês_da_Bacalhoa	Coimbra	3	0.02
Local:cidade	36581	O_Marquês_da_Bacalhoa	Roma	5	0.02
Local:cidade	36581	O_Marquês_da_Bacalhoa	Lisboa	13	0.02
Local:cidade	36581	O_Marquês_da_Bacalhoa	Porto	6	0.02
Local:cidade	36581	O_Marquês_da_Bacalhoa	Paris	11	0.02
Local:cidade	36581	O_Marquês_da_Bacalhoa	Pombal	1	0.02
Local:cidade	36581	O_Marquês_da_Bacalhoa	Granada	2	0.02
Local:cidade	36581	O_Marquês_da_Bacalhoa	Londres	6	0.02
Local:cidade	36581	O_Marquês_da_Bacalhoa	Veneza	4	0.02
Local:cidade	36581	O_Marquês_da_Bacalhoa	Faro	1	0.02
Local:cidade	36581	O_Marquês_de_Torres_Novas	Bragança	1	0.02
Local:cidade	36581	O_Marquês_de_Torres_Novas	Lisboa	4	0.02
Local:cidade	36581	O_Marquês_de_Torres_Novas	Porto	4	0.02
Local:cidade	36581	O_Marquês_de_Torres_Novas	Santiago	1	0.02
Local:cidade	36581	O_Monge_de_Cister_I	Alexandria	2	0.02
Local:cidade	36581	O_Monge_de_Cister_I	Pegu	1	0.02
Local:cidade	36581	O_Monge_de_Cister_I	Coimbra	3	0.02
Local:cidade	36581	O_Monge_de_Cister_I	Porto	3	0.02
Local:cidade	36581	O_Monge_de_Cister_I	Lisboa	41	0.02
Local:cidade	36581	O_Monge_de_Cister_I	Roma	2	0.02
Local:cidade	36581	O_Monge_de_Cister_I	Buenos=Aires	2	0.02
Local:cidade	36581	O_Monge_de_Cister_I	Alcobaça	36	0.02
Local:cidade	36581	O_Monge_de_Cister_I	Estremoz	3	0.02
Local:cidade	36581	O_Monge_de_Cister_I	Avinhão	1	0.02
Local:cidade	36581	O_Monge_de_Cister_I	Limoges	1	0.02
Local:cidade	36581	O_Monge_de_Cister_II	Londres	1	0.02
Local:cidade	36581	O_Monge_de_Cister_II	Alexandria	1	0.02
Local:cidade	36581	O_Monge_de_Cister_II	Tróia	1	0.02
Local:cidade	36581	O_Monge_de_Cister_II	Coimbra	2	0.02
Local:cidade	36581	O_Monge_de_Cister_II	Porto	1	0.02
Local:cidade	36581	O_Monge_de_Cister_II	Lisboa	35	0.02
Local:cidade	36581	O_Monge_de_Cister_II	Roma	2	0.02
Local:cidade	36581	O_Monge_de_Cister_II	Babilónia	1	0.02
Local:cidade	36581	O_Monge_de_Cister_II	Constantinopla	1	0.02
Local:cidade	36581	O_Monge_de_Cister_II	Alcobaça	19	0.02
Local:cidade	36581	O_Monge_de_Cister_II	Suez	1	0.02
Local:cidade	36581	O_Monge_de_Cister_II	Arrás	1	0.02
Local:cidade	36581	O_Pobre_de_Pedir	Porto	1	0.02
Local:cidade	36581	O_Povo_Português_nos_seus_Costumes,_Crenças_e_Tradições_I	Ribeira=Grande	4	0.02
Local:cidade	36581	O_Povo_Português_nos_seus_Costumes,_Crenças_e_Tradições_I	Paços=de=Ferreira	4	0.02
Local:cidade	36581	O_Povo_Português_nos_seus_Costumes,_Crenças_e_Tradições_I	Porto	47	0.02
Local:cidade	36581	O_Povo_Português_nos_seus_Costumes,_Crenças_e_Tradições_I	Lisboa	45	0.02
Local:cidade	36581	O_Povo_Português_nos_seus_Costumes,_Crenças_e_Tradições_I	Diu	1	0.02
Local:cidade	36581	O_Povo_Português_nos_seus_Costumes,_Crenças_e_Tradições_I	Roma	21	0.02
Local:cidade	36581	O_Povo_Português_nos_seus_Costumes,_Crenças_e_Tradições_I	Atenas	1	0.02
Local:cidade	36581	O_Povo_Português_nos_seus_Costumes,_Crenças_e_Tradições_I	Málaga	1	0.02
Local:cidade	36581	O_Povo_Português_nos_seus_Costumes,_Crenças_e_Tradições_I	Coimbra	23	0.02
Local:cidade	36581	O_Povo_Português_nos_seus_Costumes,_Crenças_e_Tradições_I	Rio=de=Janeiro	6	0.02
Local:cidade	36581	O_Povo_Português_nos_seus_Costumes,_Crenças_e_Tradições_I	Moura	6	0.02
Local:cidade	36581	O_Povo_Português_nos_seus_Costumes,_Crenças_e_Tradições_I	Penafiel	9	0.02
Local:cidade	36581	O_Povo_Português_nos_seus_Costumes,_Crenças_e_Tradições_I	Madrid	4	0.02
Local:cidade	36581	O_Povo_Português_nos_seus_Costumes,_Crenças_e_Tradições_I	Vila=do=Conde	14	0.02
Local:cidade	36581	O_Povo_Português_nos_seus_Costumes,_Crenças_e_Tradições_I	Toledo	2	0.02
Local:cidade	36581	O_Povo_Português_nos_seus_Costumes,_Crenças_e_Tradições_I	Merida	1	0.02
Local:cidade	36581	O_Povo_Português_nos_seus_Costumes,_Crenças_e_Tradições_I	London	1	0.02
Local:cidade	36581	O_Povo_Português_nos_seus_Costumes,_Crenças_e_Tradições_I	Tunes	1	0.02
Local:cidade	36581	O_Povo_Português_nos_seus_Costumes,_Crenças_e_Tradições_I	Meca	1	0.02
Local:cidade	36581	O_Povo_Português_nos_seus_Costumes,_Crenças_e_Tradições_I	Viseu	7	0.02
Local:cidade	36581	O_Povo_Português_nos_seus_Costumes,_Crenças_e_Tradições_I	Ílhavo	1	0.02
Local:cidade	36581	O_Povo_Português_nos_seus_Costumes,_Crenças_e_Tradições_I	Bragança	5	0.02
Local:cidade	36581	O_Povo_Português_nos_seus_Costumes,_Crenças_e_Tradições_I	Alcobaça	3	0.02
Local:cidade	36581	O_Povo_Português_nos_seus_Costumes,_Crenças_e_Tradições_I	Tavira	2	0.02
Local:cidade	36581	O_Povo_Português_nos_seus_Costumes,_Crenças_e_Tradições_I	Múrcia	1	0.02
Local:cidade	36581	O_Povo_Português_nos_seus_Costumes,_Crenças_e_Tradições_I	Viena	1	0.02
Local:cidade	36581	O_Povo_Português_nos_seus_Costumes,_Crenças_e_Tradições_I	Póvoa=de=Varzim	2	0.02
Local:cidade	36581	O_Povo_Português_nos_seus_Costumes,_Crenças_e_Tradições_I	Cintra	1	0.02
Local:cidade	36581	O_Povo_Português_nos_seus_Costumes,_Crenças_e_Tradições_I	Castelo=Branco	6	0.02
Local:cidade	36581	O_Povo_Português_nos_seus_Costumes,_Crenças_e_Tradições_I	Varsóvia	1	0.02
Local:cidade	36581	O_Povo_Português_nos_seus_Costumes,_Crenças_e_Tradições_I	Estremoz	3	0.02
Local:cidade	36581	O_Povo_Português_nos_seus_Costumes,_Crenças_e_Tradições_I	Bordéus	2	0.02
Local:cidade	36581	O_Povo_Português_nos_seus_Costumes,_Crenças_e_Tradições_I	Ávila	2	0.02
Local:cidade	36581	O_Povo_Português_nos_seus_Costumes,_Crenças_e_Tradições_I	Vila=Real	4	0.02
Local:cidade	36581	O_Povo_Português_nos_seus_Costumes,_Crenças_e_Tradições_I	Miranda=do=Douro	2	0.02
Local:cidade	36581	O_Povo_Português_nos_seus_Costumes,_Crenças_e_Tradições_I	Palermo	2	0.02
Local:cidade	36581	O_Povo_Português_nos_seus_Costumes,_Crenças_e_Tradições_I	Bona	3	0.02
Local:cidade	36581	O_Povo_Português_nos_seus_Costumes,_Crenças_e_Tradições_I	Marselha	1	0.02
Local:cidade	36581	O_Povo_Português_nos_seus_Costumes,_Crenças_e_Tradições_I	Vila=Nova=de=Gaia	2	0.02
Local:cidade	36581	O_Povo_Português_nos_seus_Costumes,_Crenças_e_Tradições_I	Mirandela	1	0.02
Local:cidade	36581	O_Povo_Português_nos_seus_Costumes,_Crenças_e_Tradições_I	Ponte=de=Sor	1	0.02
Local:cidade	36581	O_Povo_Português_nos_seus_Costumes,_Crenças_e_Tradições_I	Amiens	1	0.02
Local:cidade	36581	O_Povo_Português_nos_seus_Costumes,_Crenças_e_Tradições_I	Rio=Tinto	4	0.02
Local:cidade	36581	O_Povo_Português_nos_seus_Costumes,_Crenças_e_Tradições_I	Rio=Maior	2	0.02
Local:cidade	36581	O_Povo_Português_nos_seus_Costumes,_Crenças_e_Tradições_I	Chartres	1	0.02
Local:cidade	36581	O_Povo_Português_nos_seus_Costumes,_Crenças_e_Tradições_I	Marco=de=Canaveses	2	0.02
Local:cidade	36581	O_Povo_Português_nos_seus_Costumes,_Crenças_e_Tradições_I	Sines	1	0.02
Local:cidade	36581	O_Povo_Português_nos_seus_Costumes,_Crenças_e_Tradições_I	Valbom	1	0.02
Local:cidade	36581	O_Povo_Português_nos_seus_Costumes,_Crenças_e_Tradições_I	Tondela	1	0.02
Local:cidade	36581	O_Povo_Português_nos_seus_Costumes,_Crenças_e_Tradições_I	Gondomar	5	0.02
Local:cidade	36581	O_Povo_Português_nos_seus_Costumes,_Crenças_e_Tradições_I	Lu	4	0.02
Local:cidade	36581	O_Povo_Português_nos_seus_Costumes,_Crenças_e_Tradições_I	Delft	1	0.02
Local:cidade	36581	O_Povo_Português_nos_seus_Costumes,_Crenças_e_Tradições_I	Basileia	1	0.02
Local:cidade	36581	O_Povo_Português_nos_seus_Costumes,_Crenças_e_Tradições_II	Katha	1	0.02
Local:cidade	36581	O_Povo_Português_nos_seus_Costumes,_Crenças_e_Tradições_II	Vicenze	1	0.02
Local:cidade	36581	O_Povo_Português_nos_seus_Costumes,_Crenças_e_Tradições_II	Salzburg	1	0.02
Local:cidade	36581	O_Povo_Português_nos_seus_Costumes,_Crenças_e_Tradições_II	Porto	21	0.02
Local:cidade	36581	O_Povo_Português_nos_seus_Costumes,_Crenças_e_Tradições_II	Lisboa	44	0.02
Local:cidade	36581	O_Povo_Português_nos_seus_Costumes,_Crenças_e_Tradições_II	Paris	4	0.02
Local:cidade	36581	O_Povo_Português_nos_seus_Costumes,_Crenças_e_Tradições_II	Pombal	1	0.02
Local:cidade	36581	O_Povo_Português_nos_seus_Costumes,_Crenças_e_Tradições_II	Roma	8	0.02
Local:cidade	36581	O_Povo_Português_nos_seus_Costumes,_Crenças_e_Tradições_II	Tripoli	1	0.02
Local:cidade	36581	O_Povo_Português_nos_seus_Costumes,_Crenças_e_Tradições_II	Rio=de=Janeiro	5	0.02
Local:cidade	36581	O_Povo_Português_nos_seus_Costumes,_Crenças_e_Tradições_II	Coimbra	7	0.02
Local:cidade	36581	O_Povo_Português_nos_seus_Costumes,_Crenças_e_Tradições_II	Moura	1	0.02
Local:cidade	36581	O_Povo_Português_nos_seus_Costumes,_Crenças_e_Tradições_II	Penafiel	4	0.02
Local:cidade	36581	O_Povo_Português_nos_seus_Costumes,_Crenças_e_Tradições_II	Tróia	1	0.02
Local:cidade	36581	O_Povo_Português_nos_seus_Costumes,_Crenças_e_Tradições_II	Londres	1	0.02
Local:cidade	36581	O_Povo_Português_nos_seus_Costumes,_Crenças_e_Tradições_II	Santiago	1	0.02
Local:cidade	36581	O_Povo_Português_nos_seus_Costumes,_Crenças_e_Tradições_II	Tunes	1	0.02
Local:cidade	36581	O_Povo_Português_nos_seus_Costumes,_Crenças_e_Tradições_II	Viseu	1	0.02
Local:cidade	36581	O_Povo_Português_nos_seus_Costumes,_Crenças_e_Tradições_II	Bragança	3	0.02
Local:cidade	36581	O_Povo_Português_nos_seus_Costumes,_Crenças_e_Tradições_II	Hamburgo	1	0.02
Local:cidade	36581	O_Povo_Português_nos_seus_Costumes,_Crenças_e_Tradições_II	Bruges	2	0.02
Local:cidade	36581	O_Povo_Português_nos_seus_Costumes,_Crenças_e_Tradições_II	Ovar	1	0.02
Local:cidade	36581	O_Povo_Português_nos_seus_Costumes,_Crenças_e_Tradições_II	Estremoz	1	0.02
Local:cidade	36581	O_Povo_Português_nos_seus_Costumes,_Crenças_e_Tradições_II	Genebra	1	0.02
Local:cidade	36581	O_Povo_Português_nos_seus_Costumes,_Crenças_e_Tradições_II	Huesca	1	0.02
Local:cidade	36581	O_Povo_Português_nos_seus_Costumes,_Crenças_e_Tradições_II	Ancona	1	0.02
Local:cidade	36581	O_Povo_Português_nos_seus_Costumes,_Crenças_e_Tradições_II	Palermo	1	0.02
Local:cidade	36581	O_Povo_Português_nos_seus_Costumes,_Crenças_e_Tradições_II	Chaves	1	0.02
Local:cidade	36581	O_Povo_Português_nos_seus_Costumes,_Crenças_e_Tradições_II	Viena=de=Áustria	2	0.02
Local:cidade	36581	O_Povo_Português_nos_seus_Costumes,_Crenças_e_Tradições_II	Bombaim	1	0.02
Local:cidade	36581	O_Povo_Português_nos_seus_Costumes,_Crenças_e_Tradições_II	Çaragoça	1	0.02
Local:cidade	36581	O_Povo_Português_nos_seus_Costumes,_Crenças_e_Tradições_II	Bagdad	2	0.02
Local:cidade	36581	O_Povo_Português_nos_seus_Costumes,_Crenças_e_Tradições_III	Katha	1	0.02
Local:cidade	36581	O_Povo_Português_nos_seus_Costumes,_Crenças_e_Tradições_III	Vicenze	1	0.02
Local:cidade	36581	O_Povo_Português_nos_seus_Costumes,_Crenças_e_Tradições_III	Salzburg	1	0.02
Local:cidade	36581	O_Povo_Português_nos_seus_Costumes,_Crenças_e_Tradições_III	Porto	21	0.02
Local:cidade	36581	O_Povo_Português_nos_seus_Costumes,_Crenças_e_Tradições_III	Lisboa	44	0.02
Local:cidade	36581	O_Povo_Português_nos_seus_Costumes,_Crenças_e_Tradições_III	Paris	4	0.02
Local:cidade	36581	O_Povo_Português_nos_seus_Costumes,_Crenças_e_Tradições_III	Pombal	1	0.02
Local:cidade	36581	O_Povo_Português_nos_seus_Costumes,_Crenças_e_Tradições_III	Roma	8	0.02
Local:cidade	36581	O_Povo_Português_nos_seus_Costumes,_Crenças_e_Tradições_III	Tripoli	1	0.02
Local:cidade	36581	O_Povo_Português_nos_seus_Costumes,_Crenças_e_Tradições_III	Coimbra	7	0.02
Local:cidade	36581	O_Povo_Português_nos_seus_Costumes,_Crenças_e_Tradições_III	Rio=de=Janeiro	5	0.02
Local:cidade	36581	O_Povo_Português_nos_seus_Costumes,_Crenças_e_Tradições_III	Moura	1	0.02
Local:cidade	36581	O_Povo_Português_nos_seus_Costumes,_Crenças_e_Tradições_III	Penafiel	4	0.02
Local:cidade	36581	O_Povo_Português_nos_seus_Costumes,_Crenças_e_Tradições_III	Tróia	1	0.02
Local:cidade	36581	O_Povo_Português_nos_seus_Costumes,_Crenças_e_Tradições_III	Londres	1	0.02
Local:cidade	36581	O_Povo_Português_nos_seus_Costumes,_Crenças_e_Tradições_III	Santiago	1	0.02
Local:cidade	36581	O_Povo_Português_nos_seus_Costumes,_Crenças_e_Tradições_III	Tunes	1	0.02
Local:cidade	36581	O_Povo_Português_nos_seus_Costumes,_Crenças_e_Tradições_III	Viseu	1	0.02
Local:cidade	36581	O_Povo_Português_nos_seus_Costumes,_Crenças_e_Tradições_III	Bragança	3	0.02
Local:cidade	36581	O_Povo_Português_nos_seus_Costumes,_Crenças_e_Tradições_III	Hamburgo	1	0.02
Local:cidade	36581	O_Povo_Português_nos_seus_Costumes,_Crenças_e_Tradições_III	Bruges	2	0.02
Local:cidade	36581	O_Povo_Português_nos_seus_Costumes,_Crenças_e_Tradições_III	Ovar	1	0.02
Local:cidade	36581	O_Povo_Português_nos_seus_Costumes,_Crenças_e_Tradições_III	Estremoz	1	0.02
Local:cidade	36581	O_Povo_Português_nos_seus_Costumes,_Crenças_e_Tradições_III	Genebra	1	0.02
Local:cidade	36581	O_Povo_Português_nos_seus_Costumes,_Crenças_e_Tradições_III	Huesca	1	0.02
Local:cidade	36581	O_Povo_Português_nos_seus_Costumes,_Crenças_e_Tradições_III	Palermo	1	0.02
Local:cidade	36581	O_Povo_Português_nos_seus_Costumes,_Crenças_e_Tradições_III	Ancona	1	0.02
Local:cidade	36581	O_Povo_Português_nos_seus_Costumes,_Crenças_e_Tradições_III	Chaves	1	0.02
Local:cidade	36581	O_Povo_Português_nos_seus_Costumes,_Crenças_e_Tradições_III	Viena=de=Áustria	2	0.02
Local:cidade	36581	O_Povo_Português_nos_seus_Costumes,_Crenças_e_Tradições_III	Bombaim	1	0.02
Local:cidade	36581	O_Povo_Português_nos_seus_Costumes,_Crenças_e_Tradições_III	Çaragoça	1	0.02
Local:cidade	36581	O_Povo_Português_nos_seus_Costumes,_Crenças_e_Tradições_III	Bagdad	2	0.02
Local:cidade	36581	O_Primo_Basílio	Seixal	1	0.02
Local:cidade	36581	O_Primo_Basílio	Lisboa	61	0.02
Local:cidade	36581	O_Primo_Basílio	Porto	13	0.02
Local:cidade	36581	O_Primo_Basílio	Paris	35	0.02
Local:cidade	36581	O_Primo_Basílio	Roma	4	0.02
Local:cidade	36581	O_Primo_Basílio	Málaga	1	0.02
Local:cidade	36581	O_Primo_Basílio	Espinho	1	0.02
Local:cidade	36581	O_Primo_Basílio	Coimbra	2	0.02
Local:cidade	36581	O_Primo_Basílio	Veneza	1	0.02
Local:cidade	36581	O_Primo_Basílio	Tróia	1	0.02
Local:cidade	36581	O_Primo_Basílio	Madrid	4	0.02
Local:cidade	36581	O_Primo_Basílio	Londres	3	0.02
Local:cidade	36581	O_Primo_Basílio	Santiago	1	0.02
Local:cidade	36581	O_Primo_Basílio	Dio	1	0.02
Local:cidade	36581	O_Primo_Basílio	Bragança	1	0.02
Local:cidade	36581	O_Primo_Basílio	Constantinopla	3	0.02
Local:cidade	36581	O_Primo_Basílio	Buenos=Aires	2	0.02
Local:cidade	36581	O_Primo_Basílio	Bordéus	5	0.02
Local:cidade	36581	O_Primo_Basílio	Bagdade	1	0.02
Local:cidade	36581	O_Primo_Basílio	Loures	1	0.02
Local:cidade	36581	O_Primo_Basílio	Vichy	1	0.02
Local:cidade	36581	O_Primo_Basílio	Nice	1	0.02
Local:cidade	36581	O_Primo_Basílio	Nova=Orleães	1	0.02
Local:cidade	36581	O_Pároco_de_Aldeia	Londres	3	0.02
Local:cidade	36581	O_Pároco_de_Aldeia	Paris	1	0.02
Local:cidade	36581	O_Pároco_de_Aldeia	Lisboa	11	0.02
Local:cidade	36581	O_Pároco_de_Aldeia	Porto	1	0.02
Local:cidade	36581	O_Pároco_de_Aldeia	Roma	1	0.02
Local:cidade	36581	O_Pároco_de_Aldeia	Babilónia	1	0.02
Local:cidade	36581	O_Pároco_de_Aldeia	Manchester	2	0.02
Local:cidade	36581	O_Que_Fazem_Mulheres	Bragança	1	0.02
Local:cidade	36581	O_Que_Fazem_Mulheres	Roma	2	0.02
Local:cidade	36581	O_Que_Fazem_Mulheres	Mênfis	1	0.02
Local:cidade	36581	O_Que_Fazem_Mulheres	Porto	19	0.02
Local:cidade	36581	O_Que_Fazem_Mulheres	Paris	2	0.02
Local:cidade	36581	O_Que_Fazem_Mulheres	Rio=de=Janeiro	2	0.02
Local:cidade	36581	O_Que_Fazem_Mulheres	Veneza	1	0.02
Local:cidade	36581	O_Que_Fazem_Mulheres	Fafe	1	0.02
Local:cidade	36581	O_Retrato_de_Ricardina	Viseu	23	0.02
Local:cidade	36581	O_Retrato_de_Ricardina	Roma	5	0.02
Local:cidade	36581	O_Retrato_de_Ricardina	Lisboa	20	0.02
Local:cidade	36581	O_Retrato_de_Ricardina	Porto	6	0.02
Local:cidade	36581	O_Retrato_de_Ricardina	Pombal	1	0.02
Local:cidade	36581	O_Retrato_de_Ricardina	Rio=de=Janeiro	1	0.02
Local:cidade	36581	O_Retrato_de_Ricardina	Coimbra	40	0.02
Local:cidade	36581	O_Retrato_de_Ricardina	Espinho	12	0.02
Local:cidade	36581	O_Retrato_de_Ricardina	Potosi	1	0.02
Local:cidade	36581	O_Retrato_de_Ricardina	Oviedo	3	0.02
Local:cidade	36581	O_Retrato_de_Ricardina	Vila=Real	2	0.02
Local:cidade	36581	O_Retrato_de_Ricardina	Chaves	2	0.02
Local:cidade	36581	O_Retrato_de_Ricardina	Vila=Nova=de=Gaia	2	0.02
Local:cidade	36581	O_Romance_da_Rainha_Mercedes	Pariz	2	0.02
Local:cidade	36581	O_Romance_da_Rainha_Mercedes	Ceuta	1	0.02
Local:cidade	36581	O_Romance_da_Rainha_Mercedes	Cintra	1	0.02
Local:cidade	36581	O_Romance_da_Rainha_Mercedes	Roma	2	0.02
Local:cidade	36581	O_Romance_da_Rainha_Mercedes	Lisboa	2	0.02
Local:cidade	36581	O_Romance_da_Rainha_Mercedes	Paris	2	0.02
Local:cidade	36581	O_Salústio_Nogueira	Cintra	8	0.02
Local:cidade	36581	O_Salústio_Nogueira	Santarém	1	0.02
Local:cidade	36581	O_Salústio_Nogueira	Bragança	1	0.02
Local:cidade	36581	O_Salústio_Nogueira	Moura	1	0.02
Local:cidade	36581	O_Salústio_Nogueira	Londres	4	0.02
Local:cidade	36581	O_Salústio_Nogueira	Paris	21	0.02
Local:cidade	36581	O_Salústio_Nogueira	Pombal	2	0.02
Local:cidade	36581	O_Salústio_Nogueira	Guimarães	6	0.02
Local:cidade	36581	O_Salústio_Nogueira	Porto	17	0.02
Local:cidade	36581	O_Salústio_Nogueira	Lisboa	73	0.02
Local:cidade	36581	O_Salústio_Nogueira	Roma	2	0.02
Local:cidade	36581	O_Salústio_Nogueira	Coimbra	8	0.02
Local:cidade	36581	O_Salústio_Nogueira	Manchester	1	0.02
Local:cidade	36581	O_Salústio_Nogueira	Jerusalem	1	0.02
Local:cidade	36581	O_Salústio_Nogueira	Chaves	4	0.02
Local:cidade	36581	O_Salústio_Nogueira	Havre	1	0.02
Local:cidade	36581	O_Salústio_Nogueira	Bombaim	1	0.02
Local:cidade	36581	O_Salústio_Nogueira	Evora	1	0.02
Local:cidade	36581	O_Salústio_Nogueira	Nice	1	0.02
Local:cidade	36581	O_Salústio_Nogueira	Seul	2	0.02
Local:cidade	36581	O_Salústio_Nogueira	Loures	2	0.02
Local:cidade	36581	O_Solar_dos_Pavões	Bragança	1	0.02
Local:cidade	36581	O_Solar_dos_Pavões	Londres	2	0.02
Local:cidade	36581	O_Solar_dos_Pavões	Lisboa	11	0.02
Local:cidade	36581	O_Solar_dos_Pavões	Porto	1	0.02
Local:cidade	36581	O_Solar_dos_Pavões	Pombal	1	0.02
Local:cidade	36581	O_Solar_dos_Pavões	Paris	4	0.02
Local:cidade	36581	O_Solar_dos_Pavões	Coimbra	2	0.02
Local:cidade	36581	O_Solar_dos_Pavões	Vigo	1	0.02
Local:cidade	36581	O_Tio_João_Gil	Coimbra	7	0.02
Local:cidade	36581	O_Tio_João_Gil	Porto	3	0.02
Local:cidade	36581	O_Tio_João_Gil	Lisboa	3	0.02
Local:cidade	36581	O_Tio_João_Gil	Roma	1	0.02
Local:cidade	36581	O_Tio_João_Gil	Evora	1	0.02
Local:cidade	36581	O_agitador	Silves	1	0.02
Local:cidade	36581	O_agitador	Bragança	1	0.02
Local:cidade	36581	O_agitador	Gibraltar	1	0.02
Local:cidade	36581	O_agitador	Cintra	1	0.02
Local:cidade	36581	O_agitador	Coimbra	8	0.02
Local:cidade	36581	O_agitador	Porto	17	0.02
Local:cidade	36581	O_agitador	Lisboa	25	0.02
Local:cidade	36581	O_agitador	Paris	2	0.02
Local:cidade	36581	O_agitador	Roma	2	0.02
Local:cidade	36581	O_agitador	Lourenço=Marques	2	0.02
Local:cidade	36581	O_agitador	Tolosa	2	0.02
Local:cidade	36581	O_agitador	Vigo	1	0.02
Local:cidade	36581	O_agitador	Bombaim	1	0.02
Local:cidade	36581	O_agonizar_de_uma_dinastia	Amsterdam	1	0.02
Local:cidade	36581	O_agonizar_de_uma_dinastia	Paris	26	0.02
Local:cidade	36581	O_agonizar_de_uma_dinastia	Roma	2	0.02
Local:cidade	36581	O_agonizar_de_uma_dinastia	Londres	10	0.02
Local:cidade	36581	O_agonizar_de_uma_dinastia	Granada	1	0.02
Local:cidade	36581	O_agonizar_de_uma_dinastia	Lourenço=Marques	2	0.02
Local:cidade	36581	O_agonizar_de_uma_dinastia	Suez	1	0.02
Local:cidade	36581	O_agonizar_de_uma_dinastia	Marselha	1	0.02
Local:cidade	36581	O_agonizar_de_uma_dinastia	Southampton	2	0.02
Local:cidade	36581	O_agonizar_de_uma_dinastia	Montijo	1	0.02
Local:cidade	36581	O_agonizar_de_uma_dinastia	Durban	17	0.02
Local:cidade	36581	O_agonizar_de_uma_dinastia	Newcastle	4	0.02
Local:cidade	36581	O_agonizar_de_uma_dinastia	Biarritz	1	0.02
Local:cidade	36581	O_agonizar_de_uma_dinastia	Nice	1	0.02
Local:cidade	36581	O_casamento_da_Condessa_de_Amieira	Porto	12	0.02
Local:cidade	36581	O_casamento_da_Condessa_de_Amieira	Lisboa	10	0.02
Local:cidade	36581	O_dominó_preto	Porto	6	0.02
Local:cidade	36581	O_dominó_preto	Lisboa	8	0.02
Local:cidade	36581	O_dominó_preto	Paris	5	0.02
Local:cidade	36581	O_dominó_preto	Marselha	1	0.02
Local:cidade	36581	O_espólio_do_senhor_Cipriano	Coimbra	1	0.02
Local:cidade	36581	O_espólio_do_senhor_Cipriano	Porto	1	0.02
Local:cidade	36581	O_exilado	Alcobaça	6	0.02
Local:cidade	36581	O_exilado	Coimbra	31	0.02
Local:cidade	36581	O_exilado	Elvas	4	0.02
Local:cidade	36581	O_exilado	Roma	16	0.02
Local:cidade	36581	O_exilado	Guimarães	1	0.02
Local:cidade	36581	O_exilado	Lisboa	10	0.02
Local:cidade	36581	O_exilado	Porto	5	0.02
Local:cidade	36581	O_exilado	Toledo	28	0.02
Local:cidade	36581	O_exilado	Moura	1	0.02
Local:cidade	36581	O_exilado	Santarem	5	0.02
Local:cidade	36581	O_exilado	Jerusalem	1	0.02
Local:cidade	36581	O_exilado	Badajoz	4	0.02
Local:cidade	36581	O_exilado	Bagdad	1	0.02
Local:cidade	36581	O_frade_arrábido:_romance_histórico_do_século_XVIII	Aveiro	3	0.02
Local:cidade	36581	O_frade_arrábido:_romance_histórico_do_século_XVIII	Coimbra	1	0.02
Local:cidade	36581	O_frade_arrábido:_romance_histórico_do_século_XVIII	Roma	2	0.02
Local:cidade	36581	O_frade_arrábido:_romance_histórico_do_século_XVIII	Lisboa	17	0.02
Local:cidade	36581	O_frade_arrábido:_romance_histórico_do_século_XVIII	Porto	1	0.02
Local:cidade	36581	O_frade_arrábido:_romance_histórico_do_século_XVIII	Pombal	4	0.02
Local:cidade	36581	O_frade_arrábido:_romance_histórico_do_século_XVIII	Peniche	1	0.02
Local:cidade	36581	O_frade_arrábido:_romance_histórico_do_século_XVIII	Chaves	1	0.02
Local:cidade	36581	O_futuro_à_janela	Rio=de=Janeiro	3	0.02
Local:cidade	36581	O_futuro_à_janela	Roma	1	0.02
Local:cidade	36581	O_futuro_à_janela	Paris	7	0.02
Local:cidade	36581	O_futuro_à_janela	Porto	1	0.02
Local:cidade	36581	O_futuro_à_janela	Lisboa	4	0.02
Local:cidade	36581	O_futuro_à_janela	Londres	1	0.02
Local:cidade	36581	O_futuro_à_janela	Moscovo	1	0.02
Local:cidade	36581	O_juramento_da_condessa_Ester	Bragança	1	0.02
Local:cidade	36581	O_juramento_da_condessa_Ester	Gibraltar	1	0.02
Local:cidade	36581	O_juramento_da_condessa_Ester	Lisboa	10	0.02
Local:cidade	36581	O_juramento_da_condessa_Ester	Paris	2	0.02
Local:cidade	36581	O_juramento_da_condessa_Ester	Veneza	1	0.02
Local:cidade	36581	O_juramento_da_condessa_Ester	Badajoz	2	0.02
Local:cidade	36581	O_mundo_no_ano_3000	Gibraltar	1	0.02
Local:cidade	36581	O_mundo_no_ano_3000	Coimbra	2	0.02
Local:cidade	36581	O_mundo_no_ano_3000	Roma	3	0.02
Local:cidade	36581	O_mundo_no_ano_3000	Lisboa	10	0.02
Local:cidade	36581	O_mundo_no_ano_3000	Paris	15	0.02
Local:cidade	36581	O_mundo_no_ano_3000	Pombal	1	0.02
Local:cidade	36581	O_mundo_no_ano_3000	Londres	1	0.02
Local:cidade	36581	O_mundo_no_ano_3000	Évora	2	0.02
Local:cidade	36581	O_mundo_no_ano_3000	Veneza	1	0.02
Local:cidade	36581	O_médico_do_deserto	Lisboa	1	0.02
Local:cidade	36581	O_médico_do_deserto	Paris	16	0.02
Local:cidade	36581	O_médico_do_deserto	Roma	3	0.02
Local:cidade	36581	O_médico_do_deserto	Veneza	1	0.02
Local:cidade	36581	O_médico_do_deserto	Londres	3	0.02
Local:cidade	36581	O_médico_do_deserto	Jerusalem	17	0.02
Local:cidade	36581	O_médico_do_deserto	Moscou	1	0.02
Local:cidade	36581	O_olho_de_vidro:_romance_histórico	Amsterdam	3	0.02
Local:cidade	36581	O_olho_de_vidro:_romance_histórico	Bragança	14	0.02
Local:cidade	36581	O_olho_de_vidro:_romance_histórico	Aveiro	24	0.02
Local:cidade	36581	O_olho_de_vidro:_romance_histórico	Castelo=Branco	2	0.02
Local:cidade	36581	O_olho_de_vidro:_romance_histórico	Coimbra	41	0.02
Local:cidade	36581	O_olho_de_vidro:_romance_histórico	Pombal	1	0.02
Local:cidade	36581	O_olho_de_vidro:_romance_histórico	Paris	7	0.02
Local:cidade	36581	O_olho_de_vidro:_romance_histórico	Porto	13	0.02
Local:cidade	36581	O_olho_de_vidro:_romance_histórico	Lisboa	31	0.02
Local:cidade	36581	O_olho_de_vidro:_romance_histórico	Roma	8	0.02
Local:cidade	36581	O_olho_de_vidro:_romance_histórico	Londres	3	0.02
Local:cidade	36581	O_olho_de_vidro:_romance_histórico	Granada	1	0.02
Local:cidade	36581	O_olho_de_vidro:_romance_histórico	Marselha	9	0.02
Local:cidade	36581	O_olho_de_vidro:_romance_histórico	Chaves	1	0.02
Local:cidade	36581	O_olho_de_vidro:_romance_histórico	Valhadolid	1	0.02
Local:cidade	36581	O_olho_de_vidro:_romance_histórico	Mirandela	1	0.02
Local:cidade	36581	O_olho_de_vidro:_romance_histórico	Evora	1	0.02
Local:cidade	36581	O_piolho_viajante:_Viagens_em_mil_e_uma_carapuças	Aveiro	1	0.02
Local:cidade	36581	O_piolho_viajante:_Viagens_em_mil_e_uma_carapuças	London	1	0.02
Local:cidade	36581	O_piolho_viajante:_Viagens_em_mil_e_uma_carapuças	Coimbra	1	0.02
Local:cidade	36581	O_piolho_viajante:_Viagens_em_mil_e_uma_carapuças	Roma	4	0.02
Local:cidade	36581	O_piolho_viajante:_Viagens_em_mil_e_uma_carapuças	Porto	2	0.02
Local:cidade	36581	O_piolho_viajante:_Viagens_em_mil_e_uma_carapuças	Lisboa	7	0.02
Local:cidade	36581	O_piolho_viajante:_Viagens_em_mil_e_uma_carapuças	Paris	1	0.02
Local:cidade	36581	O_piolho_viajante:_Viagens_em_mil_e_uma_carapuças	Guimarães	1	0.02
Local:cidade	36581	O_piolho_viajante:_Viagens_em_mil_e_uma_carapuças	Évora	1	0.02
Local:cidade	36581	O_selo_da_roda	Coimbra	1	0.02
Local:cidade	36581	O_selo_da_roda	Porto	10	0.02
Local:cidade	36581	O_selo_da_roda	Lisboa	2	0.02
Local:cidade	36581	O_selo_da_roda	Londres	3	0.02
Local:cidade	36581	O_selo_da_roda	Dublin	1	0.02
Local:cidade	36581	O_sineiro_de_Santa-Agatha	Beja	1	0.02
Local:cidade	36581	O_soldado_de_Aljubarrota	Cidade=de=Evora	3	0.02
Local:cidade	36581	O_soldado_de_Aljubarrota	Alcobaça	18	0.02
Local:cidade	36581	O_soldado_de_Aljubarrota	Ceuta	35	0.02
Local:cidade	36581	O_soldado_de_Aljubarrota	Odivelas	1	0.02
Local:cidade	36581	O_soldado_de_Aljubarrota	Coimbra	2	0.02
Local:cidade	36581	O_soldado_de_Aljubarrota	Fez	3	0.02
Local:cidade	36581	O_soldado_de_Aljubarrota	Roma	2	0.02
Local:cidade	36581	O_soldado_de_Aljubarrota	Guimarães	1	0.02
Local:cidade	36581	O_soldado_de_Aljubarrota	Lisboa	5	0.02
Local:cidade	36581	O_soldado_de_Aljubarrota	Leiria	4	0.02
Local:cidade	36581	O_soldado_de_Aljubarrota	Granada	9	0.02
Local:cidade	36581	O_soldado_de_Aljubarrota	Chaves	3	0.02
Local:cidade	36581	O_soldado_de_Aljubarrota	Santarem	8	0.02
Local:cidade	36581	O_soldado_de_Aljubarrota	Badajoz	8	0.02
Local:cidade	36581	O_soldado_de_Aljubarrota	Evora	6	0.02
Local:cidade	36581	O_soldado_de_Aljubarrota	Harfleur	2	0.02
Local:cidade	36581	O_trovador_da_infanta	Valladolid	12	0.02
Local:cidade	36581	O_trovador_da_infanta	Santarém	1	0.02
Local:cidade	36581	O_trovador_da_infanta	Bragança	5	0.02
Local:cidade	36581	O_trovador_da_infanta	Dabul	1	0.02
Local:cidade	36581	O_trovador_da_infanta	Cintra	54	0.02
Local:cidade	36581	O_trovador_da_infanta	Póvoa	3	0.02
Local:cidade	36581	O_trovador_da_infanta	Coimbra	3	0.02
Local:cidade	36581	O_trovador_da_infanta	Roma	5	0.02
Local:cidade	36581	O_trovador_da_infanta	Lisboa	56	0.02
Local:cidade	36581	O_trovador_da_infanta	Paris	1	0.02
Local:cidade	36581	O_trovador_da_infanta	Pombal	1	0.02
Local:cidade	36581	O_trovador_da_infanta	Granada	2	0.02
Local:cidade	36581	O_trovador_da_infanta	Toledo	3	0.02
Local:cidade	36581	O_trovador_da_infanta	Veneza	1	0.02
Local:cidade	36581	O_trovador_da_infanta	Alcácer=do=Sal	3	0.02
Local:cidade	36581	O_trovador_da_infanta	Sevilla	1	0.02
Local:cidade	36581	O_trovador_da_infanta	Çafim	9	0.02
Local:cidade	36581	O_trovador_da_infanta	Zanzibar	3	0.02
Local:cidade	36581	O_trovador_da_infanta	Evora	13	0.02
Local:cidade	36581	O_último_baile_do_sr._José_da_Cunha	Porto	1	0.02
Local:cidade	36581	O_último_cartuxo_da_Scala_Caeli_de_Évora:_Romance_histórico_(1808-1865)	Alcobaça	1	0.02
Local:cidade	36581	O_último_cartuxo_da_Scala_Caeli_de_Évora:_Romance_histórico_(1808-1865)	Bragança	2	0.02
Local:cidade	36581	O_último_cartuxo_da_Scala_Caeli_de_Évora:_Romance_histórico_(1808-1865)	Cintra	1	0.02
Local:cidade	36581	O_último_cartuxo_da_Scala_Caeli_de_Évora:_Romance_histórico_(1808-1865)	Castelo=Branco	6	0.02
Local:cidade	36581	O_último_cartuxo_da_Scala_Caeli_de_Évora:_Romance_histórico_(1808-1865)	Elvas	3	0.02
Local:cidade	36581	O_último_cartuxo_da_Scala_Caeli_de_Évora:_Romance_histórico_(1808-1865)	Coimbra	10	0.02
Local:cidade	36581	O_último_cartuxo_da_Scala_Caeli_de_Évora:_Romance_histórico_(1808-1865)	Porto	5	0.02
Local:cidade	36581	O_último_cartuxo_da_Scala_Caeli_de_Évora:_Romance_histórico_(1808-1865)	Lisboa	28	0.02
Local:cidade	36581	O_último_cartuxo_da_Scala_Caeli_de_Évora:_Romance_histórico_(1808-1865)	Roma	5	0.02
Local:cidade	36581	O_último_cartuxo_da_Scala_Caeli_de_Évora:_Romance_histórico_(1808-1865)	Lamego	1	0.02
Local:cidade	36581	O_último_cartuxo_da_Scala_Caeli_de_Évora:_Romance_histórico_(1808-1865)	Leiria	1	0.02
Local:cidade	36581	O_último_cartuxo_da_Scala_Caeli_de_Évora:_Romance_histórico_(1808-1865)	Toledo	1	0.02
Local:cidade	36581	O_último_cartuxo_da_Scala_Caeli_de_Évora:_Romance_histórico_(1808-1865)	Moura	1	0.02
Local:cidade	36581	O_último_cartuxo_da_Scala_Caeli_de_Évora:_Romance_histórico_(1808-1865)	Penafiel	1	0.02
Local:cidade	36581	O_último_cartuxo_da_Scala_Caeli_de_Évora:_Romance_histórico_(1808-1865)	Évora	34	0.02
Local:cidade	36581	O_último_cartuxo_da_Scala_Caeli_de_Évora:_Romance_histórico_(1808-1865)	Sines	1	0.02
Local:cidade	36581	O_último_cartuxo_da_Scala_Caeli_de_Évora:_Romance_histórico_(1808-1865)	Badajoz	23	0.02
Local:cidade	36581	O_último_cartuxo_da_Scala_Caeli_de_Évora:_Romance_histórico_(1808-1865)	Valbom	1	0.02
Local:cidade	36581	O_último_cartuxo_da_Scala_Caeli_de_Évora:_Romance_histórico_(1808-1865)	Evora	95	0.02
Local:cidade	36581	O_último_cartuxo_da_Scala_Caeli_de_Évora:_Romance_histórico_(1808-1865)	Figueira=da=Foz	3	0.02
Local:cidade	36581	Obras_Completas_Tomo_XI	Londres	1	0.02
Local:cidade	36581	Obras_Completas_Tomo_XI	Ulisseia	2	0.02
Local:cidade	36581	Obras_Completas_Tomo_XI	Tróia	29	0.02
Local:cidade	36581	Obras_Completas_Tomo_XI	Tebas	2	0.02
Local:cidade	36581	Obras_Completas_Tomo_XI	Malaca	1	0.02
Local:cidade	36581	Obras_Completas_Tomo_XI	Rio=de=Janeiro	1	0.02
Local:cidade	36581	Obras_Completas_Tomo_XI	Lisboa	1	0.02
Local:cidade	36581	Obras_Completas_Tomo_XI	Cartago	4	0.02
Local:cidade	36581	Obras_Completas_Tomo_XI	Paris	12	0.02
Local:cidade	36581	Obras_Completas_Tomo_XI	Atenas	1	0.02
Local:cidade	36581	Obras_Completas_Tomo_XI	Roma	49	0.02
Local:cidade	36581	Obras_Completas_Tomo_XI	Génova	1	0.02
Local:cidade	36581	Obras_Completas_Tomo_XI	Babilónia	1	0.02
Local:cidade	36581	Obras_Completas_Tomo_XI	Viena	1	0.02
Local:cidade	36581	Obras_Completas_Tomo_XI	Marselha	1	0.02
Local:cidade	36581	Obras_Completas_Tomo_XI	Bordéus	2	0.02
Local:cidade	36581	Obras_Completas_Tomo_XI	Lu	1	0.02
Local:cidade	36581	Obras_Tomo_IX	Londres	4	0.02
Local:cidade	36581	Obras_Tomo_IX	Moura	1	0.02
Local:cidade	36581	Obras_Tomo_IX	Haia	1	0.02
Local:cidade	36581	Obras_Tomo_IX	Alexandria	1	0.02
Local:cidade	36581	Obras_Tomo_IX	Tróia	3	0.02
Local:cidade	36581	Obras_Tomo_IX	Tebas	1	0.02
Local:cidade	36581	Obras_Tomo_IX	Coimbra	8	0.02
Local:cidade	36581	Obras_Tomo_IX	Mênfis	5	0.02
Local:cidade	36581	Obras_Tomo_IX	Lisboa	9	0.02
Local:cidade	36581	Obras_Tomo_IX	Diu	2	0.02
Local:cidade	36581	Obras_Tomo_IX	Paris	13	0.02
Local:cidade	36581	Obras_Tomo_IX	Roma	32	0.02
Local:cidade	36581	Obras_Tomo_IX	Atenas	4	0.02
Local:cidade	36581	Obras_Tomo_IX	Génova	1	0.02
Local:cidade	36581	Obras_Tomo_IX	Babilónia	45	0.02
Local:cidade	36581	Obras_Tomo_IX	Constantinopla	1	0.02
Local:cidade	36581	Obras_Tomo_IX	Petersburgo	4	0.02
Local:cidade	36581	Obras_Tomo_IX	Utica	1	0.02
Local:cidade	36581	Obras_Tomo_IX	Meca	1	0.02
Local:cidade	36581	Obras_Tomo_IX	Marselha	8	0.02
Local:cidade	36581	Obras_Tomo_IX	Gouveia	2	0.02
Local:cidade	36581	Obras_Tomo_IX	Oviedo	4	0.02
Local:cidade	36581	Obras_Tomo_IX	Pequim	1	0.02
Local:cidade	36581	Obras_Tomo_IX	Arzila	1	0.02
Local:cidade	36581	Obras_Tomo_IX	S.=Petersburgo	4	0.02
Local:cidade	36581	Obras_Tomo_IX	Edimburgo	2	0.02
Local:cidade	36581	Obras_Tomo_IX	Toulon	1	0.02
Local:cidade	36581	Obras_Vol._I	Meca	1	0.02
Local:cidade	36581	Obras_Vol._I	Bragança	1	0.02
Local:cidade	36581	Obras_Vol._I	Buenos=Aires	2	0.02
Local:cidade	36581	Obras_Vol._I	Lisboa	8	0.02
Local:cidade	36581	Obras_Vol._I	Porto	1	0.02
Local:cidade	36581	Obras_Vol._I	Atenas	2	0.02
Local:cidade	36581	Obras_Vol._I	Ulisseia	1	0.02
Local:cidade	36581	Obras_Vol._I	Tróia	1	0.02
Local:cidade	36581	Obras_Vol._I	Londres	2	0.02
Local:cidade	36581	Obras_Vol._I	Amesterdão	1	0.02
Local:cidade	36581	Obras_Vol._I	Cidade=de=Lisboa	2	0.02
Local:cidade	36581	Obras_Vol._II	Delfos	3	0.02
Local:cidade	36581	Obras_Vol._II	Viena	1	0.02
Local:cidade	36581	Obras_Vol._II	Paris	5	0.02
Local:cidade	36581	Obras_Vol._II	Lisboa	3	0.02
Local:cidade	36581	Obras_Vol._II	Atenas	3	0.02
Local:cidade	36581	Obras_Vol._II	Tripoli	1	0.02
Local:cidade	36581	Obras_Vol._II	Tebas	42	0.02
Local:cidade	36581	Obras_Vol._II	Coimbra	1	0.02
Local:cidade	36581	Obras_Vol._II	Ulisseia	1	0.02
Local:cidade	36581	Obras_Vol._II	Tróia	11	0.02
Local:cidade	36581	Obras_Vol._II	Tiro	1	0.02
Local:cidade	36581	Obras_Vol._II	Cidade=de=Tebas	2	0.02
Local:cidade	36581	Odes	Pafos	1	0.02
Local:cidade	36581	Odes	Bizâncio	1	0.02
Local:cidade	36581	Odes	Ceuta	1	0.02
Local:cidade	36581	Odes	Nantes	1	0.02
Local:cidade	36581	Odes	Cartago	2	0.02
Local:cidade	36581	Odes	Paris	1	0.02
Local:cidade	36581	Odes	Lisboa	5	0.02
Local:cidade	36581	Odes	Roma	6	0.02
Local:cidade	36581	Odes	Tróia	4	0.02
Local:cidade	36581	Odes	Arzila	1	0.02
Local:cidade	36581	Odes	Larache	1	0.02
Local:cidade	36581	Odes_(MMBB)	Cartago	1	0.02
Local:cidade	36581	Odes_(MMBB)	Porto	1	0.02
Local:cidade	36581	Odes_(MMBB)	Roma	1	0.02
Local:cidade	36581	Odes_(MMBB)	Atenas	3	0.02
Local:cidade	36581	Odes_(MMBB)	Ulisseia	1	0.02
Local:cidade	36581	Odes_Modernas	Potosi	1	0.02
Local:cidade	36581	Odes_Modernas	Coimbra	1	0.02
Local:cidade	36581	Odes_Modernas	Babilónia	2	0.02
Local:cidade	36581	Onde_Esta_a_Felicidade	Viseu	2	0.02
Local:cidade	36581	Onde_Esta_a_Felicidade	Bruxelas	1	0.02
Local:cidade	36581	Onde_Esta_a_Felicidade	Roma	2	0.02
Local:cidade	36581	Onde_Esta_a_Felicidade	Lisboa	21	0.02
Local:cidade	36581	Onde_Esta_a_Felicidade	Porto	48	0.02
Local:cidade	36581	Onde_Esta_a_Felicidade	Paris	2	0.02
Local:cidade	36581	Onde_Esta_a_Felicidade	Coimbra	1	0.02
Local:cidade	36581	Onde_Esta_a_Felicidade	Veneza	1	0.02
Local:cidade	36581	Onde_Esta_a_Felicidade	Madrid	3	0.02
Local:cidade	36581	Onde_Esta_a_Felicidade	Londres	10	0.02
Local:cidade	36581	Onde_Esta_a_Felicidade	Chaves	1	0.02
Local:cidade	36581	Onde_Esta_a_Felicidade	Vila=Nova=de=Gaia	2	0.02
Local:cidade	36581	Onde_Esta_a_Felicidade	Leicester	2	0.02
Local:cidade	36581	Onde_Esta_a_Felicidade	Vigo	1	0.02
Local:cidade	36581	Orações	Cartago	1	0.02
Local:cidade	36581	Orações	Lisboa	11	0.02
Local:cidade	36581	Orações	Roma	6	0.02
Local:cidade	36581	Orações	Atenas	1	0.02
Local:cidade	36581	Orações	Veneza	1	0.02
Local:cidade	36581	Orações	Tróia	2	0.02
Local:cidade	36581	Origens_Poéticas_do_Cristianismo	Augsburg	1	0.02
Local:cidade	36581	Origens_Poéticas_do_Cristianismo	Mathura	4	0.02
Local:cidade	36581	Origens_Poéticas_do_Cristianismo	Heliopolis	1	0.02
Local:cidade	36581	Origens_Poéticas_do_Cristianismo	Porto	6	0.02
Local:cidade	36581	Origens_Poéticas_do_Cristianismo	Lisboa	3	0.02
Local:cidade	36581	Origens_Poéticas_do_Cristianismo	Roma	41	0.02
Local:cidade	36581	Origens_Poéticas_do_Cristianismo	Atenas	2	0.02
Local:cidade	36581	Origens_Poéticas_do_Cristianismo	Coimbra	1	0.02
Local:cidade	36581	Origens_Poéticas_do_Cristianismo	Alexandria	9	0.02
Local:cidade	36581	Origens_Poéticas_do_Cristianismo	Londres	1	0.02
Local:cidade	36581	Origens_Poéticas_do_Cristianismo	Berlim	1	0.02
Local:cidade	36581	Origens_Poéticas_do_Cristianismo	Dio	3	0.02
Local:cidade	36581	Origens_Poéticas_do_Cristianismo	London	1	0.02
Local:cidade	36581	Origens_Poéticas_do_Cristianismo	Pafos	1	0.02
Local:cidade	36581	Origens_Poéticas_do_Cristianismo	Bragança	3	0.02
Local:cidade	36581	Origens_Poéticas_do_Cristianismo	Siracusa	1	0.02
Local:cidade	36581	Origens_Poéticas_do_Cristianismo	Génova	1	0.02
Local:cidade	36581	Origens_Poéticas_do_Cristianismo	Babilónia	4	0.02
Local:cidade	36581	Origens_Poéticas_do_Cristianismo	Susa	1	0.02
Local:cidade	36581	Origens_Poéticas_do_Cristianismo	Antioquia	1	0.02
Local:cidade	36581	Origens_Poéticas_do_Cristianismo	Éfeso	1	0.02
Local:cidade	36581	Os_Bravos_do_Mindelo	Alcobaça	1	0.02
Local:cidade	36581	Os_Bravos_do_Mindelo	Odivelas	2	0.02
Local:cidade	36581	Os_Bravos_do_Mindelo	Coimbra	4	0.02
Local:cidade	36581	Os_Bravos_do_Mindelo	Pombal	4	0.02
Local:cidade	36581	Os_Bravos_do_Mindelo	Lisboa	29	0.02
Local:cidade	36581	Os_Bravos_do_Mindelo	Porto	9	0.02
Local:cidade	36581	Os_Bravos_do_Mindelo	Cadiz	1	0.02
Local:cidade	36581	Os_Bravos_do_Mindelo	Beja	1	0.02
Local:cidade	36581	Os_Bravos_do_Mindelo	Chaves	1	0.02
Local:cidade	36581	Os_Bravos_do_Mindelo	Santarem	1	0.02
Local:cidade	36581	Os_Bravos_do_Mindelo	Caldas=da=Rainha	3	0.02
Local:cidade	36581	Os_Bravos_do_Mindelo	Evora	2	0.02
Local:cidade	36581	Os_Brilhantes_do_Brasileiro	Lisboa	11	0.02
Local:cidade	36581	Os_Brilhantes_do_Brasileiro	Porto	48	0.02
Local:cidade	36581	Os_Brilhantes_do_Brasileiro	Paris	11	0.02
Local:cidade	36581	Os_Brilhantes_do_Brasileiro	Coimbra	1	0.02
Local:cidade	36581	Os_Brilhantes_do_Brasileiro	Rio=de=Janeiro	3	0.02
Local:cidade	36581	Os_Brilhantes_do_Brasileiro	Bordéus	1	0.02
Local:cidade	36581	Os_Brilhantes_do_Brasileiro	Chaves	8	0.02
Local:cidade	36581	Os_Brilhantes_do_Brasileiro	Petrópolis	2	0.02
Local:cidade	36581	Os_Brâmanes	Paris	1	0.02
Local:cidade	36581	Os_Brâmanes	Roma	1	0.02
Local:cidade	36581	Os_Brâmanes	Londres	16	0.02
Local:cidade	36581	Os_Brâmanes	Jerusalem	3	0.02
Local:cidade	36581	Os_Brâmanes	S.=Petersburgo	2	0.02
Local:cidade	36581	Os_Brâmanes	Bombaim	1	0.02
Local:cidade	36581	Os_Brâmanes	Golconda	1	0.02
Local:cidade	36581	Os_Brâmanes	Dublin	1	0.02
Local:cidade	36581	Os_Brâmanes	Calcutá	1	0.02
Local:cidade	36581	Os_Brâmanes	Fizabad	32	0.02
Local:cidade	36581	Os_Canibais	Coimbra	1	0.02
Local:cidade	36581	Os_Canibais	Elvas	1	0.02
Local:cidade	36581	Os_Canibais	Roma	2	0.02
Local:cidade	36581	Os_Canibais	Lisboa	1	0.02
Local:cidade	36581	Os_Canibais	Porto	1	0.02
Local:cidade	36581	Os_Canibais	Lamego	1	0.02
Local:cidade	36581	Os_Caramurús:_romance_histórico_da_descoberta_e_independência_do_Brasil	Grenoble	2	0.02
Local:cidade	36581	Os_Caramurús:_romance_histórico_da_descoberta_e_independência_do_Brasil	Ceuta	1	0.02
Local:cidade	36581	Os_Caramurús:_romance_histórico_da_descoberta_e_independência_do_Brasil	Aveiro	1	0.02
Local:cidade	36581	Os_Caramurús:_romance_histórico_da_descoberta_e_independência_do_Brasil	Castelo=Branco	2	0.02
Local:cidade	36581	Os_Caramurús:_romance_histórico_da_descoberta_e_independência_do_Brasil	Coimbra	1	0.02
Local:cidade	36581	Os_Caramurús:_romance_histórico_da_descoberta_e_independência_do_Brasil	Rio=de=Janeiro	33	0.02
Local:cidade	36581	Os_Caramurús:_romance_histórico_da_descoberta_e_independência_do_Brasil	Roma	4	0.02
Local:cidade	36581	Os_Caramurús:_romance_histórico_da_descoberta_e_independência_do_Brasil	Pombal	5	0.02
Local:cidade	36581	Os_Caramurús:_romance_histórico_da_descoberta_e_independência_do_Brasil	Paris	21	0.02
Local:cidade	36581	Os_Caramurús:_romance_histórico_da_descoberta_e_independência_do_Brasil	Porto	3	0.02
Local:cidade	36581	Os_Caramurús:_romance_histórico_da_descoberta_e_independência_do_Brasil	Lisboa	42	0.02
Local:cidade	36581	Os_Caramurús:_romance_histórico_da_descoberta_e_independência_do_Brasil	Beja	1	0.02
Local:cidade	36581	Os_Caramurús:_romance_histórico_da_descoberta_e_independência_do_Brasil	Cadiz	1	0.02
Local:cidade	36581	Os_Caramurús:_romance_histórico_da_descoberta_e_independência_do_Brasil	Moura	1	0.02
Local:cidade	36581	Os_Caramurús:_romance_histórico_da_descoberta_e_independência_do_Brasil	Veneza	1	0.02
Local:cidade	36581	Os_Caramurús:_romance_histórico_da_descoberta_e_independência_do_Brasil	Lille	3	0.02
Local:cidade	36581	Os_Caramurús:_romance_histórico_da_descoberta_e_independência_do_Brasil	Marselha	3	0.02
Local:cidade	36581	Os_Caramurús:_romance_histórico_da_descoberta_e_independência_do_Brasil	Montevideu	1	0.02
Local:cidade	36581	Os_Caramurús:_romance_histórico_da_descoberta_e_independência_do_Brasil	Caldas=da=Rainha	3	0.02
Local:cidade	36581	Os_Caramurús:_romance_histórico_da_descoberta_e_independência_do_Brasil	Havre	1	0.02
Local:cidade	36581	Os_Cravos	Lisboa	2	0.02
Local:cidade	36581	Os_Estrangeiros	Roma	5	0.02
Local:cidade	36581	Os_Estrangeiros	Paris	1	0.02
Local:cidade	36581	Os_Estrangeiros	Ravena	1	0.02
Local:cidade	36581	Os_Estrangeiros	Palermo	19	0.02
Local:cidade	36581	Os_Fidalgos_da_Casa_Mourisca	Coimbra	4	0.02
Local:cidade	36581	Os_Fidalgos_da_Casa_Mourisca	Porto	18	0.02
Local:cidade	36581	Os_Fidalgos_da_Casa_Mourisca	Lisboa	44	0.02
Local:cidade	36581	Os_Fidalgos_da_Casa_Mourisca	Londres	1	0.02
Local:cidade	36581	Os_Fidalgos_da_Casa_Mourisca	Berlim	2	0.02
Local:cidade	36581	Os_Fidalgos_da_Casa_Mourisca	Viena	3	0.02
Local:cidade	36581	Os_Lusíadas	Cidade=de=Dabul	2	0.02
Local:cidade	36581	Os_Lusíadas	Hierosólima	4	0.02
Local:cidade	36581	Os_Lusíadas	Coimbra	2	0.02
Local:cidade	36581	Os_Lusíadas	Malaca	3	0.02
Local:cidade	36581	Os_Lusíadas	Atenas	3	0.02
Local:cidade	36581	Os_Lusíadas	Roma	13	0.02
Local:cidade	36581	Os_Lusíadas	Gnido	1	0.02
Local:cidade	36581	Os_Lusíadas	Lisboa	9	0.02
Local:cidade	36581	Os_Lusíadas	Mênfis	1	0.02
Local:cidade	36581	Os_Lusíadas	Cartago	1	0.02
Local:cidade	36581	Os_Lusíadas	Santiago	1	0.02
Local:cidade	36581	Os_Lusíadas	Dio	8	0.02
Local:cidade	36581	Os_Lusíadas	Londres	1	0.02
Local:cidade	36581	Os_Lusíadas	Tróia	2	0.02
Local:cidade	36581	Os_Lusíadas	Pegu	1	0.02
Local:cidade	36581	Os_Lusíadas	Ulisseia	3	0.02
Local:cidade	36581	Os_Lusíadas	Moura	2	0.02
Local:cidade	36581	Os_Lusíadas	Veneza	2	0.02
Local:cidade	36581	Os_Lusíadas	Silves	4	0.02
Local:cidade	36581	Os_Lusíadas	Canúsio	1	0.02
Local:cidade	36581	Os_Lusíadas	Meca	4	0.02
Local:cidade	36581	Os_Lusíadas	Dabul	1	0.02
Local:cidade	36581	Os_Lusíadas	Bizâncio	3	0.02
Local:cidade	36581	Os_Lusíadas	Pafos	1	0.02
Local:cidade	36581	Os_Lusíadas	Siracusa	1	0.02
Local:cidade	36581	Os_Lusíadas	Siquém	2	0.02
Local:cidade	36581	Os_Lusíadas	Suez	2	0.02
Local:cidade	36581	Os_Lusíadas	Cananor	3	0.02
Local:cidade	36581	Os_Lusíadas	Melinde	5	0.02
Local:cidade	36581	Os_Lusíadas	Cranganor	1	0.02
Local:cidade	36581	Os_Lusíadas	Singapura	1	0.02
Local:cidade	36581	Os_Lusíadas	Calecu	8	0.02
Local:cidade	36581	Os_Maias	Oxford	1	0.02
Local:cidade	36581	Os_Maias	Odivelas	1	0.02
Local:cidade	36581	Os_Maias	Bragança	8	0.02
Local:cidade	36581	Os_Maias	Alcobaça	1	0.02
Local:cidade	36581	Os_Maias	Plymouth	1	0.02
Local:cidade	36581	Os_Maias	Hamburgo	2	0.02
Local:cidade	36581	Os_Maias	Viena	8	0.02
Local:cidade	36581	Os_Maias	São=Petersburgo	2	0.02
Local:cidade	36581	Os_Maias	Génova	4	0.02
Local:cidade	36581	Os_Maias	Babilónia	3	0.02
Local:cidade	36581	Os_Maias	Porto	44	0.02
Local:cidade	36581	Os_Maias	Lisboa	192	0.02
Local:cidade	36581	Os_Maias	Paris	112	0.02
Local:cidade	36581	Os_Maias	Roma	5	0.02
Local:cidade	36581	Os_Maias	Atenas	2	0.02
Local:cidade	36581	Os_Maias	Málaga	1	0.02
Local:cidade	36581	Os_Maias	Rio=de=Janeiro	3	0.02
Local:cidade	36581	Os_Maias	Coimbra	23	0.02
Local:cidade	36581	Os_Maias	Veneza	1	0.02
Local:cidade	36581	Os_Maias	Penafiel	6	0.02
Local:cidade	36581	Os_Maias	Haia	2	0.02
Local:cidade	36581	Os_Maias	Tróia	2	0.02
Local:cidade	36581	Os_Maias	Londres	40	0.02
Local:cidade	36581	Os_Maias	Berlim	2	0.02
Local:cidade	36581	Os_Maias	Madrid	9	0.02
Local:cidade	36581	Os_Maias	Arrás	1	0.02
Local:cidade	36581	Os_Maias	Viena=de=Áustria	4	0.02
Local:cidade	36581	Os_Maias	Marco=de=Canaveses	4	0.02
Local:cidade	36581	Os_Maias	Pequim	2	0.02
Local:cidade	36581	Os_Maias	Bordéus	10	0.02
Local:cidade	36581	Os_Maias	Bagdade	1	0.02
Local:cidade	36581	Os_Maias	Marselha	1	0.02
Local:cidade	36581	Os_Maias	Southampton	3	0.02
Local:cidade	36581	Os_Maias	Liverpool	1	0.02
Local:cidade	36581	Os_Maias	Tondela	1	0.02
Local:cidade	36581	Os_Maias	Lu	2	0.02
Local:cidade	36581	Os_Maias	Orléans	3	0.02
Local:cidade	36581	Os_Maias	Fontainebleau	11	0.02
Local:cidade	36581	Os_Maias	Estrasburgo	1	0.02
Local:cidade	36581	Os_Maias	Moscovo	1	0.02
Local:cidade	36581	Os_Maias	Calcutá	1	0.02
Local:cidade	36581	Os_Maias	Bordeaux	2	0.02
Local:cidade	36581	Os_Maias	Vichy	1	0.02
Local:cidade	36581	Os_Maias	Delft	1	0.02
Local:cidade	36581	Os_Maias	Nice	2	0.02
Local:cidade	36581	Os_Maias	Khiva	1	0.02
Local:cidade	36581	Os_Maias	Carlsruhe	1	0.02
Local:cidade	36581	Os_Maias	Nova=Orleães	3	0.02
Local:cidade	36581	Os_Maias	Upsala	1	0.02
Local:cidade	36581	Os_Maias	Brighton	1	0.02
Local:cidade	36581	Os_Maias	Heidelberga	2	0.02
Local:cidade	36581	Os_Pescadores	Seixal	1	0.02
Local:cidade	36581	Os_Pescadores	Espinho	4	0.02
Local:cidade	36581	Os_Pescadores	Lisboa	17	0.02
Local:cidade	36581	Os_Pescadores	Porto	7	0.02
Local:cidade	36581	Os_Pescadores	Vila=do=Conde	2	0.02
Local:cidade	36581	Os_Pescadores	Londres	1	0.02
Local:cidade	36581	Os_Pescadores	Almeria	1	0.02
Local:cidade	36581	Os_Pescadores	Alcobaça	1	0.02
Local:cidade	36581	Os_Pescadores	Tavira	7	0.02
Local:cidade	36581	Os_Pescadores	Meca	1	0.02
Local:cidade	36581	Os_Pescadores	Ílhavo	7	0.02
Local:cidade	36581	Os_Pescadores	Castelo=Branco	2	0.02
Local:cidade	36581	Os_Pescadores	Ovar	5	0.02
Local:cidade	36581	Os_Pescadores	Póvoa=de=Varzim	6	0.02
Local:cidade	36581	Os_Pescadores	Marselha	1	0.02
Local:cidade	36581	Os_Pescadores	Vila=Real	2	0.02
Local:cidade	36581	Os_Pescadores	Larache	1	0.02
Local:cidade	36581	Os_Pescadores	Albufeira	1	0.02
Local:cidade	36581	Os_Pescadores	Portimão	1	0.02
Local:cidade	36581	Os_Pescadores	Peniche	11	0.02
Local:cidade	36581	Os_Pescadores	Sines	2	0.02
Local:cidade	36581	Os_Pescadores	Vigo	2	0.02
Local:cidade	36581	Os_Pescadores	Valbom	1	0.02
Local:cidade	36581	Os_Vilancicos	Viena	3	0.02
Local:cidade	36581	Os_Vilancicos	Lisboa	29	0.02
Local:cidade	36581	Os_Vilancicos	Porto	1	0.02
Local:cidade	36581	Os_Vilancicos	Coimbra	5	0.02
Local:cidade	36581	Os_Vilancicos	Santiago	1	0.02
Local:cidade	36581	Os_Vilancicos	Evora	4	0.02
Local:cidade	36581	Os_Vilancicos	Plasencia	1	0.02
Local:cidade	36581	Os_Vilhalpandos	Tunes	1	0.02
Local:cidade	36581	Os_Vilhalpandos	Roma	27	0.02
Local:cidade	36581	Os_Vilhalpandos	Diu	1	0.02
Local:cidade	36581	Os_Vilhalpandos	Paris	1	0.02
Local:cidade	36581	Os_Vilhalpandos	Santiago	1	0.02
Local:cidade	36581	Os_Vilhalpandos	Bordéus	1	0.02
Local:cidade	36581	Os_anéis_ou_inconvenientes_de_amar_às_escuras	Porto	5	0.02
Local:cidade	36581	Os_filhos_de_Inês_de_Castro	Alcobaça	1	0.02
Local:cidade	36581	Os_filhos_de_Inês_de_Castro	Bragança	2	0.02
Local:cidade	36581	Os_filhos_de_Inês_de_Castro	Santarém	9	0.02
Local:cidade	36581	Os_filhos_de_Inês_de_Castro	Cintra	1	0.02
Local:cidade	36581	Os_filhos_de_Inês_de_Castro	Elvas	3	0.02
Local:cidade	36581	Os_filhos_de_Inês_de_Castro	Coimbra	18	0.02
Local:cidade	36581	Os_filhos_de_Inês_de_Castro	Guimarães	2	0.02
Local:cidade	36581	Os_filhos_de_Inês_de_Castro	Lisboa	46	0.02
Local:cidade	36581	Os_filhos_de_Inês_de_Castro	Porto	1	0.02
Local:cidade	36581	Os_filhos_de_Inês_de_Castro	Roma	2	0.02
Local:cidade	36581	Os_filhos_de_Inês_de_Castro	Cadiz	2	0.02
Local:cidade	36581	Os_filhos_de_Inês_de_Castro	Granada	3	0.02
Local:cidade	36581	Os_filhos_de_Inês_de_Castro	Évora	1	0.02
Local:cidade	36581	Os_filhos_de_Inês_de_Castro	Peniche	1	0.02
Local:cidade	36581	Os_filhos_de_Inês_de_Castro	Chaves	1	0.02
Local:cidade	36581	Os_filhos_de_Inês_de_Castro	Santarem	8	0.02
Local:cidade	36581	Os_filhos_de_Inês_de_Castro	Badajoz	1	0.02
Local:cidade	36581	Os_filhos_de_Inês_de_Castro	Lugo	1	0.02
Local:cidade	36581	Os_filhos_de_Inês_de_Castro	Murcia	1	0.02
Local:cidade	36581	Os_filhos_de_Inês_de_Castro	Evora	1	0.02
Local:cidade	36581	Os_filhos_do_padre_Anselmo	Paris=de=França	3	0.02
Local:cidade	36581	Os_filhos_do_padre_Anselmo	Pariz	2	0.02
Local:cidade	36581	Os_filhos_do_padre_Anselmo	Porto	61	0.02
Local:cidade	36581	Os_filhos_do_padre_Anselmo	Lisboa	25	0.02
Local:cidade	36581	Os_filhos_do_padre_Anselmo	Paris	11	0.02
Local:cidade	36581	Os_filhos_do_padre_Anselmo	Guimarães	7	0.02
Local:cidade	36581	Os_filhos_do_padre_Anselmo	Coimbra	2	0.02
Local:cidade	36581	Os_filhos_do_padre_Anselmo	Cadiz	2	0.02
Local:cidade	36581	Os_filhos_do_padre_Anselmo	Londres	1	0.02
Local:cidade	36581	Os_heróis_de_novela	Coimbra	1	0.02
Local:cidade	36581	Os_heróis_de_novela	Cartago	1	0.02
Local:cidade	36581	Os_heróis_de_novela	Roma	1	0.02
Local:cidade	36581	Os_miseráveis_da_aristocracia	Pariz	1	0.02
Local:cidade	36581	Os_miseráveis_da_aristocracia	Alcobaça	2	0.02
Local:cidade	36581	Os_miseráveis_da_aristocracia	Cintra	2	0.02
Local:cidade	36581	Os_miseráveis_da_aristocracia	Rio=de=Janeiro	6	0.02
Local:cidade	36581	Os_miseráveis_da_aristocracia	Porto	5	0.02
Local:cidade	36581	Os_miseráveis_da_aristocracia	Lisboa	26	0.02
Local:cidade	36581	Os_miseráveis_da_aristocracia	Veneza	1	0.02
Local:cidade	36581	Os_miseráveis_da_aristocracia	Montevideu	3	0.02
Local:cidade	36581	Os_novelos_da_tia_Filomela	Porto	2	0.02
Local:cidade	36581	Os_novelos_da_tia_Filomela	Paris	3	0.02
Local:cidade	36581	Os_quatro_reis_impostores	Dunquerque	2	0.02
Local:cidade	36581	Os_quatro_reis_impostores	Plymouth	3	0.02
Local:cidade	36581	Os_quatro_reis_impostores	Valladolid	7	0.02
Local:cidade	36581	Os_quatro_reis_impostores	Alcobaça	25	0.02
Local:cidade	36581	Os_quatro_reis_impostores	Ceuta	3	0.02
Local:cidade	36581	Os_quatro_reis_impostores	Bragança	1	0.02
Local:cidade	36581	Os_quatro_reis_impostores	Aveiro	3	0.02
Local:cidade	36581	Os_quatro_reis_impostores	Odivelas	1	0.02
Local:cidade	36581	Os_quatro_reis_impostores	Pádua	1	0.02
Local:cidade	36581	Os_quatro_reis_impostores	Mazagão	1	0.02
Local:cidade	36581	Os_quatro_reis_impostores	Cintra	11	0.02
Local:cidade	36581	Os_quatro_reis_impostores	Castelo=Branco	2	0.02
Local:cidade	36581	Os_quatro_reis_impostores	Coimbra	4	0.02
Local:cidade	36581	Os_quatro_reis_impostores	Verona	1	0.02
Local:cidade	36581	Os_quatro_reis_impostores	Fez	3	0.02
Local:cidade	36581	Os_quatro_reis_impostores	Roma	14	0.02
Local:cidade	36581	Os_quatro_reis_impostores	Guimarães	1	0.02
Local:cidade	36581	Os_quatro_reis_impostores	Paris	23	0.02
Local:cidade	36581	Os_quatro_reis_impostores	Lisboa	134	0.02
Local:cidade	36581	Os_quatro_reis_impostores	Porto	15	0.02
Local:cidade	36581	Os_quatro_reis_impostores	Beja	1	0.02
Local:cidade	36581	Os_quatro_reis_impostores	Leiria	1	0.02
Local:cidade	36581	Os_quatro_reis_impostores	Cadiz	6	0.02
Local:cidade	36581	Os_quatro_reis_impostores	Toledo	8	0.02
Local:cidade	36581	Os_quatro_reis_impostores	Londres	5	0.02
Local:cidade	36581	Os_quatro_reis_impostores	Moura	1	0.02
Local:cidade	36581	Os_quatro_reis_impostores	Veneza	34	0.02
Local:cidade	36581	Os_quatro_reis_impostores	Peniche	1	0.02
Local:cidade	36581	Os_quatro_reis_impostores	Marselha	2	0.02
Local:cidade	36581	Os_quatro_reis_impostores	Santarem	6	0.02
Local:cidade	36581	Os_quatro_reis_impostores	Larache	11	0.02
Local:cidade	36581	Os_quatro_reis_impostores	Arzila	2	0.02
Local:cidade	36581	Os_quatro_reis_impostores	Jerusalem	3	0.02
Local:cidade	36581	Os_quatro_reis_impostores	Badajoz	1	0.02
Local:cidade	36581	Os_selvagens	Santarém	34	0.02
Local:cidade	36581	Os_selvagens	Aveiro	3	0.02
Local:cidade	36581	Os_selvagens	Coimbra	1	0.02
Local:cidade	36581	Os_selvagens	Paris	4	0.02
Local:cidade	36581	Os_selvagens	Roma	1	0.02
Local:cidade	36581	Os_tripeiros:_Crónica_do_século_XIV	Lisboa	20	0.02
Local:cidade	36581	Os_tripeiros:_Crónica_do_século_XIV	Porto	20	0.02
Local:cidade	36581	Os_tripeiros:_Crónica_do_século_XIV	Pombal	1	0.02
Local:cidade	36581	Os_tripeiros:_Crónica_do_século_XIV	Coimbra	6	0.02
Local:cidade	36581	Os_tripeiros:_Crónica_do_século_XIV	Évora	1	0.02
Local:cidade	36581	Os_tripeiros:_Crónica_do_século_XIV	Veneza	1	0.02
Local:cidade	36581	Os_tripeiros:_Crónica_do_século_XIV	Toledo	2	0.02
Local:cidade	36581	Os_tripeiros:_Crónica_do_século_XIV	Granada	2	0.02
Local:cidade	36581	Os_tripeiros:_Crónica_do_século_XIV	Santiago	7	0.02
Local:cidade	36581	Os_tripeiros:_Crónica_do_século_XIV	Londres	1	0.02
Local:cidade	36581	Os_tripeiros:_Crónica_do_século_XIV	Santarém	1	0.02
Local:cidade	36581	Os_tripeiros:_Crónica_do_século_XIV	Viena	1	0.02
Local:cidade	36581	Outros_Textos	Diu	2	0.02
Local:cidade	36581	Paisagens_da_China_e_do_Japão	Paris	1	0.02
Local:cidade	36581	Paisagens_da_China_e_do_Japão	Cantão	1	0.02
Local:cidade	36581	Paisagens_da_China_e_do_Japão	Xangai	1	0.02
Local:cidade	36581	Pedro,_o_Cru	Coimbra	25	0.02
Local:cidade	36581	Pedro,_o_Cru	Roma	2	0.02
Local:cidade	36581	Pedro,_o_Cru	Alcobaça	21	0.02
Local:cidade	36581	Pedro,_o_Cru	Bragança	1	0.02
Local:cidade	36581	Pequeno_drama_na_aldeia	Gibraltar	1	0.02
Local:cidade	36581	Pequeno_drama_na_aldeia	Lisboa	2	0.02
Local:cidade	36581	Pequeno_drama_na_aldeia	Beja	6	0.02
Local:cidade	36581	Peregrinação	Londres	1	0.02
Local:cidade	36581	Peregrinação	Santiago	6	0.02
Local:cidade	36581	Peregrinação	Dio	1	0.02
Local:cidade	36581	Peregrinação	Euora	1	0.02
Local:cidade	36581	Peregrinação	Moura	2	0.02
Local:cidade	36581	Peregrinação	Veneza	2	0.02
Local:cidade	36581	Peregrinação	Pegu	1	0.02
Local:cidade	36581	Peregrinação	Malaca	177	0.02
Local:cidade	36581	Peregrinação	Lisboa	13	0.02
Local:cidade	36581	Peregrinação	Paris	1	0.02
Local:cidade	36581	Peregrinação	Diu	18	0.02
Local:cidade	36581	Peregrinação	Roma	4	0.02
Local:cidade	36581	Peregrinação	Constantinopla	2	0.02
Local:cidade	36581	Peregrinação	Dabul	4	0.02
Local:cidade	36581	Peregrinação	Meca	19	0.02
Local:cidade	36581	Peregrinação	Larache	1	0.02
Local:cidade	36581	Peregrinação	Lião	1	0.02
Local:cidade	36581	Peregrinação	Nanquim	36	0.02
Local:cidade	36581	Peregrinação	Pequim	43	0.02
Local:cidade	36581	Peregrinação	Suez	4	0.02
Local:cidade	36581	Peregrinação	Melinde	1	0.02
Local:cidade	36581	Peregrinação	Cantão	15	0.02
Local:cidade	36581	Peregrinação	Pégù	7	0.02
Local:cidade	36581	Peregrinação	Pauel	3	0.02
Local:cidade	36581	Peregrinação	Digum	4	0.02
Local:cidade	36581	Peregrinação	Degum	2	0.02
Local:cidade	36581	Peregrinação	Timplão	6	0.02
Local:cidade	36581	Peregrinação	Pegû	5	0.02
Local:cidade	36581	Peregrinação	Quanginau	4	0.02
Local:cidade	36581	Peregrinação	Peguu	13	0.02
Local:cidade	36581	Peregrinação	Martauão	25	0.02
Local:cidade	36581	Peregrinação	Huzamguee	5	0.02
Local:cidade	36581	Peregrinação	Huzanguee	4	0.02
Local:cidade	36581	Peregrinação	Pongor	5	0.02
Local:cidade	36581	Peregrinação	Vzanguee	3	0.02
Local:cidade	36581	Peregrinação	Lançame	6	0.02
Local:cidade	36581	Peregrinação	Cosmim	7	0.02
Local:cidade	36581	Peregrinação	Pocasser	4	0.02
Local:cidade	36581	Peregrinação	Quitiruão	6	0.02
Local:cidade	36581	Peregrinação	Liãpoo	12	0.02
Local:cidade	36581	Peregrinação	Fucheo	15	0.02
Local:cidade	36581	Peregrinação	Pegù	35	0.02
Local:cidade	36581	Peregrinação	Lugor	8	0.02
Local:cidade	36581	Peregrinação	Iapara	5	0.02
Local:cidade	36581	Peregrinação	Panaajù	6	0.02
Local:cidade	36581	Perfis_Biográficos	Bragança	1	0.02
Local:cidade	36581	Perfis_Biográficos	Viseu	2	0.02
Local:cidade	36581	Perfis_Biográficos	Bruxelas	1	0.02
Local:cidade	36581	Perfis_Biográficos	Babilónia	1	0.02
Local:cidade	36581	Perfis_Biográficos	Roma	8	0.02
Local:cidade	36581	Perfis_Biográficos	Lisboa	23	0.02
Local:cidade	36581	Perfis_Biográficos	Porto	16	0.02
Local:cidade	36581	Perfis_Biográficos	Paris	4	0.02
Local:cidade	36581	Perfis_Biográficos	Coimbra	8	0.02
Local:cidade	36581	Perfis_Biográficos	Tebas	1	0.02
Local:cidade	36581	Perfis_Biográficos	Madrid	1	0.02
Local:cidade	36581	Perfis_Biográficos	Londres	1	0.02
Local:cidade	36581	Perfis_Biográficos	Peniche	1	0.02
Local:cidade	36581	Perfis_Biográficos	Gouveia	1	0.02
Local:cidade	36581	Perfis_Biográficos	Estremoz	1	0.02
Local:cidade	36581	Perfis_Biográficos	Ávila	1	0.02
Local:cidade	36581	Perfis_Biográficos	Sevilla	1	0.02
Local:cidade	36581	Perfis_Biográficos	Viena=do=Áustria	2	0.02
Local:cidade	36581	Pero_da_Covilhã:_Episódio_Romântico_do_Século_XV	Cintra	2	0.02
Local:cidade	36581	Pero_da_Covilhã:_Episódio_Romântico_do_Século_XV	Bruges	1	0.02
Local:cidade	36581	Pero_da_Covilhã:_Episódio_Romântico_do_Século_XV	Bragança	3	0.02
Local:cidade	36581	Pero_da_Covilhã:_Episódio_Romântico_do_Século_XV	Gibraltar	1	0.02
Local:cidade	36581	Pero_da_Covilhã:_Episódio_Romântico_do_Século_XV	Viseu	1	0.02
Local:cidade	36581	Pero_da_Covilhã:_Episódio_Romântico_do_Século_XV	Valladolid	1	0.02
Local:cidade	36581	Pero_da_Covilhã:_Episódio_Romântico_do_Século_XV	Pegu	1	0.02
Local:cidade	36581	Pero_da_Covilhã:_Episódio_Romântico_do_Século_XV	Veneza	4	0.02
Local:cidade	36581	Pero_da_Covilhã:_Episódio_Romântico_do_Século_XV	Moura	1	0.02
Local:cidade	36581	Pero_da_Covilhã:_Episódio_Romântico_do_Século_XV	Granada	1	0.02
Local:cidade	36581	Pero_da_Covilhã:_Episódio_Romântico_do_Século_XV	Toledo	19	0.02
Local:cidade	36581	Pero_da_Covilhã:_Episódio_Romântico_do_Século_XV	Santiago	1	0.02
Local:cidade	36581	Pero_da_Covilhã:_Episódio_Romântico_do_Século_XV	Beja	1	0.02
Local:cidade	36581	Pero_da_Covilhã:_Episódio_Romântico_do_Século_XV	Lamego	2	0.02
Local:cidade	36581	Pero_da_Covilhã:_Episódio_Romântico_do_Século_XV	Roma	5	0.02
Local:cidade	36581	Pero_da_Covilhã:_Episódio_Romântico_do_Século_XV	Lisboa	13	0.02
Local:cidade	36581	Pero_da_Covilhã:_Episódio_Romântico_do_Século_XV	Paris	4	0.02
Local:cidade	36581	Pero_da_Covilhã:_Episódio_Romântico_do_Século_XV	Fez	1	0.02
Local:cidade	36581	Pero_da_Covilhã:_Episódio_Romântico_do_Século_XV	Lille	1	0.02
Local:cidade	36581	Pero_da_Covilhã:_Episódio_Romântico_do_Século_XV	Suez	1	0.02
Local:cidade	36581	Pero_da_Covilhã:_Episódio_Romântico_do_Século_XV	Segovia	5	0.02
Local:cidade	36581	Pero_da_Covilhã:_Episódio_Romântico_do_Século_XV	Jerusalem	2	0.02
Local:cidade	36581	Pero_da_Covilhã:_Episódio_Romântico_do_Século_XV	Miranda=do=Douro	3	0.02
Local:cidade	36581	Pero_da_Covilhã:_Episódio_Romântico_do_Século_XV	Marselha	1	0.02
Local:cidade	36581	Pero_da_Covilhã:_Episódio_Romântico_do_Século_XV	Santarem	9	0.02
Local:cidade	36581	Pero_da_Covilhã:_Episódio_Romântico_do_Século_XV	Cananor	4	0.02
Local:cidade	36581	Pero_da_Covilhã:_Episódio_Romântico_do_Século_XV	Perpignan	1	0.02
Local:cidade	36581	Pero_da_Covilhã:_Episódio_Romântico_do_Século_XV	Caldas=da=Rainha	3	0.02
Local:cidade	36581	Pero_da_Covilhã:_Episódio_Romântico_do_Século_XV	Evora	9	0.02
Local:cidade	36581	Pero_da_Covilhã:_Episódio_Romântico_do_Século_XV	Golconda	1	0.02
Local:cidade	36581	Pero_da_Covilhã:_Episódio_Romântico_do_Século_XV	Rouen	1	0.02
Local:cidade	36581	Pero_da_Covilhã:_Episódio_Romântico_do_Século_XV	Bagdad	2	0.02
Local:cidade	36581	Pero_da_Covilhã:_Episódio_Romântico_do_Século_XV	Plasencia	3	0.02
Local:cidade	36581	Pero_da_Covilhã:_Episódio_Romântico_do_Século_XV	Yambo	3	0.02
Local:cidade	36581	Poemas_Dispersos	Espinho	1	0.02
Local:cidade	36581	Poemetos	Tróia	1	0.02
Local:cidade	36581	Poesia_do_Direito	Ponte=do=Sor	1	0.02
Local:cidade	36581	Poesia_do_Direito	Laon	1	0.02
Local:cidade	36581	Poesia_do_Direito	Heliopolis	1	0.02
Local:cidade	36581	Poesia_do_Direito	Porto	4	0.02
Local:cidade	36581	Poesia_do_Direito	Cartago	3	0.02
Local:cidade	36581	Poesia_do_Direito	Diu	2	0.02
Local:cidade	36581	Poesia_do_Direito	Paris	2	0.02
Local:cidade	36581	Poesia_do_Direito	Atenas	1	0.02
Local:cidade	36581	Poesia_do_Direito	Roma	29	0.02
Local:cidade	36581	Poesia_do_Direito	Tebas	1	0.02
Local:cidade	36581	Poesia_do_Direito	Coimbra	3	0.02
Local:cidade	36581	Poesia_do_Direito	Toledo	3	0.02
Local:cidade	36581	Poesia_do_Direito	Bragança	1	0.02
Local:cidade	36581	Poesia_do_Direito	Alcobaça	1	0.02
Local:cidade	36581	Poesia_do_Direito	Babilónia	1	0.02
Local:cidade	36581	Poesia_do_Direito	Lugo	1	0.02
Local:cidade	36581	Poesia_do_Direito	Amiens	1	0.02
Local:cidade	36581	Poesia_do_Direito	Malines	1	0.02
Local:cidade	36581	Poesia_do_Direito	Châlons	1	0.02
Local:cidade	36581	Poesia_do_Direito	San=Francisco	2	0.02
Local:cidade	36581	Poesia_ou_dinheiro?	Porto	3	0.02
Local:cidade	36581	Poesia_ou_dinheiro?	Lisboa	2	0.02
Local:cidade	36581	Poesias	Malaca	1	0.02
Local:cidade	36581	Poesias	Tebas	1	0.02
Local:cidade	36581	Poesias	Coimbra	42	0.02
Local:cidade	36581	Poesias	Cartago	1	0.02
Local:cidade	36581	Poesias	Lisboa	1	0.02
Local:cidade	36581	Poesias	Porto	23	0.02
Local:cidade	36581	Poesias	Atenas	3	0.02
Local:cidade	36581	Poesias	Roma	15	0.02
Local:cidade	36581	Poesias	Toledo	1	0.02
Local:cidade	36581	Poesias	Tura	4	0.02
Local:cidade	36581	Poesias	Ceuta	1	0.02
Local:cidade	36581	Poesias	Murcia	1	0.02
Local:cidade	36581	Poesias_Completas	Paris	51	0.02
Local:cidade	36581	Poesias_Completas	Lisboa	13	0.02
Local:cidade	36581	Poesias_Completas	Veneza	1	0.02
Local:cidade	36581	Poesias_Completas	Arrás	1	0.02
Local:cidade	36581	Poesias_Dispersas	Paris	1	0.02
Local:cidade	36581	Poesias_Escolhidas	Paris	1	0.02
Local:cidade	36581	Poesias_Escolhidas	Lisboa	1	0.02
Local:cidade	36581	Poesias_Escolhidas	Atenas	4	0.02
Local:cidade	36581	Poesias_Escolhidas	Tróia	1	0.02
Local:cidade	36581	Poesias_Escolhidas	Dabul	1	0.02
Local:cidade	36581	Poesias_Escolhidas	Lião	4	0.02
Local:cidade	36581	Poesias_Escolhidas	Viena=de=Áustria	2	0.02
Local:cidade	36581	Poesias_TOMO_I	Roma	4	0.02
Local:cidade	36581	Poesias_TOMO_I	Atenas	1	0.02
Local:cidade	36581	Poesias_TOMO_I	Benguela	2	0.02
Local:cidade	36581	Poesias_TOMO_I	Lisboa	3	0.02
Local:cidade	36581	Poesias_TOMO_I	Gnido	1	0.02
Local:cidade	36581	Poesias_TOMO_I	Porto	1	0.02
Local:cidade	36581	Poesias_TOMO_I	Mênfis	2	0.02
Local:cidade	36581	Poesias_TOMO_I	Cidade=de=S.=Paulo	3	0.02
Local:cidade	36581	Poesias_TOMO_I	Paris	3	0.02
Local:cidade	36581	Poesias_TOMO_I	Pombal	1	0.02
Local:cidade	36581	Poesias_TOMO_I	Cartago	1	0.02
Local:cidade	36581	Poesias_TOMO_I	Diu	1	0.02
Local:cidade	36581	Poesias_TOMO_II	Rio=de=Janeiro	1	0.02
Local:cidade	36581	Poesias_TOMO_II	Coimbra	1	0.02
Local:cidade	36581	Poesias_TOMO_II	Cidade=de=Susa	2	0.02
Local:cidade	36581	Poesias_TOMO_II	Cidade=de=Jónia	2	0.02
Local:cidade	36581	Poesias_TOMO_II	Espinho	1	0.02
Local:cidade	36581	Poesias_TOMO_II	Roma	4	0.02
Local:cidade	36581	Poesias_TOMO_II	Lisboa	2	0.02
Local:cidade	36581	Poesias_TOMO_II	Porto	1	0.02
Local:cidade	36581	Poesias_TOMO_II	Paris	2	0.02
Local:cidade	36581	Poesias_TOMO_III	Potosi	1	0.02
Local:cidade	36581	Poesias_TOMO_III	Alexandria	1	0.02
Local:cidade	36581	Poesias_TOMO_III	Bremen	2	0.02
Local:cidade	36581	Poesias_TOMO_III	Coimbra	5	0.02
Local:cidade	36581	Poesias_TOMO_III	Tripoli	1	0.02
Local:cidade	36581	Poesias_TOMO_III	Tebas	2	0.02
Local:cidade	36581	Poesias_TOMO_III	Málaga	1	0.02
Local:cidade	36581	Poesias_TOMO_III	Verona	1	0.02
Local:cidade	36581	Poesias_TOMO_III	Malaca	2	0.02
Local:cidade	36581	Poesias_TOMO_III	Atenas	1	0.02
Local:cidade	36581	Poesias_TOMO_III	Roma	1	0.02
Local:cidade	36581	Poesias_TOMO_III	Lisboa	2	0.02
Local:cidade	36581	Poesias_TOMO_III	Gnido	1	0.02
Local:cidade	36581	Poesias_TOMO_III	Porto	2	0.02
Local:cidade	36581	Poesias_TOMO_III	Pombal	1	0.02
Local:cidade	36581	Poesias_TOMO_II_(AdJ)	Dio	1	0.02
Local:cidade	36581	Poesias_TOMO_II_(AdJ)	Tróia	5	0.02
Local:cidade	36581	Poesias_TOMO_II_(AdJ)	Penafiel	3	0.02
Local:cidade	36581	Poesias_TOMO_II_(AdJ)	Coimbra	1	0.02
Local:cidade	36581	Poesias_TOMO_II_(AdJ)	Roma	5	0.02
Local:cidade	36581	Poesias_TOMO_II_(AdJ)	Gnido	2	0.02
Local:cidade	36581	Poesias_TOMO_II_(AdJ)	Lisboa	13	0.02
Local:cidade	36581	Poesias_TOMO_II_(AdJ)	Mênfis	3	0.02
Local:cidade	36581	Poesias_TOMO_II_(AdJ)	Porto	3	0.02
Local:cidade	36581	Poesias_TOMO_II_(AdJ)	Cartago	1	0.02
Local:cidade	36581	Poesias_TOMO_IV	Tróia	5	0.02
Local:cidade	36581	Poesias_TOMO_IV	Reino=de=Pegu	1	0.02
Local:cidade	36581	Poesias_TOMO_IV	Pegu	1	0.02
Local:cidade	36581	Poesias_TOMO_IV	Alexandria	1	0.02
Local:cidade	36581	Poesias_TOMO_IV	Haia	1	0.02
Local:cidade	36581	Poesias_TOMO_IV	Coimbra	3	0.02
Local:cidade	36581	Poesias_TOMO_IV	Rio=de=Janeiro	2	0.02
Local:cidade	36581	Poesias_TOMO_IV	Roma	5	0.02
Local:cidade	36581	Poesias_TOMO_IV	Atenas	2	0.02
Local:cidade	36581	Poesias_TOMO_IV	Lisboa	9	0.02
Local:cidade	36581	Poesias_TOMO_IV	Porto	2	0.02
Local:cidade	36581	Poesias_TOMO_IV	Diu	1	0.02
Local:cidade	36581	Poesias_TOMO_I_(AdJ)	Tróia	1	0.02
Local:cidade	36581	Poesias_TOMO_I_(AdJ)	Moura	1	0.02
Local:cidade	36581	Poesias_TOMO_I_(AdJ)	Veneza	1	0.02
Local:cidade	36581	Poesias_TOMO_I_(AdJ)	Ulisseia	3	0.02
Local:cidade	36581	Poesias_TOMO_I_(AdJ)	Roma	1	0.02
Local:cidade	36581	Poesias_TOMO_I_(AdJ)	Lisboa	3	0.02
Local:cidade	36581	Poesias_TOMO_I_(AdJ)	Porto	9	0.02
Local:cidade	36581	Poesias_TOMO_I_(AdJ)	Cartago	1	0.02
Local:cidade	36581	Poesias_com_mote	Paris	1	0.02
Local:cidade	36581	Poesias_com_mote	Roma	2	0.02
Local:cidade	36581	Poesias_com_mote	Tróia	1	0.02
Local:cidade	36581	Poesias_de_Julio_Dinis	Lisboa	2	0.02
Local:cidade	36581	Poesias_de_Julio_Dinis	Istambul	1	0.02
Local:cidade	36581	Por_bom_caminho	Lisboa	6	0.02
Local:cidade	36581	Por_bom_caminho	Porto	6	0.02
Local:cidade	36581	Por_bom_caminho	Santarem	1	0.02
Local:cidade	36581	Primaveras_Românticas	Porto	1	0.02
Local:cidade	36581	Primaveras_Românticas	Coimbra	1	0.02
Local:cidade	36581	Privilégio_e_Prólogos	Lisboa	1	0.02
Local:cidade	36581	Profecias_do_Bandarra,_Sapateiro_de_Trancoso	Roma	1	0.02
Local:cidade	36581	Profecias_do_Bandarra,_Sapateiro_de_Trancoso	Porto	1	0.02
Local:cidade	36581	Profecias_do_Bandarra,_Sapateiro_de_Trancoso	Siquém	1	0.02
Local:cidade	36581	Prosas_Bárbaras	Leipzig	2	0.02
Local:cidade	36581	Prosas_Bárbaras	Sampetersburgo	1	0.02
Local:cidade	36581	Prosas_Bárbaras	Siquém	2	0.02
Local:cidade	36581	Prosas_Bárbaras	Tiberíade	7	0.02
Local:cidade	36581	Prosas_Bárbaras	Babilónia	5	0.02
Local:cidade	36581	Prosas_Bárbaras	Porto	2	0.02
Local:cidade	36581	Prosas_Bárbaras	Lisboa	44	0.02
Local:cidade	36581	Prosas_Bárbaras	Cartago	2	0.02
Local:cidade	36581	Prosas_Bárbaras	Diu	1	0.02
Local:cidade	36581	Prosas_Bárbaras	Paris	11	0.02
Local:cidade	36581	Prosas_Bárbaras	Pombal	1	0.02
Local:cidade	36581	Prosas_Bárbaras	Atenas	6	0.02
Local:cidade	36581	Prosas_Bárbaras	Roma	17	0.02
Local:cidade	36581	Prosas_Bárbaras	Verona	1	0.02
Local:cidade	36581	Prosas_Bárbaras	Coimbra	5	0.02
Local:cidade	36581	Prosas_Bárbaras	Veneza	4	0.02
Local:cidade	36581	Prosas_Bárbaras	Penafiel	1	0.02
Local:cidade	36581	Prosas_Bárbaras	Alexandria	4	0.02
Local:cidade	36581	Prosas_Bárbaras	Londres	4	0.02
Local:cidade	36581	Prosas_Bárbaras	Berlim	3	0.02
Local:cidade	36581	Prosas_Bárbaras	Worms	1	0.02
Local:cidade	36581	Prosas_Bárbaras	Tiro	1	0.02
Local:cidade	36581	Prosas_Bárbaras	Mileto	5	0.02
Local:cidade	36581	Prosas_Bárbaras	Cesareia	5	0.02
Local:cidade	36581	Prosas_Bárbaras	Síbaris	1	0.02
Local:cidade	36581	Prosas_Bárbaras	Óstia	1	0.02
Local:cidade	36581	Prosas_Bárbaras	New=York	2	0.02
Local:cidade	36581	Prosas_Bárbaras	Safed	4	0.02
Local:cidade	36581	Prosas_Dispersas	Bruxelas	1	0.02
Local:cidade	36581	Prosas_Dispersas	Viena	1	0.02
Local:cidade	36581	Prosas_Dispersas	Berna	3	0.02
Local:cidade	36581	Prosas_Dispersas	Cartago	2	0.02
Local:cidade	36581	Prosas_Dispersas	Paris	1	0.02
Local:cidade	36581	Prosas_Dispersas	Pombal	1	0.02
Local:cidade	36581	Prosas_Dispersas	Lisboa	4	0.02
Local:cidade	36581	Prosas_Dispersas	Berlim	4	0.02
Local:cidade	36581	Prosas_Dispersas	Francoforte	2	0.02
Local:cidade	36581	Providência	Plymouth	1	0.02
Local:cidade	36581	Providência	Viseu	1	0.02
Local:cidade	36581	Providência	Odivelas	1	0.02
Local:cidade	36581	Providência	Ceuta	1	0.02
Local:cidade	36581	Providência	Aveiro	5	0.02
Local:cidade	36581	Providência	Bragança	1	0.02
Local:cidade	36581	Providência	Cintra	5	0.02
Local:cidade	36581	Providência	Elvas	1	0.02
Local:cidade	36581	Providência	Rio=de=Janeiro	3	0.02
Local:cidade	36581	Providência	Coimbra	46	0.02
Local:cidade	36581	Providência	Paris	1	0.02
Local:cidade	36581	Providência	Pombal	2	0.02
Local:cidade	36581	Providência	Porto	15	0.02
Local:cidade	36581	Providência	Lisboa	27	0.02
Local:cidade	36581	Providência	Roma	1	0.02
Local:cidade	36581	Providência	Londres	2	0.02
Local:cidade	36581	Providência	Leiria	3	0.02
Local:cidade	36581	Providência	Penafiel	1	0.02
Local:cidade	36581	Providência	Peniche	1	0.02
Local:cidade	36581	Providência	Pamplona	1	0.02
Local:cidade	36581	Providência	Santarem	1	0.02
Local:cidade	36581	Providência	Chaves	1	0.02
Local:cidade	36581	Providência	Jerusalem	1	0.02
Local:cidade	36581	Providência	City	1	0.02
Local:cidade	36581	Purgatório_e_paraíso	Porto	2	0.02
Local:cidade	36581	Purgatório_e_paraíso	Lisboa	10	0.02
Local:cidade	36581	Purgatório_e_paraíso	Évora=Cidade	6	0.02
Local:cidade	36581	Pátria	Londres	1	0.02
Local:cidade	36581	Pátria	Coimbra	1	0.02
Local:cidade	36581	Pátria	Lisboa	11	0.02
Local:cidade	36581	Pátria	Porto	7	0.02
Local:cidade	36581	Pátria	Pombal	1	0.02
Local:cidade	36581	Pátria	Paris	5	0.02
Local:cidade	36581	Pátria	Cartago	1	0.02
Local:cidade	36581	Pátria	Bragança	2	0.02
Local:cidade	36581	Rapsódia_sem_dó_(maior)	Lisboa	1	0.02
Local:cidade	36581	Relato_da_Mui_Notável_Perda_do_Galeão_Grande_«S._João»	Lourenço=Marques	10	0.02
Local:cidade	36581	Romance_dum_Homem_Rico	Buenos=Aires	4	0.02
Local:cidade	36581	Romance_dum_Homem_Rico	Roma	1	0.02
Local:cidade	36581	Romance_dum_Homem_Rico	Atenas	1	0.02
Local:cidade	36581	Romance_dum_Homem_Rico	Lisboa	69	0.02
Local:cidade	36581	Romance_dum_Homem_Rico	Porto	7	0.02
Local:cidade	36581	Romance_dum_Homem_Rico	Paris	2	0.02
Local:cidade	36581	Romance_dum_Homem_Rico	Coimbra	1	0.02
Local:cidade	36581	Romance_dum_Homem_Rico	Veneza	2	0.02
Local:cidade	36581	Romance_dum_Homem_Rico	Londres	1	0.02
Local:cidade	36581	Romance_dum_Homem_Rico	Vila=do=Conde	34	0.02
Local:cidade	36581	Romance_dum_Homem_Rico	Orleães	1	0.02
Local:cidade	36581	Romance_dum_Homem_Rico	Vila=Real	4	0.02
Local:cidade	36581	Romance_dum_Homem_Rico	Montevideu	1	0.02
Local:cidade	36581	Romance_dum_Homem_Rico	Vigo	1	0.02
Local:cidade	36581	Romanceiro_(AG)	Londres	3	0.02
Local:cidade	36581	Romanceiro_(AG)	Madrid	6	0.02
Local:cidade	36581	Romanceiro_(AG)	Santiago	2	0.02
Local:cidade	36581	Romanceiro_(AG)	Alexandria	3	0.02
Local:cidade	36581	Romanceiro_(AG)	Coimbra	7	0.02
Local:cidade	36581	Romanceiro_(AG)	Paris	9	0.02
Local:cidade	36581	Romanceiro_(AG)	Lisboa	43	0.02
Local:cidade	36581	Romanceiro_(AG)	Porto	9	0.02
Local:cidade	36581	Romanceiro_(AG)	Roma	2	0.02
Local:cidade	36581	Romanceiro_(AG)	San=Tiago	6	0.02
Local:cidade	36581	Romanceiro_(AG)	Nantes	1	0.02
Local:cidade	36581	Romanceiro_(AG)	Salé	3	0.02
Local:cidade	36581	Romanceiro_(AG)	Cintra	2	0.02
Local:cidade	36581	Romanceiro_(AG)	Berna	1	0.02
Local:cidade	36581	Romanceiro_(AG)	Castelo=Branco	2	0.02
Local:cidade	36581	Romanceiro_(AG)	Hamburgo	4	0.02
Local:cidade	36581	Romanceiro_(AG)	Constantinopla	1	0.02
Local:cidade	36581	Romanceiro_(AG)	London	1	0.02
Local:cidade	36581	Romanceiro_(AG)	Ceuta	2	0.02
Local:cidade	36581	Sacrificada	Lisboa	1	0.02
Local:cidade	36581	Sacrificada	Coimbra	2	0.02
Local:cidade	36581	Sempre_amigos	Castelo=Branco	2	0.02
Local:cidade	36581	Sempre_amigos	Elvas	2	0.02
Local:cidade	36581	Sempre_amigos	Lisboa	2	0.02
Local:cidade	36581	Sempre_amigos	Paris	1	0.02
Local:cidade	36581	Sempre_amigos	Évora	2	0.02
Local:cidade	36581	Sermão_da_Glória_de_Maria,_Mãe_de_Deus	Tróia	1	0.02
Local:cidade	36581	Sermão_da_Glória_de_Maria,_Mãe_de_Deus	Lisboa	1	0.02
Local:cidade	36581	Sermão_da_Glória_de_Maria,_Mãe_de_Deus	Paris	2	0.02
Local:cidade	36581	Sermão_da_Glória_de_Maria,_Mãe_de_Deus	Roma	2	0.02
Local:cidade	36581	Sermão_da_Primeira_Dominga_do_Advento_1	Paris	1	0.02
Local:cidade	36581	Sermão_da_Primeira_Dominga_do_Advento_1	Bona	1	0.02
Local:cidade	36581	Sermão_da_Primeira_Dominga_do_Advento_2	Tróia	2	0.02
Local:cidade	36581	Sermão_da_Primeira_Dominga_do_Advento_2	Mênfis	1	0.02
Local:cidade	36581	Sermão_da_Primeira_Dominga_do_Advento_2	Cartago	1	0.02
Local:cidade	36581	Sermão_da_Primeira_Dominga_do_Advento_2	Roma	3	0.02
Local:cidade	36581	Sermão_da_Primeira_Dominga_do_Advento_2	Tebas	1	0.02
Local:cidade	36581	Sermão_da_Primeira_Dominga_do_Advento_2	Babilónia	2	0.02
Local:cidade	36581	Sermão_da_Primeira_Dominga_do_Advento_2	Constantinopla	1	0.02
Local:cidade	36581	Sermão_da_Primeira_Dominga_do_Advento_2	Bona	1	0.02
Local:cidade	36581	Sermão_da_Primeira_Dominga_do_Advento_2	Susa	2	0.02
Local:cidade	36581	Sermão_da_Quarta-feira_de_Cinza	Roma	24	0.02
Local:cidade	36581	Sermão_da_Quarta-feira_de_Cinza	Babilónia	1	0.02
Local:cidade	36581	Sermão_da_Quinta_Dominga_da_Quaresma	Veneza	1	0.02
Local:cidade	36581	Sermão_da_Quinta_Dominga_da_Quaresma	Londres	1	0.02
Local:cidade	36581	Sermão_da_Quinta_Dominga_da_Quaresma	Toledo	1	0.02
Local:cidade	36581	Sermão_da_Quinta_Dominga_da_Quaresma	Lisboa	1	0.02
Local:cidade	36581	Sermão_da_Quinta_Dominga_da_Quaresma	Paris	1	0.02
Local:cidade	36581	Sermão_da_Quinta_Dominga_da_Quaresma	Roma	1	0.02
Local:cidade	36581	Sermão_da_Quinta_Dominga_da_Quaresma	Estocolmo	1	0.02
Local:cidade	36581	Sermão_da_Quinta_Dominga_da_Quaresma	Amsterdam	1	0.02
Local:cidade	36581	Sermão_da_Quinta_Dominga_da_Quaresma	Constantinopla	1	0.02
Local:cidade	36581	Sermão_da_Quinta_Dominga_da_Quaresma	Cidade=de=São=Luís	3	0.02
Local:cidade	36581	Sermão_da_Quinta_Dominga_da_Quaresma	Viena=de=Áustria	2	0.02
Local:cidade	36581	Sermão_da_Sexagésima	Coimbra	1	0.02
Local:cidade	36581	Sermão_da_Terceira_Quarta-feira_da_Quaresma	Roma	1	0.02
Local:cidade	36581	Sermão_da_Terceira_Quarta-feira_da_Quaresma	Babilónia	1	0.02
Local:cidade	36581	Sermão_da_Terceira_Quarta-feira_da_Quaresma	Bona	2	0.02
Local:cidade	36581	Sermão_de_S._Pedro	Lisboa	1	0.02
Local:cidade	36581	Sermão_de_S._Pedro	Paris	1	0.02
Local:cidade	36581	Sermão_de_Santo_António	Santiago	1	0.02
Local:cidade	36581	Sermão_de_Santo_António	Lisboa	1	0.02
Local:cidade	36581	Sermão_de_Santo_António	Roma	1	0.02
Local:cidade	36581	Sermão_de_Santo_António	Coimbra	1	0.02
Local:cidade	36581	Sermão_de_Santo_António	Babilónia	1	0.02
Local:cidade	36581	Sermão_de_Santo_Inácio	Lisboa	2	0.02
Local:cidade	36581	Sermão_de_Santo_Inácio	Cartago	1	0.02
Local:cidade	36581	Sermão_de_Santo_Inácio	Roma	6	0.02
Local:cidade	36581	Sermão_de_Santo_Inácio	Pamplona	1	0.02
Local:cidade	36581	Sermão_do_Bom_Ladrão	Roma	2	0.02
Local:cidade	36581	Sermão_do_Mandato	Paris	1	0.02
Local:cidade	36581	Sermão_do_Mandato	Siquém	4	0.02
Local:cidade	36581	Sermão_do_Nascimento_da_Virgem_Maria	Paris	1	0.02
Local:cidade	36581	Sermão_do_Nascimento_da_Virgem_Maria	Bona	5	0.02
Local:cidade	36581	Sermão_dos_Bons_Anos	Santiago	1	0.02
Local:cidade	36581	Sermão_dos_Bons_Anos	Diu	3	0.02
Local:cidade	36581	Sermão_dos_Bons_Anos	Lisboa	1	0.02
Local:cidade	36581	Sermão_dos_Bons_Anos	Babilónia	1	0.02
Local:cidade	36581	Sermões_Maria_Rosa_Mística	Tróia	2	0.02
Local:cidade	36581	Sermões_Maria_Rosa_Mística	Atenas	3	0.02
Local:cidade	36581	Sermões_Maria_Rosa_Mística	Roma	8	0.02
Local:cidade	36581	Sermões_Maria_Rosa_Mística	Paris	6	0.02
Local:cidade	36581	Sermões_Maria_Rosa_Mística	Lisboa	10	0.02
Local:cidade	36581	Sermões_Maria_Rosa_Mística	Babilónia	1	0.02
Local:cidade	36581	Sermões_Maria_Rosa_Mística	Siquém	1	0.02
Local:cidade	36581	Sermões_Maria_Rosa_Mística	Constantinopla	3	0.02
Local:cidade	36581	Sermões_Maria_Rosa_Mística	Bona	3	0.02
Local:cidade	36581	Sermões_Maria_Rosa_Mística	Ravena	1	0.02
Local:cidade	36581	Sermões_Maria_Rosa_Mística	Orleães	1	0.02
Local:cidade	36581	Serão_inquieto	Porto	2	0.02
Local:cidade	36581	Serão_inquieto	Lisboa	1	0.02
Local:cidade	36581	Serão_inquieto	Roma	9	0.02
Local:cidade	36581	Serão_inquieto	Londres	5	0.02
Local:cidade	36581	Serão_inquieto	Granada	4	0.02
Local:cidade	36581	Serão_inquieto	Veneza	2	0.02
Local:cidade	36581	Serão_inquieto	Moscovo	1	0.02
Local:cidade	36581	Serão_inquieto	Chicago	1	0.02
Local:cidade	36581	Severina	Bragança	1	0.02
Local:cidade	36581	Severina	Gibraltar	1	0.02
Local:cidade	36581	Severina	Lisboa	2	0.02
Local:cidade	36581	Severina	Lamego	1	0.02
Local:cidade	36581	Severina	Sines	9	0.02
Local:cidade	36581	Similia_similibus	Coimbra	11	0.02
Local:cidade	36581	Similia_similibus	Porto	4	0.02
Local:cidade	36581	Sol_de_Inverno	Roma	1	0.02
Local:cidade	36581	Sombra_de_Fumo	Londres	1	0.02
Local:cidade	36581	Sombra_de_Fumo	Bonn	1	0.02
Local:cidade	36581	Sonetos	Paris	1	0.02
Local:cidade	36581	Sonetos	Coimbra	1	0.02
Local:cidade	36581	Sonetos_(CG)	Lisboa	2	0.02
Local:cidade	36581	Sonetos_(CG)	Roma	3	0.02
Local:cidade	36581	Sonetos_(CG)	Tróia	1	0.02
Local:cidade	36581	Sonetos_(MMBB)	Malaca	1	0.02
Local:cidade	36581	Sonetos_(MMBB)	Tebas	1	0.02
Local:cidade	36581	Sonetos_(MMBB)	Cartago	2	0.02
Local:cidade	36581	Sonetos_(MMBB)	Diu	1	0.02
Local:cidade	36581	Sonetos_(MMBB)	Paris	1	0.02
Local:cidade	36581	Sonetos_(MMBB)	Porto	1	0.02
Local:cidade	36581	Sonetos_(MMBB)	Lisboa	10	0.02
Local:cidade	36581	Sonetos_(MMBB)	Gnido	1	0.02
Local:cidade	36581	Sonetos_(MMBB)	Roma	7	0.02
Local:cidade	36581	Sonetos_(MMBB)	Atenas	1	0.02
Local:cidade	36581	Sonetos_(MMBB)	Londres	1	0.02
Local:cidade	36581	Sonetos_(MMBB)	Veneza	2	0.02
Local:cidade	36581	Sonetos_(MMBB)	Ulisseia	4	0.02
Local:cidade	36581	Sonetos_(MMBB)	Pafos	1	0.02
Local:cidade	36581	Sonetos_(MMBB)	Berna	1	0.02
Local:cidade	36581	Sonetos_(MMBB)	Peniche	1	0.02
Local:cidade	36581	Sucessos_de_Madama_de_Senneterre_por_ela_referidos	Londres	49	0.02
Local:cidade	36581	Sucessos_de_Madama_de_Senneterre_por_ela_referidos	Lisboa	3	0.02
Local:cidade	36581	Sucessos_de_Madama_de_Senneterre_por_ela_referidos	Paris	76	0.02
Local:cidade	36581	Sucessos_de_Madama_de_Senneterre_por_ela_referidos	Babilónia	1	0.02
Local:cidade	36581	Sucessos_de_Madama_de_Senneterre_por_ela_referidos	Hamburgo	1	0.02
Local:cidade	36581	Sucessos_de_Madama_de_Senneterre_por_ela_referidos	Amsterdam	3	0.02
Local:cidade	36581	Sucessos_de_Madama_de_Senneterre_por_ela_referidos	Bordéus	1	0.02
Local:cidade	36581	Sucessos_de_Madama_de_Senneterre_por_ela_referidos	Filadélfia	5	0.02
Local:cidade	36581	Só_(AN)	Londres	1	0.02
Local:cidade	36581	Só_(AN)	Coimbra	24	0.02
Local:cidade	36581	Só_(AN)	Paris	20	0.02
Local:cidade	36581	Só_(AN)	Porto	5	0.02
Local:cidade	36581	Só_(AN)	Roma	1	0.02
Local:cidade	36581	Só_(AN)	Hamburgo	1	0.02
Local:cidade	36581	Teatro_da_Maior_Façanha,_e_Glória_Portuguesa	Bragança	6	0.02
Local:cidade	36581	Teatro_da_Maior_Façanha,_e_Glória_Portuguesa	Lisboa	9	0.02
Local:cidade	36581	Teatro_da_Maior_Façanha,_e_Glória_Portuguesa	Roma	1	0.02
Local:cidade	36581	Teatro_da_Maior_Façanha,_e_Glória_Portuguesa	Ulisseia	6	0.02
Local:cidade	36581	Teatro_da_Maior_Façanha,_e_Glória_Portuguesa	Madrid	1	0.02
Local:cidade	36581	Teatro_da_Maior_Façanha,_e_Glória_Portuguesa	Aldeia=Galega	12	0.02
Local:cidade	36581	Teatro_da_Maior_Façanha,_e_Glória_Portuguesa	Montijo	1	0.02
Local:cidade	36581	Teatro_novo	Lisboa	3	0.02
Local:cidade	36581	Teatro_novo	Roma	1	0.02
Local:cidade	36581	Teatro_novo	Atenas	1	0.02
Local:cidade	36581	Teatro_novo	Veneza	1	0.02
Local:cidade	36581	Teatro_novo	Tróia	1	0.02
Local:cidade	36581	Tempestades_do_Coração	Gibraltar	1	0.02
Local:cidade	36581	Tempestades_do_Coração	Cintra	1	0.02
Local:cidade	36581	Tempestades_do_Coração	Coimbra	1	0.02
Local:cidade	36581	Tempestades_do_Coração	Porto	9	0.02
Local:cidade	36581	Tempestades_do_Coração	Lisboa	24	0.02
Local:cidade	36581	Tempestades_do_Coração	Veneza	1	0.02
Local:cidade	36581	Tempestades_do_Coração	Liverpool	2	0.02
Local:cidade	36581	Tesouro_Poético_da_Infância	Alexandria	1	0.02
Local:cidade	36581	Tesouro_Poético_da_Infância	Londres	2	0.02
Local:cidade	36581	Tesouro_Poético_da_Infância	Santiago	1	0.02
Local:cidade	36581	Tesouro_Poético_da_Infância	Lisboa	1	0.02
Local:cidade	36581	Textos_sobre_Camões	Ílhavo	2	0.02
Local:cidade	36581	Textos_sobre_Camões	Bragança	1	0.02
Local:cidade	36581	Textos_sobre_Camões	Ceuta	1	0.02
Local:cidade	36581	Textos_sobre_Camões	Roma	1	0.02
Local:cidade	36581	Textos_sobre_Camões	Lisboa	24	0.02
Local:cidade	36581	Textos_sobre_Camões	Porto	3	0.02
Local:cidade	36581	Textos_sobre_Camões	Coimbra	16	0.02
Local:cidade	36581	Textos_sobre_Camões	Veneza	1	0.02
Local:cidade	36581	Textos_sobre_Camões	Madrid	2	0.02
Local:cidade	36581	Tio_Simplício	Paris	1	0.02
Local:cidade	36581	Tio_Simplício	Lisboa	15	0.02
Local:cidade	36581	Tio_Simplício	Porto	4	0.02
Local:cidade	36581	Tourada_em_Família	Porto	1	0.02
Local:cidade	36581	Tourada_em_Família	Penafiel	1	0.02
Local:cidade	36581	Tragédia_Castro	Moura	2	0.02
Local:cidade	36581	Tragédia_Castro	Coimbra	4	0.02
Local:cidade	36581	Transviado	Pariz	4	0.02
Local:cidade	36581	Transviado	Aveiro	3	0.02
Local:cidade	36581	Transviado	Lisboa	54	0.02
Local:cidade	36581	Transviado	Porto	6	0.02
Local:cidade	36581	Transviado	Pombal	1	0.02
Local:cidade	36581	Transviado	Paris	16	0.02
Local:cidade	36581	Transviado	Coimbra	84	0.02
Local:cidade	36581	Transviado	Veneza	1	0.02
Local:cidade	36581	Transviado	Londres	3	0.02
Local:cidade	36581	Transviado	Leiria	1	0.02
Local:cidade	36581	Transviado	Rio=Tinto	2	0.02
Local:cidade	36581	Transviado	Chaves	1	0.02
Local:cidade	36581	Transviado	Santarem	1	0.02
Local:cidade	36581	Transviado	Caldas=da=Rainha	6	0.02
Local:cidade	36581	Transviado	Evora	1	0.02
Local:cidade	36581	Transviado	Figueira=da=Foz	3	0.02
Local:cidade	36581	Transviado	Loures	1	0.02
Local:cidade	36581	Trovas_à_morte_de_Inês_de_Castro	Coimbra	2	0.02
Local:cidade	36581	Um_Auto_de_Gil_Vicente	Madrid	1	0.02
Local:cidade	36581	Um_Auto_de_Gil_Vicente	Londres	1	0.02
Local:cidade	36581	Um_Auto_de_Gil_Vicente	Veneza	1	0.02
Local:cidade	36581	Um_Auto_de_Gil_Vicente	Malaca	1	0.02
Local:cidade	36581	Um_Auto_de_Gil_Vicente	Coimbra	1	0.02
Local:cidade	36581	Um_Auto_de_Gil_Vicente	Pombal	1	0.02
Local:cidade	36581	Um_Auto_de_Gil_Vicente	Paris	2	0.02
Local:cidade	36581	Um_Auto_de_Gil_Vicente	Lisboa	11	0.02
Local:cidade	36581	Um_Auto_de_Gil_Vicente	Porto	1	0.02
Local:cidade	36581	Um_Auto_de_Gil_Vicente	Roma	2	0.02
Local:cidade	36581	Um_Auto_de_Gil_Vicente	Atenas	1	0.02
Local:cidade	36581	Um_Auto_de_Gil_Vicente	Génova	1	0.02
Local:cidade	36581	Um_Auto_de_Gil_Vicente	Ceuta	1	0.02
Local:cidade	36581	Um_Homem_de_Brios	Viseu	3	0.02
Local:cidade	36581	Um_Homem_de_Brios	Viena	1	0.02
Local:cidade	36581	Um_Homem_de_Brios	Lisboa	64	0.02
Local:cidade	36581	Um_Homem_de_Brios	Porto	46	0.02
Local:cidade	36581	Um_Homem_de_Brios	Paris	2	0.02
Local:cidade	36581	Um_Homem_de_Brios	Londres	3	0.02
Local:cidade	36581	Um_Homem_de_Brios	Pequim	1	0.02
Local:cidade	36581	Um_Homem_de_Brios	S.=Pedro=do=Sul	3	0.02
Local:cidade	36581	Um_Livro	Ceuta	1	0.02
Local:cidade	36581	Um_Livro	Lisboa	3	0.02
Local:cidade	36581	Um_Livro	Porto	1	0.02
Local:cidade	36581	Um_Livro	Coimbra	2	0.02
Local:cidade	36581	Um_Livro	Aosta	1	0.02
Local:cidade	36581	Um_Livro	Fafe	2	0.02
Local:cidade	36581	Um_contemporâneo_do_Infante_D._Henrique	Alcobaça	1	0.02
Local:cidade	36581	Um_contemporâneo_do_Infante_D._Henrique	Ceuta	36	0.02
Local:cidade	36581	Um_contemporâneo_do_Infante_D._Henrique	Gibraltar	1	0.02
Local:cidade	36581	Um_contemporâneo_do_Infante_D._Henrique	London	2	0.02
Local:cidade	36581	Um_contemporâneo_do_Infante_D._Henrique	Cintra	8	0.02
Local:cidade	36581	Um_contemporâneo_do_Infante_D._Henrique	Coimbra	8	0.02
Local:cidade	36581	Um_contemporâneo_do_Infante_D._Henrique	Fez	1	0.02
Local:cidade	36581	Um_contemporâneo_do_Infante_D._Henrique	Lisboa	45	0.02
Local:cidade	36581	Um_contemporâneo_do_Infante_D._Henrique	Porto	2	0.02
Local:cidade	36581	Um_contemporâneo_do_Infante_D._Henrique	Guimarães	1	0.02
Local:cidade	36581	Um_contemporâneo_do_Infante_D._Henrique	Paris	3	0.02
Local:cidade	36581	Um_contemporâneo_do_Infante_D._Henrique	Lixboa	1	0.02
Local:cidade	36581	Um_contemporâneo_do_Infante_D._Henrique	Londres	3	0.02
Local:cidade	36581	Um_contemporâneo_do_Infante_D._Henrique	Rio=Maior	2	0.02
Local:cidade	36581	Um_contemporâneo_do_Infante_D._Henrique	Santarem	4	0.02
Local:cidade	36581	Um_contemporâneo_do_Infante_D._Henrique	Evora	4	0.02
Local:cidade	36581	Um_contemporâneo_do_Infante_D._Henrique	Rouen	1	0.02
Local:cidade	36581	Um_conto_português:_episódio_da_guerra_civil:_a_Maria_da_Fonte	Marco=de=Canavezes	3	0.02
Local:cidade	36581	Um_conto_português:_episódio_da_guerra_civil:_a_Maria_da_Fonte	Araduca	2	0.02
Local:cidade	36581	Um_conto_português:_episódio_da_guerra_civil:_a_Maria_da_Fonte	Tangere	1	0.02
Local:cidade	36581	Um_conto_português:_episódio_da_guerra_civil:_a_Maria_da_Fonte	Bragança	2	0.02
Local:cidade	36581	Um_conto_português:_episódio_da_guerra_civil:_a_Maria_da_Fonte	Tunes	1	0.02
Local:cidade	36581	Um_conto_português:_episódio_da_guerra_civil:_a_Maria_da_Fonte	Castelo=Branco	4	0.02
Local:cidade	36581	Um_conto_português:_episódio_da_guerra_civil:_a_Maria_da_Fonte	Coimbra	3	0.02
Local:cidade	36581	Um_conto_português:_episódio_da_guerra_civil:_a_Maria_da_Fonte	Roma	3	0.02
Local:cidade	36581	Um_conto_português:_episódio_da_guerra_civil:_a_Maria_da_Fonte	Porto	27	0.02
Local:cidade	36581	Um_conto_português:_episódio_da_guerra_civil:_a_Maria_da_Fonte	Lisboa	4	0.02
Local:cidade	36581	Um_conto_português:_episódio_da_guerra_civil:_a_Maria_da_Fonte	Guimarães	34	0.02
Local:cidade	36581	Um_conto_português:_episódio_da_guerra_civil:_a_Maria_da_Fonte	Santiago	1	0.02
Local:cidade	36581	Um_conto_português:_episódio_da_guerra_civil:_a_Maria_da_Fonte	Veneza	1	0.02
Local:cidade	36581	Um_conto_português:_episódio_da_guerra_civil:_a_Maria_da_Fonte	Penafiel	5	0.02
Local:cidade	36581	Um_conto_português:_episódio_da_guerra_civil:_a_Maria_da_Fonte	Jerusalem	1	0.02
Local:cidade	36581	Um_conto_português:_episódio_da_guerra_civil:_a_Maria_da_Fonte	Fafe	1	0.02
Local:cidade	36581	Um_conto_português:_episódio_da_guerra_civil:_a_Maria_da_Fonte	Evora	2	0.02
Local:cidade	36581	Um_duelo_nas_sombras,_ou_D._Francisco_Manuel_de_Melo_(1630)	Alcobaça	2	0.02
Local:cidade	36581	Um_duelo_nas_sombras,_ou_D._Francisco_Manuel_de_Melo_(1630)	Bragança	3	0.02
Local:cidade	36581	Um_duelo_nas_sombras,_ou_D._Francisco_Manuel_de_Melo_(1630)	Castelo=Branco	20	0.02
Local:cidade	36581	Um_duelo_nas_sombras,_ou_D._Francisco_Manuel_de_Melo_(1630)	Cintra	1	0.02
Local:cidade	36581	Um_duelo_nas_sombras,_ou_D._Francisco_Manuel_de_Melo_(1630)	Elvas	1	0.02
Local:cidade	36581	Um_duelo_nas_sombras,_ou_D._Francisco_Manuel_de_Melo_(1630)	Coimbra	44	0.02
Local:cidade	36581	Um_duelo_nas_sombras,_ou_D._Francisco_Manuel_de_Melo_(1630)	Guimarães	1	0.02
Local:cidade	36581	Um_duelo_nas_sombras,_ou_D._Francisco_Manuel_de_Melo_(1630)	Paris	1	0.02
Local:cidade	36581	Um_duelo_nas_sombras,_ou_D._Francisco_Manuel_de_Melo_(1630)	Porto	5	0.02
Local:cidade	36581	Um_duelo_nas_sombras,_ou_D._Francisco_Manuel_de_Melo_(1630)	Lisboa	54	0.02
Local:cidade	36581	Um_duelo_nas_sombras,_ou_D._Francisco_Manuel_de_Melo_(1630)	Roma	3	0.02
Local:cidade	36581	Um_duelo_nas_sombras,_ou_D._Francisco_Manuel_de_Melo_(1630)	Toledo	1	0.02
Local:cidade	36581	Um_duelo_nas_sombras,_ou_D._Francisco_Manuel_de_Melo_(1630)	Veneza	1	0.02
Local:cidade	36581	Um_duelo_nas_sombras,_ou_D._Francisco_Manuel_de_Melo_(1630)	Badajoz	1	0.02
Local:cidade	36581	Um_duelo_nas_sombras,_ou_D._Francisco_Manuel_de_Melo_(1630)	Evora	2	0.02
Local:cidade	36581	Um_melodrama_em_Santo_Tirso	Porto	5	0.02
Local:cidade	36581	Um_melodrama_em_Santo_Tirso	Lisboa	15	0.02
Local:cidade	36581	Um_melodrama_em_Santo_Tirso	Guimarães	1	0.02
Local:cidade	36581	Um_rei_popular	Lisboa	4	0.02
Local:cidade	36581	Um_rei_popular	Moura	1	0.02
Local:cidade	36581	Um_rei_popular	Viseu	11	0.02
Local:cidade	36581	Um_rei_popular	Arzila	2	0.02
Local:cidade	36581	Um_segredo_de_família	Lisboa	5	0.02
Local:cidade	36581	Uma_Campanha_Alegre_I	Londres	2	0.02
Local:cidade	36581	Uma_Campanha_Alegre_I	Berlim	2	0.02
Local:cidade	36581	Uma_Campanha_Alegre_I	Madrid	16	0.02
Local:cidade	36581	Uma_Campanha_Alegre_I	Dio	1	0.02
Local:cidade	36581	Uma_Campanha_Alegre_I	Tróia	1	0.02
Local:cidade	36581	Uma_Campanha_Alegre_I	Alexandria	1	0.02
Local:cidade	36581	Uma_Campanha_Alegre_I	Rio=de=Janeiro	1	0.02
Local:cidade	36581	Uma_Campanha_Alegre_I	Coimbra	3	0.02
Local:cidade	36581	Uma_Campanha_Alegre_I	Lisboa	26	0.02
Local:cidade	36581	Uma_Campanha_Alegre_I	Porto	7	0.02
Local:cidade	36581	Uma_Campanha_Alegre_I	Paris	6	0.02
Local:cidade	36581	Uma_Campanha_Alegre_I	Diu	1	0.02
Local:cidade	36581	Uma_Campanha_Alegre_I	Atenas	2	0.02
Local:cidade	36581	Uma_Campanha_Alegre_I	Roma	7	0.02
Local:cidade	36581	Uma_Campanha_Alegre_I	Babilónia	1	0.02
Local:cidade	36581	Uma_Campanha_Alegre_I	Sampetersburgo	2	0.02
Local:cidade	36581	Uma_Campanha_Alegre_I	Washington	1	0.02
Local:cidade	36581	Uma_Campanha_Alegre_I	Estocolmo	1	0.02
Local:cidade	36581	Uma_Campanha_Alegre_I	Constantinopla	3	0.02
Local:cidade	36581	Uma_Campanha_Alegre_I	Bruxelas	1	0.02
Local:cidade	36581	Uma_Campanha_Alegre_I	Silves	1	0.02
Local:cidade	36581	Uma_Campanha_Alegre_I	Viseu	1	0.02
Local:cidade	36581	Uma_Campanha_Alegre_I	Vizela	1	0.02
Local:cidade	36581	Uma_Campanha_Alegre_I	Vila=Nova=de=Gaia	2	0.02
Local:cidade	36581	Uma_Campanha_Alegre_I	Martos	1	0.02
Local:cidade	36581	Uma_Campanha_Alegre_I	Ávila	2	0.02
Local:cidade	36581	Uma_Campanha_Alegre_I	Aldeia=Galega	2	0.02
Local:cidade	36581	Uma_Campanha_Alegre_I	Marselha	1	0.02
Local:cidade	36581	Uma_Campanha_Alegre_I	Gouveia	14	0.02
Local:cidade	36581	Uma_Campanha_Alegre_I	Viena=de=Áustria	2	0.02
Local:cidade	36581	Uma_Campanha_Alegre_I	Peniche	1	0.02
Local:cidade	36581	Uma_Campanha_Alegre_I	Suez	1	0.02
Local:cidade	36581	Uma_Campanha_Alegre_I	Tondela	1	0.02
Local:cidade	36581	Uma_Campanha_Alegre_I	Caldas=da=Rainha	6	0.02
Local:cidade	36581	Uma_Campanha_Alegre_I	Montijo	1	0.02
Local:cidade	36581	Uma_Campanha_Alegre_I	Nova=Orleães	8	0.02
Local:cidade	36581	Uma_Campanha_Alegre_I	Safed	1	0.02
Local:cidade	36581	Uma_Campanha_Alegre_II	Londres	4	0.02
Local:cidade	36581	Uma_Campanha_Alegre_II	Madrid	1	0.02
Local:cidade	36581	Uma_Campanha_Alegre_II	Berlim	1	0.02
Local:cidade	36581	Uma_Campanha_Alegre_II	Vila=do=Conde	10	0.02
Local:cidade	36581	Uma_Campanha_Alegre_II	Penafiel	1	0.02
Local:cidade	36581	Uma_Campanha_Alegre_II	Espinho	1	0.02
Local:cidade	36581	Uma_Campanha_Alegre_II	Coimbra	3	0.02
Local:cidade	36581	Uma_Campanha_Alegre_II	Lisboa	40	0.02
Local:cidade	36581	Uma_Campanha_Alegre_II	Porto	42	0.02
Local:cidade	36581	Uma_Campanha_Alegre_II	Paris	10	0.02
Local:cidade	36581	Uma_Campanha_Alegre_II	Roma	3	0.02
Local:cidade	36581	Uma_Campanha_Alegre_II	Atenas	2	0.02
Local:cidade	36581	Uma_Campanha_Alegre_II	Babilónia	1	0.02
Local:cidade	36581	Uma_Campanha_Alegre_II	Viena	1	0.02
Local:cidade	36581	Uma_Campanha_Alegre_II	Ávila	1	0.02
Local:cidade	36581	Uma_Campanha_Alegre_II	Vila=Real	2	0.02
Local:cidade	36581	Uma_Campanha_Alegre_II	Bordéus	1	0.02
Local:cidade	36581	Uma_Campanha_Alegre_II	Orleães	2	0.02
Local:cidade	36581	Uma_Campanha_Alegre_II	Peniche	2	0.02
Local:cidade	36581	Uma_Eleição_Perdida	Bragança	1	0.02
Local:cidade	36581	Uma_Eleição_Perdida	Buenos=Aires	2	0.02
Local:cidade	36581	Uma_Eleição_Perdida	Lisboa	18	0.02
Local:cidade	36581	Uma_Família_Inglesa	Coimbra	1	0.02
Local:cidade	36581	Uma_Família_Inglesa	Espinho	1	0.02
Local:cidade	36581	Uma_Família_Inglesa	Porto	21	0.02
Local:cidade	36581	Uma_Família_Inglesa	Lisboa	3	0.02
Local:cidade	36581	Uma_Família_Inglesa	Paris	2	0.02
Local:cidade	36581	Uma_Família_Inglesa	Londres	35	0.02
Local:cidade	36581	Uma_Família_Inglesa	Alexandria	1	0.02
Local:cidade	36581	Uma_Família_Inglesa	Tróia	1	0.02
Local:cidade	36581	Uma_Família_Inglesa	Bragança	1	0.02
Local:cidade	36581	Uma_Família_Inglesa	Siracusa	1	0.02
Local:cidade	36581	Uma_Família_Inglesa	Pamplona	1	0.02
Local:cidade	36581	Uma_Família_Inglesa	Edimburgo	1	0.02
Local:cidade	36581	Uma_Família_Inglesa	Valbom	1	0.02
Local:cidade	36581	Uma_Família_Inglesa	Liverpool	3	0.02
Local:cidade	36581	Uma_Família_Inglesa	City	2	0.02
Local:cidade	36581	Uma_flor_de_entre_o_gelo	Lisboa	1	0.02
Local:cidade	36581	Vencido	Aveiro	1	0.02
Local:cidade	36581	Vencido	Bragança	3	0.02
Local:cidade	36581	Vencido	Castelo=Branco	4	0.02
Local:cidade	36581	Vencido	Coimbra	35	0.02
Local:cidade	36581	Vencido	Paris	2	0.02
Local:cidade	36581	Vencido	Lisboa	7	0.02
Local:cidade	36581	Vencido	Porto	9	0.02
Local:cidade	36581	Vencido	Penafiel	1	0.02
Local:cidade	36581	Vencido	Lourenço=Marques	4	0.02
Local:cidade	36581	Vencido	Chaves	1	0.02
Local:cidade	36581	Vencido	Santarem	1	0.02
Local:cidade	36581	Vencido	Bombaim	1	0.02
Local:cidade	36581	Versos	Coimbra	5	0.02
Local:cidade	36581	Versos	Tebas	1	0.02
Local:cidade	36581	Versos	Atenas	1	0.02
Local:cidade	36581	Versos	Lisboa	1	0.02
Local:cidade	36581	Versos_Tomo_I	Londres	2	0.02
Local:cidade	36581	Versos_Tomo_I	Ulisseia	4	0.02
Local:cidade	36581	Versos_Tomo_I	Veneza	1	0.02
Local:cidade	36581	Versos_Tomo_I	Haia	2	0.02
Local:cidade	36581	Versos_Tomo_I	Tróia	2	0.02
Local:cidade	36581	Versos_Tomo_I	Tebas	1	0.02
Local:cidade	36581	Versos_Tomo_I	Malaca	1	0.02
Local:cidade	36581	Versos_Tomo_I	Rio=de=Janeiro	1	0.02
Local:cidade	36581	Versos_Tomo_I	Gnido	1	0.02
Local:cidade	36581	Versos_Tomo_I	Lisboa	3	0.02
Local:cidade	36581	Versos_Tomo_I	Pombal	1	0.02
Local:cidade	36581	Versos_Tomo_I	Paris	7	0.02
Local:cidade	36581	Versos_Tomo_I	Diu	1	0.02
Local:cidade	36581	Versos_Tomo_I	Roma	10	0.02
Local:cidade	36581	Versos_Tomo_I	Berna	1	0.02
Local:cidade	36581	Versos_Tomo_I	Meca	2	0.02
Local:cidade	36581	Versos_Tomo_III	Berlim	5	0.02
Local:cidade	36581	Versos_Tomo_III	Londres	1	0.02
Local:cidade	36581	Versos_Tomo_III	Ulisseia	2	0.02
Local:cidade	36581	Versos_Tomo_III	Moura	1	0.02
Local:cidade	36581	Versos_Tomo_III	Haia	4	0.02
Local:cidade	36581	Versos_Tomo_III	Tróia	2	0.02
Local:cidade	36581	Versos_Tomo_III	Tebas	2	0.02
Local:cidade	36581	Versos_Tomo_III	Porto	1	0.02
Local:cidade	36581	Versos_Tomo_III	Gnido	1	0.02
Local:cidade	36581	Versos_Tomo_III	Lisboa	7	0.02
Local:cidade	36581	Versos_Tomo_III	Diu	3	0.02
Local:cidade	36581	Versos_Tomo_III	Cartago	1	0.02
Local:cidade	36581	Versos_Tomo_III	Paris	12	0.02
Local:cidade	36581	Versos_Tomo_III	Roma	11	0.02
Local:cidade	36581	Versos_Tomo_III	Atenas	5	0.02
Local:cidade	36581	Versos_Tomo_III	Cintra	1	0.02
Local:cidade	36581	Versos_Tomo_III	Nantes	3	0.02
Local:cidade	36581	Versos_Tomo_III	Babilónia	3	0.02
Local:cidade	36581	Versos_Tomo_III	Viena	2	0.02
Local:cidade	36581	Versos_Tomo_III	Washington	1	0.02
Local:cidade	36581	Versos_Tomo_III	Delfos	2	0.02
Local:cidade	36581	Versos_Tomo_III	Dabul	1	0.02
Local:cidade	36581	Versos_Tomo_III	Meca	1	0.02
Local:cidade	36581	Versos_Tomo_III	Pafos	1	0.02
Local:cidade	36581	Versos_Tomo_IV	Santiago	1	0.02
Local:cidade	36581	Versos_Tomo_IV	Ulisseia	3	0.02
Local:cidade	36581	Versos_Tomo_IV	Haia	2	0.02
Local:cidade	36581	Versos_Tomo_IV	Tróia	3	0.02
Local:cidade	36581	Versos_Tomo_IV	Gnido	1	0.02
Local:cidade	36581	Versos_Tomo_IV	Lisboa	2	0.02
Local:cidade	36581	Versos_Tomo_IV	Cartago	2	0.02
Local:cidade	36581	Versos_Tomo_IV	Paris	7	0.02
Local:cidade	36581	Versos_Tomo_IV	Atenas	2	0.02
Local:cidade	36581	Versos_Tomo_IV	Roma	10	0.02
Local:cidade	36581	Versos_Tomo_IV	Viena	1	0.02
Local:cidade	36581	Versos_Tomo_IV	Siracusa	1	0.02
Local:cidade	36581	Versos_Tomo_IV	Washington	1	0.02
Local:cidade	36581	Versos_Tomo_IV	Pafos	2	0.02
Local:cidade	36581	Versos_Tomo_IV	Bona	1	0.02
Local:cidade	36581	Versos_Tomo_IV	Genebra	1	0.02
Local:cidade	36581	Viagem_à_Roda_da_Parvónia	Meca	1	0.02
Local:cidade	36581	Viagem_à_Roda_da_Parvónia	Viseu	2	0.02
Local:cidade	36581	Viagem_à_Roda_da_Parvónia	Santiago=de=Compostela	2	0.02
Local:cidade	36581	Viagem_à_Roda_da_Parvónia	Bissau	1	0.02
Local:cidade	36581	Viagem_à_Roda_da_Parvónia	Póvoa=de=Varzim	2	0.02
Local:cidade	36581	Viagem_à_Roda_da_Parvónia	Babilónia	3	0.02
Local:cidade	36581	Viagem_à_Roda_da_Parvónia	Castelo=Branco	6	0.02
Local:cidade	36581	Viagem_à_Roda_da_Parvónia	Roma	2	0.02
Local:cidade	36581	Viagem_à_Roda_da_Parvónia	Cartago	1	0.02
Local:cidade	36581	Viagem_à_Roda_da_Parvónia	Paris	8	0.02
Local:cidade	36581	Viagem_à_Roda_da_Parvónia	Porto	16	0.02
Local:cidade	36581	Viagem_à_Roda_da_Parvónia	Lisboa	29	0.02
Local:cidade	36581	Viagem_à_Roda_da_Parvónia	Coimbra	2	0.02
Local:cidade	36581	Viagem_à_Roda_da_Parvónia	Espinho	1	0.02
Local:cidade	36581	Viagem_à_Roda_da_Parvónia	Londres	1	0.02
Local:cidade	36581	Viagem_à_Roda_da_Parvónia	Rio=Tinto	2	0.02
Local:cidade	36581	Viagem_à_Roda_da_Parvónia	Ávila	1	0.02
Local:cidade	36581	Viagem_à_Roda_da_Parvónia	Vila=Nova=de=Gaia	2	0.02
Local:cidade	36581	Viagem_à_Roda_da_Parvónia	Munique	1	0.02
Local:cidade	36581	Viagens_na_Minha_Terra	Londres	4	0.02
Local:cidade	36581	Viagens_na_Minha_Terra	Santiago	1	0.02
Local:cidade	36581	Viagens_na_Minha_Terra	Ulisseia	1	0.02
Local:cidade	36581	Viagens_na_Minha_Terra	Veneza	1	0.02
Local:cidade	36581	Viagens_na_Minha_Terra	Tróia	2	0.02
Local:cidade	36581	Viagens_na_Minha_Terra	Coimbra	4	0.02
Local:cidade	36581	Viagens_na_Minha_Terra	Paris	10	0.02
Local:cidade	36581	Viagens_na_Minha_Terra	Lisboa	46	0.02
Local:cidade	36581	Viagens_na_Minha_Terra	Porto	9	0.02
Local:cidade	36581	Viagens_na_Minha_Terra	Roma	3	0.02
Local:cidade	36581	Viagens_na_Minha_Terra	São=Petersburgo	2	0.02
Local:cidade	36581	Viagens_na_Minha_Terra	Bruxelas	1	0.02
Local:cidade	36581	Viagens_na_Minha_Terra	Constantinopla	1	0.02
Local:cidade	36581	Viagens_na_Minha_Terra	Meca	2	0.02
Local:cidade	36581	Viagens_na_Minha_Terra	Leipzig	1	0.02
Local:cidade	36581	Viagens_na_Minha_Terra	Ílhavo	2	0.02
Local:cidade	36581	Viagens_na_Minha_Terra	Bordéus	2	0.02
Local:cidade	36581	Viagens_na_Minha_Terra	S.=Petersburgo	2	0.02
Local:cidade	36581	Viagens_na_Minha_Terra	Moscou	1	0.02
Local:cidade	36581	Viagens_na_Minha_Terra	Nanquim	1	0.02
Local:cidade	36581	Viagens_na_Minha_Terra	Pequim	1	0.02
Local:cidade	36581	Vibrações_Líricas	Babilónia	1	0.02
Local:cidade	36581	Vibrações_Líricas	Berna	3	0.02
Local:cidade	36581	Vibrações_Líricas	Roma	1	0.02
Local:cidade	36581	Vibrações_Líricas	Porto	4	0.02
Local:cidade	36581	Vibrações_Líricas	Lisboa	5	0.02
Local:cidade	36581	Vibrações_Líricas	Coimbra	2	0.02
Local:cidade	36581	Vibrações_Líricas	Vila=do=Conde	2	0.02
Local:cidade	36581	Vibrações_Líricas	Caerleon	1	0.02
Local:cidade	36581	Vinte_Horas_de_Liteira	Bragança	1	0.02
Local:cidade	36581	Vinte_Horas_de_Liteira	Vizela	1	0.02
Local:cidade	36581	Vinte_Horas_de_Liteira	Roma	3	0.02
Local:cidade	36581	Vinte_Horas_de_Liteira	Lisboa	16	0.02
Local:cidade	36581	Vinte_Horas_de_Liteira	Porto	40	0.02
Local:cidade	36581	Vinte_Horas_de_Liteira	Paris	3	0.02
Local:cidade	36581	Vinte_Horas_de_Liteira	Coimbra	4	0.02
Local:cidade	36581	Vinte_Horas_de_Liteira	Rio=de=Janeiro	2	0.02
Local:cidade	36581	Vinte_Horas_de_Liteira	Penafiel	3	0.02
Local:cidade	36581	Vinte_Horas_de_Liteira	Madrid	2	0.02
Local:cidade	36581	Vinte_Horas_de_Liteira	Rio=Tinto	2	0.02
Local:cidade	36581	Vinte_Horas_de_Liteira	Marco=de=Canaveses	2	0.02
Local:cidade	36581	Vinte_Horas_de_Liteira	Estremoz	1	0.02
Local:cidade	36581	Vinte_Horas_de_Liteira	Vila=Real	4	0.02
Local:cidade	36581	Vinte_Horas_de_Liteira	Rio=da=Janeiro	2	0.02
Local:cidade	36581	Vinte_Horas_de_Liteira	Toulon	1	0.02
Local:cidade	36581	Viriato	Roma	12	0.02
Local:cidade	36581	Viriato	Lisboa	1	0.02
Local:cidade	36581	Viriato_(TB)	Córduba	13	0.02
Local:cidade	36581	Viriato_(TB)	Carpesso	6	0.02
Local:cidade	36581	Viriato_(TB)	Cidade=de=Roma	2	0.02
Local:cidade	36581	Viriato_(TB)	Orson	6	0.02
Local:cidade	36581	Viriato_(TB)	Vacca	4	0.02
Local:cidade	36581	Viriato_(TB)	Nova=Cartago	1	0.02
Local:cidade	36581	Viriato_(TB)	Erisane	5	0.02
Local:cidade	36581	Viriato_(TB)	Cartago	6	0.02
Local:cidade	36581	Viriato_(TB)	Roma	165	0.02
Local:cidade	36581	Viriato_(TB)	Vila=do=Conde	2	0.02
Local:cidade	36581	Viriato_(TB)	Viseu	3	0.02
Local:cidade	36581	Viriato_(TB)	Ovar	1	0.02
Local:cidade	36581	Viriato_(TB)	Gouveia	4	0.02
Local:cidade	36581	Viriato_(TB)	Toletum	19	0.02
Local:cidade	36581	Viriato_(TB)	Tarragona	2	0.02
Local:cidade	36581	Viriato_(TB)	Mirandela	1	0.02
Local:cidade	36581	Viriato_(TB)	Peniche	1	0.02
Local:cidade	36581	Viriato_(TB)	Gondomar	1	0.02
Local:cidade	36581	Vulcões_de_Lama	Roma	1	0.02
Local:cidade	36581	Vulcões_de_Lama	Lisboa	5	0.02
Local:cidade	36581	Vulcões_de_Lama	Porto	21	0.02
Local:cidade	36581	Vulcões_de_Lama	Paris	2	0.02
Local:cidade	36581	Vulcões_de_Lama	Diu	1	0.02
Local:cidade	36581	Vulcões_de_Lama	Rio=de=Janeiro	4	0.02
Local:cidade	36581	Vulcões_de_Lama	Coimbra	3	0.02
Local:cidade	36581	Vulcões_de_Lama	Espinho	10	0.02
Local:cidade	36581	Vulcões_de_Lama	Peniche	1	0.02
Local:cidade	36581	Vulcões_de_Lama	Vila=Nova=de=Gaia	4	0.02
Local:cidade	36581	Vulcões_de_Lama	Oliveira=de=Azeméis	2	0.02
Local:cidade	36581	Vulcões_de_Lama	Gondomar	1	0.02
Local:cidade	36581	e-medo	Lisboa	4	0.02
Local:cidade	36581	e-medo	Londres	1	0.02
Local:cidade	36581	mISTério@Tagus	Lisboa	10	0.02
Local:cidade	36581	mISTério@Tagus	Londres	1	0.02
Local:cidade	36581	Às_Mulheres_Portuguesas	Roma	2	0.02
Local:cidade	36581	Às_Mulheres_Portuguesas	de	1	0.02
Local:cidade	36581	Às_Mulheres_Portuguesas	Porto	1	0.02
Local:cidade	36581	Às_Mulheres_Portuguesas	Paris	1	0.02
Local:cidade	36581	Às_Mulheres_Portuguesas	Coimbra	1	0.02
Local:cidade	36581	Ósmia,_ou_a_Lusitana	Cartago	2	0.02
Local:cidade	36581	Ósmia,_ou_a_Lusitana	Lisboa	2	0.02
Local:cidade	36581	Ósmia,_ou_a_Lusitana	Roma	22	0.02
Local:cidade	36581	Últimas_Páginas	Londres	6	0.02
Local:cidade	36581	Últimas_Páginas	Berlim	1	0.02
Local:cidade	36581	Últimas_Páginas	Toledo	4	0.02
Local:cidade	36581	Últimas_Páginas	Alexandria	4	0.02
Local:cidade	36581	Últimas_Páginas	Coimbra	6	0.02
Local:cidade	36581	Últimas_Páginas	Rio=de=Janeiro	1	0.02
Local:cidade	36581	Últimas_Páginas	Lisboa	23	0.02
Local:cidade	36581	Últimas_Páginas	Porto	4	0.02
Local:cidade	36581	Últimas_Páginas	Paris	18	0.02
Local:cidade	36581	Últimas_Páginas	Roma	10	0.02
Local:cidade	36581	Últimas_Páginas	Viseu	3	0.02
Local:cidade	36581	Últimas_Páginas	Francoforte	1	0.02
Local:cidade	36581	Últimas_Páginas	Marselha	1	0.02
Local:cidade	36581	Últimas_Páginas	Bordéus	1	0.02
Local:cidade	36581	Últimas_Páginas	Orleães	1	0.02
Local:cidade	36581	Últimas_Páginas	Antioquia	1	0.02
Local:cidade	36581	Últimas_Páginas	Tondela	1	0.02
Local:cidade	36581	Últimas_Páginas	Havre	1	0.02
Local:cidade	36581	Últimas_Páginas	Mileto	1	0.02
